warning: unused variable: `tokens`
    --> tools/minimize/src/main.rs:1511:55
     |
1511 |             Meta::List(MetaList { path, delimiter: _, tokens }) => {
     |                                                       ^^^^^^ help: try ignoring the field: `tokens: _`
     |
     = note: `#[warn(unused_variables)]` on by default

warning: `minimize` (bin "minimize") generated 1 warning
    Finished `release` profile [optimized] target(s) in 1.32s
     Running `/local/abai/verus/source/target/release/minimize -d ./vreplicaset-brd-tmp /local/abai/anvil/src/vreplicaset_controller.d`
verus succeeded with time: 73574ms
minimization of ./vreplicaset-brd-tmp/0/vreplicaset_controller.rs is completed
minimization of ./vreplicaset-brd-tmp/1/external_api/mod.rs is completed
minimization of ./vreplicaset-brd-tmp/4/kubernetes_api_objects/mod.rs is completed
minimization of ./vreplicaset-brd-tmp/3/external_api/spec.rs is completed
minimization of ./vreplicaset-brd-tmp/5/kubernetes_api_objects/error.rs is completed
minimization of ./vreplicaset-brd-tmp/2/external_api/exec.rs is completed
minimization of ./vreplicaset-brd-tmp/6/kubernetes_api_objects/exec/mod.rs is completed
minimization of ./vreplicaset-brd-tmp/7/kubernetes_api_objects/exec/affinity.rs is completed
minimization of ./vreplicaset-brd-tmp/10/kubernetes_api_objects/exec/common.rs is completed
minimization of ./vreplicaset-brd-tmp/9/kubernetes_api_objects/exec/api_resource.rs is completed
minimization of ./vreplicaset-brd-tmp/8/kubernetes_api_objects/exec/api_method.rs is completed
minimization of ./vreplicaset-brd-tmp/11/kubernetes_api_objects/exec/config_map.rs is completed
minimization of ./vreplicaset-brd-tmp/12/kubernetes_api_objects/exec/container.rs is completed
minimization of ./vreplicaset-brd-tmp/13/kubernetes_api_objects/exec/daemon_set.rs is completed
minimization of ./vreplicaset-brd-tmp/14/kubernetes_api_objects/exec/dynamic.rs is completed
minimization of ./vreplicaset-brd-tmp/15/kubernetes_api_objects/exec/label_selector.rs is completed
minimization of ./vreplicaset-brd-tmp/16/kubernetes_api_objects/exec/object_meta.rs is completed
minimization of ./vreplicaset-brd-tmp/18/kubernetes_api_objects/exec/persistent_volume_claim.rs is completed
minimization of ./vreplicaset-brd-tmp/17/kubernetes_api_objects/exec/owner_reference.rs is completed
minimization of ./vreplicaset-brd-tmp/19/kubernetes_api_objects/exec/pod.rs is completed
minimization of ./vreplicaset-brd-tmp/20/kubernetes_api_objects/exec/pod_template_spec.rs is completed
minimization of ./vreplicaset-brd-tmp/21/kubernetes_api_objects/exec/preconditions.rs is completed
minimization of ./vreplicaset-brd-tmp/22/kubernetes_api_objects/exec/prelude.rs is completed
minimization of ./vreplicaset-brd-tmp/23/kubernetes_api_objects/exec/resource.rs is completed
minimization of ./vreplicaset-brd-tmp/24/kubernetes_api_objects/exec/resource_requirements.rs is completed
minimization of ./vreplicaset-brd-tmp/26/kubernetes_api_objects/exec/role_binding.rs is completed
minimization of ./vreplicaset-brd-tmp/27/kubernetes_api_objects/exec/secret.rs is completed
minimization of ./vreplicaset-brd-tmp/25/kubernetes_api_objects/exec/role.rs is completed
minimization of ./vreplicaset-brd-tmp/28/kubernetes_api_objects/exec/service.rs is completed
minimization of ./vreplicaset-brd-tmp/30/kubernetes_api_objects/exec/stateful_set.rs is completed
minimization of ./vreplicaset-brd-tmp/29/kubernetes_api_objects/exec/service_account.rs is completed
minimization of ./vreplicaset-brd-tmp/31/kubernetes_api_objects/exec/toleration.rs is completed
minimization of ./vreplicaset-brd-tmp/33/kubernetes_api_objects/exec/volume_resource_requirements.rs is completed
minimization of ./vreplicaset-brd-tmp/32/kubernetes_api_objects/exec/volume.rs is completed
minimization of ./vreplicaset-brd-tmp/34/kubernetes_api_objects/spec/mod.rs is completed
minimization of ./vreplicaset-brd-tmp/35/kubernetes_api_objects/spec/affinity.rs is completed
minimization of ./vreplicaset-brd-tmp/36/kubernetes_api_objects/spec/api_method.rs is completed
minimization of ./vreplicaset-brd-tmp/37/kubernetes_api_objects/spec/api_resource.rs is completed
minimization of ./vreplicaset-brd-tmp/38/kubernetes_api_objects/spec/common.rs is completed
minimization of ./vreplicaset-brd-tmp/41/kubernetes_api_objects/spec/daemon_set.rs is completed
minimization of ./vreplicaset-brd-tmp/39/kubernetes_api_objects/spec/config_map.rs is completed
minimization of ./vreplicaset-brd-tmp/40/kubernetes_api_objects/spec/container.rs is completed
minimization of ./vreplicaset-brd-tmp/42/kubernetes_api_objects/spec/dynamic.rs is completed
minimization of ./vreplicaset-brd-tmp/43/kubernetes_api_objects/spec/label_selector.rs is completed
minimization of ./vreplicaset-brd-tmp/44/kubernetes_api_objects/spec/object_meta.rs is completed
minimization of ./vreplicaset-brd-tmp/45/kubernetes_api_objects/spec/owner_reference.rs is completed
minimization of ./vreplicaset-brd-tmp/46/kubernetes_api_objects/spec/persistent_volume_claim.rs is completed
minimization of ./vreplicaset-brd-tmp/47/kubernetes_api_objects/spec/pod.rs is completed
minimization of ./vreplicaset-brd-tmp/48/kubernetes_api_objects/spec/pod_template_spec.rs is completed
minimization of ./vreplicaset-brd-tmp/49/kubernetes_api_objects/spec/preconditions.rs is completed
minimization of ./vreplicaset-brd-tmp/50/kubernetes_api_objects/spec/prelude.rs is completed
minimization of ./vreplicaset-brd-tmp/51/kubernetes_api_objects/spec/resource.rs is completed
minimization of ./vreplicaset-brd-tmp/52/kubernetes_api_objects/spec/resource_requirements.rs is completed
minimization of ./vreplicaset-brd-tmp/53/kubernetes_api_objects/spec/role.rs is completed
minimization of ./vreplicaset-brd-tmp/54/kubernetes_api_objects/spec/role_binding.rs is completed
minimization of ./vreplicaset-brd-tmp/55/kubernetes_api_objects/spec/secret.rs is completed
minimization of ./vreplicaset-brd-tmp/56/kubernetes_api_objects/spec/service.rs is completed
minimization of ./vreplicaset-brd-tmp/57/kubernetes_api_objects/spec/service_account.rs is completed
minimization of ./vreplicaset-brd-tmp/58/kubernetes_api_objects/spec/stateful_set.rs is completed
minimization of ./vreplicaset-brd-tmp/59/kubernetes_api_objects/spec/toleration.rs is completed
minimization of ./vreplicaset-brd-tmp/60/kubernetes_api_objects/spec/volume.rs is completed
minimization of ./vreplicaset-brd-tmp/61/kubernetes_api_objects/spec/volume_resource_requirements.rs is completed
minimization of ./vreplicaset-brd-tmp/62/kubernetes_cluster/mod.rs is completed
minimization of ./vreplicaset-brd-tmp/63/kubernetes_cluster/proof/mod.rs is completed
commenting out line Lines { lines: 139..=143 } in "./vreplicaset-brd-tmp/64/kubernetes_cluster/proof/api_server_liveness.rs"
minimization of ./vreplicaset-brd-tmp/65/kubernetes_cluster/proof/api_server_safety.rs is completed
commenting out line Lines { lines: 175..=175 } in "./vreplicaset-brd-tmp/66/kubernetes_cluster/proof/builtin_controllers.rs"
verus failed, reverting
commenting out line Lines { lines: 173..=176 } in "./vreplicaset-brd-tmp/66/kubernetes_cluster/proof/builtin_controllers.rs"
minimization of ./vreplicaset-brd-tmp/67/kubernetes_cluster/proof/cluster.rs is completed
commenting out line Lines { lines: 78..=107 } in "./vreplicaset-brd-tmp/68/kubernetes_cluster/proof/cluster_safety.rs"
minimization of ./vreplicaset-brd-tmp/69/kubernetes_cluster/proof/controller_runtime.rs is completed
minimization of ./vreplicaset-brd-tmp/70/kubernetes_cluster/proof/controller_runtime_eventual_safety.rs is completed
commenting out line Lines { lines: 350..=375 } in "./vreplicaset-brd-tmp/71/kubernetes_cluster/proof/controller_runtime_liveness.rs"
verus failed, reverting
commenting out line Lines { lines: 152..=152 } in "./vreplicaset-brd-tmp/64/kubernetes_cluster/proof/api_server_liveness.rs"
commenting out line Lines { lines: 47..=50 } in "./vreplicaset-brd-tmp/72/kubernetes_cluster/proof/controller_runtime_safety.rs"
commenting out line Lines { lines: 119..=139 } in "./vreplicaset-brd-tmp/73/kubernetes_cluster/proof/daemon_set_controller.rs"
verus failed, reverting
commenting out line Lines { lines: 220..=231 } in "./vreplicaset-brd-tmp/66/kubernetes_cluster/proof/builtin_controllers.rs"
minimization of ./vreplicaset-brd-tmp/74/kubernetes_cluster/proof/external_api_liveness.rs is completed
commenting out line Lines { lines: 40..=61 } in "./vreplicaset-brd-tmp/75/kubernetes_cluster/proof/message.rs"
verus failed, reverting
commenting out line Lines { lines: 76..=108 } in "./vreplicaset-brd-tmp/68/kubernetes_cluster/proof/cluster_safety.rs"
verus failed, reverting
commenting out line Lines { lines: 387..=387 } in "./vreplicaset-brd-tmp/71/kubernetes_cluster/proof/controller_runtime_liveness.rs"
verus failed, reverting
commenting out line Lines { lines: 149..=153 } in "./vreplicaset-brd-tmp/64/kubernetes_cluster/proof/api_server_liveness.rs"
verus failed, reverting
commenting out line Lines { lines: 173..=179 } in "./vreplicaset-brd-tmp/73/kubernetes_cluster/proof/daemon_set_controller.rs"
verus failed, reverting
minimization of ./vreplicaset-brd-tmp/72/kubernetes_cluster/proof/controller_runtime_safety.rs is completed
commenting out line Lines { lines: 168..=188 } in "./vreplicaset-brd-tmp/76/kubernetes_cluster/proof/stateful_set_controller.rs"
verus failed, reverting
commenting out line Lines { lines: 259..=280 } in "./vreplicaset-brd-tmp/66/kubernetes_cluster/proof/builtin_controllers.rs"
verus failed, reverting
commenting out line Lines { lines: 39..=62 } in "./vreplicaset-brd-tmp/75/kubernetes_cluster/proof/message.rs"
verus failed, reverting
commenting out line Lines { lines: 159..=178 } in "./vreplicaset-brd-tmp/68/kubernetes_cluster/proof/cluster_safety.rs"
verus failed, reverting
commenting out line Lines { lines: 380..=388 } in "./vreplicaset-brd-tmp/71/kubernetes_cluster/proof/controller_runtime_liveness.rs"
verus failed, reverting
verus failed, reverting
commenting out line Lines { lines: 185..=185 } in "./vreplicaset-brd-tmp/73/kubernetes_cluster/proof/daemon_set_controller.rs"
verus failed, reverting
commenting out line Lines { lines: 223..=229 } in "./vreplicaset-brd-tmp/76/kubernetes_cluster/proof/stateful_set_controller.rs"
commenting out line Lines { lines: 294..=296 } in "./vreplicaset-brd-tmp/64/kubernetes_cluster/proof/api_server_liveness.rs"
verus failed, reverting
commenting out line Lines { lines: 291..=291 } in "./vreplicaset-brd-tmp/66/kubernetes_cluster/proof/builtin_controllers.rs"
verus failed, reverting
commenting out line Lines { lines: 185..=209 } in "./vreplicaset-brd-tmp/75/kubernetes_cluster/proof/message.rs"
verus failed, reverting
commenting out line Lines { lines: 157..=179 } in "./vreplicaset-brd-tmp/68/kubernetes_cluster/proof/cluster_safety.rs"
verus failed, reverting
commenting out line Lines { lines: 461..=464 } in "./vreplicaset-brd-tmp/71/kubernetes_cluster/proof/controller_runtime_liveness.rs"
verus failed, reverting
commenting out line Lines { lines: 182..=186 } in "./vreplicaset-brd-tmp/73/kubernetes_cluster/proof/daemon_set_controller.rs"
verus failed, reverting
commenting out line Lines { lines: 292..=297 } in "./vreplicaset-brd-tmp/64/kubernetes_cluster/proof/api_server_liveness.rs"
verus failed, reverting
commenting out line Lines { lines: 235..=235 } in "./vreplicaset-brd-tmp/76/kubernetes_cluster/proof/stateful_set_controller.rs"
verus failed, reverting
commenting out line Lines { lines: 285..=292 } in "./vreplicaset-brd-tmp/66/kubernetes_cluster/proof/builtin_controllers.rs"
verus failed, reverting
commenting out line Lines { lines: 181..=211 } in "./vreplicaset-brd-tmp/75/kubernetes_cluster/proof/message.rs"
verus failed, reverting
minimization of ./vreplicaset-brd-tmp/68/kubernetes_cluster/proof/cluster_safety.rs is completed
commenting out line Lines { lines: 125..=128 } in "./vreplicaset-brd-tmp/77/kubernetes_cluster/proof/validation_rule.rs"
verus failed, reverting
commenting out line Lines { lines: 458..=465 } in "./vreplicaset-brd-tmp/71/kubernetes_cluster/proof/controller_runtime_liveness.rs"
verus failed, reverting
commenting out line Lines { lines: 227..=227 } in "./vreplicaset-brd-tmp/73/kubernetes_cluster/proof/daemon_set_controller.rs"
verus failed, reverting
commenting out line Lines { lines: 317..=321 } in "./vreplicaset-brd-tmp/64/kubernetes_cluster/proof/api_server_liveness.rs"
verus failed, reverting
minimization of ./vreplicaset-brd-tmp/66/kubernetes_cluster/proof/builtin_controllers.rs is completed
commenting out line Lines { lines: 34..=39 } in "./vreplicaset-brd-tmp/78/kubernetes_cluster/proof/wf1_assistant.rs"
verus failed, reverting
commenting out line Lines { lines: 232..=236 } in "./vreplicaset-brd-tmp/76/kubernetes_cluster/proof/stateful_set_controller.rs"
verus failed, reverting
commenting out line Lines { lines: 298..=311 } in "./vreplicaset-brd-tmp/75/kubernetes_cluster/proof/message.rs"
verus failed, reverting
commenting out line Lines { lines: 112..=154 } in "./vreplicaset-brd-tmp/77/kubernetes_cluster/proof/validation_rule.rs"
verus failed, reverting
commenting out line Lines { lines: 489..=492 } in "./vreplicaset-brd-tmp/71/kubernetes_cluster/proof/controller_runtime_liveness.rs"
verus failed, reverting
commenting out line Lines { lines: 226..=228 } in "./vreplicaset-brd-tmp/73/kubernetes_cluster/proof/daemon_set_controller.rs"
verus failed, reverting
commenting out line Lines { lines: 331..=331 } in "./vreplicaset-brd-tmp/64/kubernetes_cluster/proof/api_server_liveness.rs"
verus failed, reverting
commenting out line Lines { lines: 48..=48 } in "./vreplicaset-brd-tmp/78/kubernetes_cluster/proof/wf1_assistant.rs"
verus failed, reverting
commenting out line Lines { lines: 278..=278 } in "./vreplicaset-brd-tmp/76/kubernetes_cluster/proof/stateful_set_controller.rs"
verus failed, reverting
verus failed, reverting
commenting out line Lines { lines: 229..=232 } in "./vreplicaset-brd-tmp/77/kubernetes_cluster/proof/validation_rule.rs"
commenting out line Lines { lines: 259..=312 } in "./vreplicaset-brd-tmp/75/kubernetes_cluster/proof/message.rs"
verus failed, reverting
verus failed, reverting
commenting out line Lines { lines: 486..=493 } in "./vreplicaset-brd-tmp/71/kubernetes_cluster/proof/controller_runtime_liveness.rs"
commenting out line Lines { lines: 225..=229 } in "./vreplicaset-brd-tmp/73/kubernetes_cluster/proof/daemon_set_controller.rs"
verus failed, reverting
commenting out line Lines { lines: 328..=332 } in "./vreplicaset-brd-tmp/64/kubernetes_cluster/proof/api_server_liveness.rs"
verus failed, reverting
commenting out line Lines { lines: 55..=60 } in "./vreplicaset-brd-tmp/78/kubernetes_cluster/proof/wf1_assistant.rs"
verus failed, reverting
commenting out line Lines { lines: 277..=279 } in "./vreplicaset-brd-tmp/76/kubernetes_cluster/proof/stateful_set_controller.rs"
verus failed, reverting
commenting out line Lines { lines: 212..=273 } in "./vreplicaset-brd-tmp/77/kubernetes_cluster/proof/validation_rule.rs"
verus failed, reverting
commenting out line Lines { lines: 258..=313 } in "./vreplicaset-brd-tmp/75/kubernetes_cluster/proof/message.rs"
verus failed, reverting
commenting out line Lines { lines: 437..=513 } in "./vreplicaset-brd-tmp/71/kubernetes_cluster/proof/controller_runtime_liveness.rs"
verus failed, reverting
commenting out line Lines { lines: 277..=280 } in "./vreplicaset-brd-tmp/73/kubernetes_cluster/proof/daemon_set_controller.rs"
verus failed, reverting
commenting out line Lines { lines: 359..=359 } in "./vreplicaset-brd-tmp/64/kubernetes_cluster/proof/api_server_liveness.rs"
verus failed, reverting
commenting out line Lines { lines: 69..=69 } in "./vreplicaset-brd-tmp/78/kubernetes_cluster/proof/wf1_assistant.rs"
verus failed, reverting
commenting out line Lines { lines: 276..=280 } in "./vreplicaset-brd-tmp/76/kubernetes_cluster/proof/stateful_set_controller.rs"
verus failed, reverting
minimization of ./vreplicaset-brd-tmp/77/kubernetes_cluster/proof/validation_rule.rs is completed
minimization of ./vreplicaset-brd-tmp/79/kubernetes_cluster/spec/mod.rs is completed
minimization of ./vreplicaset-brd-tmp/80/kubernetes_cluster/spec/api_server/mod.rs is completed
minimization of ./vreplicaset-brd-tmp/81/kubernetes_cluster/spec/api_server/state_machine.rs is completed
minimization of ./vreplicaset-brd-tmp/82/kubernetes_cluster/spec/api_server/types.rs is completed
minimization of ./vreplicaset-brd-tmp/83/kubernetes_cluster/spec/builtin_controllers/mod.rs is completed
minimization of ./vreplicaset-brd-tmp/84/kubernetes_cluster/spec/builtin_controllers/daemon_set_controller.rs is completed
minimization of ./vreplicaset-brd-tmp/85/kubernetes_cluster/spec/builtin_controllers/garbage_collector.rs is completed
verus failed, reverting
commenting out line Lines { lines: 343..=343 } in "./vreplicaset-brd-tmp/75/kubernetes_cluster/proof/message.rs"
minimization of ./vreplicaset-brd-tmp/86/kubernetes_cluster/spec/builtin_controllers/stabilizer.rs is completed
minimization of ./vreplicaset-brd-tmp/87/kubernetes_cluster/spec/builtin_controllers/state_machine.rs is completed
minimization of ./vreplicaset-brd-tmp/88/kubernetes_cluster/spec/builtin_controllers/stateful_set_controller.rs is completed
minimization of ./vreplicaset-brd-tmp/89/kubernetes_cluster/spec/builtin_controllers/types.rs is completed
minimization of ./vreplicaset-brd-tmp/90/kubernetes_cluster/spec/client/mod.rs is completed
minimization of ./vreplicaset-brd-tmp/91/kubernetes_cluster/spec/client/types.rs is completed
minimization of ./vreplicaset-brd-tmp/92/kubernetes_cluster/spec/client/state_machine.rs is completed
verus failed, reverting
commenting out line Lines { lines: 353..=353 } in "./vreplicaset-brd-tmp/75/kubernetes_cluster/proof/message.rs"
minimization of ./vreplicaset-brd-tmp/93/kubernetes_cluster/spec/cluster.rs is completed
minimization of ./vreplicaset-brd-tmp/94/kubernetes_cluster/spec/cluster_state_machine.rs is completed
minimization of ./vreplicaset-brd-tmp/95/kubernetes_cluster/spec/controller/mod.rs is completed
minimization of ./vreplicaset-brd-tmp/96/kubernetes_cluster/spec/controller/controller_runtime.rs is completed
minimization of ./vreplicaset-brd-tmp/97/kubernetes_cluster/spec/controller/state_machine.rs is completed
minimization of ./vreplicaset-brd-tmp/98/kubernetes_cluster/spec/controller/types.rs is completed
minimization of ./vreplicaset-brd-tmp/99/kubernetes_cluster/spec/external_api/mod.rs is completed
verus failed, reverting
commenting out line Lines { lines: 489..=489 } in "./vreplicaset-brd-tmp/75/kubernetes_cluster/proof/message.rs"
minimization of ./vreplicaset-brd-tmp/100/kubernetes_cluster/spec/external_api/state_machine.rs is completed
minimization of ./vreplicaset-brd-tmp/101/kubernetes_cluster/spec/external_api/types.rs is completed
minimization of ./vreplicaset-brd-tmp/102/kubernetes_cluster/spec/message.rs is completed
minimization of ./vreplicaset-brd-tmp/103/kubernetes_cluster/spec/network/mod.rs is completed
minimization of ./vreplicaset-brd-tmp/104/kubernetes_cluster/spec/network/types.rs is completed
minimization of ./vreplicaset-brd-tmp/105/kubernetes_cluster/spec/network/state_machine.rs is completed
minimization of ./vreplicaset-brd-tmp/106/kubernetes_cluster/spec/pod_event/mod.rs is completed
minimization of ./vreplicaset-brd-tmp/107/kubernetes_cluster/spec/pod_event/types.rs is completed
verus failed, reverting
commenting out line Lines { lines: 526..=526 } in "./vreplicaset-brd-tmp/71/kubernetes_cluster/proof/controller_runtime_liveness.rs"
minimization of ./vreplicaset-brd-tmp/108/kubernetes_cluster/spec/pod_event/state_machine.rs is completed
minimization of ./vreplicaset-brd-tmp/109/reconciler/mod.rs is completed
minimization of ./vreplicaset-brd-tmp/110/reconciler/exec/mod.rs is completed
minimization of ./vreplicaset-brd-tmp/111/reconciler/exec/io.rs is completed
minimization of ./vreplicaset-brd-tmp/112/reconciler/exec/reconciler.rs is completed
minimization of ./vreplicaset-brd-tmp/113/reconciler/exec/resource_builder.rs is completed
minimization of ./vreplicaset-brd-tmp/114/reconciler/spec/mod.rs is completed
minimization of ./vreplicaset-brd-tmp/115/reconciler/spec/io.rs is completed
verus failed, reverting
minimization of ./vreplicaset-brd-tmp/116/reconciler/spec/reconciler.rs is completed
minimization of ./vreplicaset-brd-tmp/117/reconciler/spec/resource_builder.rs is completed
minimization of ./vreplicaset-brd-tmp/118/shim_layer/mod.rs is completed
minimization of ./vreplicaset-brd-tmp/119/shim_layer/controller_runtime.rs is completed
verus failed, reverting
minimization of ./vreplicaset-brd-tmp/120/shim_layer/fault_injection.rs is completed
commenting out line Lines { lines: 358..=360 } in "./vreplicaset-brd-tmp/64/kubernetes_cluster/proof/api_server_liveness.rs"
minimization of ./vreplicaset-brd-tmp/121/state_machine/mod.rs is completed
verus failed, reverting
minimization of ./vreplicaset-brd-tmp/122/state_machine/state_machine.rs is completed
verus failed, reverting
minimization of ./vreplicaset-brd-tmp/123/state_machine/action.rs is completed
commenting out line Lines { lines: 76..=83 } in "./vreplicaset-brd-tmp/78/kubernetes_cluster/proof/wf1_assistant.rs"
commenting out line Lines { lines: 287..=287 } in "./vreplicaset-brd-tmp/73/kubernetes_cluster/proof/daemon_set_controller.rs"
commenting out line Lines { lines: 334..=337 } in "./vreplicaset-brd-tmp/76/kubernetes_cluster/proof/stateful_set_controller.rs"
minimization of ./vreplicaset-brd-tmp/124/temporal_logic/mod.rs is completed
minimization of ./vreplicaset-brd-tmp/125/temporal_logic/defs.rs is completed
commenting out line Lines { lines: 140..=142 } in "./vreplicaset-brd-tmp/126/temporal_logic/rules.rs"
verus failed, reverting
commenting out line Lines { lines: 487..=513 } in "./vreplicaset-brd-tmp/75/kubernetes_cluster/proof/message.rs"
verus failed, reverting
commenting out line Lines { lines: 523..=527 } in "./vreplicaset-brd-tmp/71/kubernetes_cluster/proof/controller_runtime_liveness.rs"
verus failed, reverting
commenting out line Lines { lines: 357..=361 } in "./vreplicaset-brd-tmp/64/kubernetes_cluster/proof/api_server_liveness.rs"
verus failed, reverting
commenting out line Lines { lines: 94..=94 } in "./vreplicaset-brd-tmp/78/kubernetes_cluster/proof/wf1_assistant.rs"
verus failed, reverting
commenting out line Lines { lines: 344..=344 } in "./vreplicaset-brd-tmp/76/kubernetes_cluster/proof/stateful_set_controller.rs"
verus failed, reverting
commenting out line Lines { lines: 283..=288 } in "./vreplicaset-brd-tmp/73/kubernetes_cluster/proof/daemon_set_controller.rs"
verus failed, reverting
commenting out line Lines { lines: 150..=152 } in "./vreplicaset-brd-tmp/126/temporal_logic/rules.rs"
verus failed, reverting
commenting out line Lines { lines: 486..=514 } in "./vreplicaset-brd-tmp/75/kubernetes_cluster/proof/message.rs"
verus failed, reverting
minimization of ./vreplicaset-brd-tmp/71/kubernetes_cluster/proof/controller_runtime_liveness.rs is completed
minimization of ./vreplicaset-brd-tmp/127/controller_examples/v_replica_set_controller/mod.rs is completed
minimization of ./vreplicaset-brd-tmp/128/controller_examples/v_replica_set_controller/exec/mod.rs is completed
commenting out line Lines { lines: 283..=284 } in "./vreplicaset-brd-tmp/129/controller_examples/v_replica_set_controller/exec/reconciler.rs"
verus failed, reverting
commenting out line Lines { lines: 387..=392 } in "./vreplicaset-brd-tmp/64/kubernetes_cluster/proof/api_server_liveness.rs"
verus failed, reverting
commenting out line Lines { lines: 97..=97 } in "./vreplicaset-brd-tmp/78/kubernetes_cluster/proof/wf1_assistant.rs"
verus failed, reverting
minimization of ./vreplicaset-brd-tmp/73/kubernetes_cluster/proof/daemon_set_controller.rs is completed
verus failed, reverting
commenting out line Lines { lines: 340..=345 } in "./vreplicaset-brd-tmp/76/kubernetes_cluster/proof/stateful_set_controller.rs"
minimization of ./vreplicaset-brd-tmp/130/controller_examples/v_replica_set_controller/model/mod.rs is completed
minimization of ./vreplicaset-brd-tmp/131/controller_examples/v_replica_set_controller/model/reconciler.rs is completed
minimization of ./vreplicaset-brd-tmp/132/controller_examples/v_replica_set_controller/proof/mod.rs is completed
minimization of ./vreplicaset-brd-tmp/133/controller_examples/v_replica_set_controller/proof/helper_invariants/mod.rs is completed
minimization of ./vreplicaset-brd-tmp/134/controller_examples/v_replica_set_controller/proof/helper_invariants/predicate.rs is completed
commenting out line Lines { lines: 139..=140 } in "./vreplicaset-brd-tmp/135/controller_examples/v_replica_set_controller/proof/helper_invariants/proof.rs"
verus failed, reverting
commenting out line Lines { lines: 203..=205 } in "./vreplicaset-brd-tmp/126/temporal_logic/rules.rs"
verus failed, reverting
commenting out line Lines { lines: 567..=567 } in "./vreplicaset-brd-tmp/75/kubernetes_cluster/proof/message.rs"
verus failed, reverting
commenting out line Lines { lines: 296..=300 } in "./vreplicaset-brd-tmp/129/controller_examples/v_replica_set_controller/exec/reconciler.rs"
verus failed, reverting
commenting out line Lines { lines: 402..=402 } in "./vreplicaset-brd-tmp/64/kubernetes_cluster/proof/api_server_liveness.rs"
verus failed, reverting
commenting out line Lines { lines: 100..=100 } in "./vreplicaset-brd-tmp/78/kubernetes_cluster/proof/wf1_assistant.rs"
verus failed, reverting
minimization of ./vreplicaset-brd-tmp/76/kubernetes_cluster/proof/stateful_set_controller.rs is completed
minimization of ./vreplicaset-brd-tmp/136/controller_examples/v_replica_set_controller/proof/liveness/mod.rs is completed
minimization of ./vreplicaset-brd-tmp/137/controller_examples/v_replica_set_controller/proof/liveness/api_actions.rs is completed
commenting out line Lines { lines: 37..=39 } in "./vreplicaset-brd-tmp/138/controller_examples/v_replica_set_controller/proof/liveness/proof.rs"
verus failed, reverting
commenting out line Lines { lines: 131..=153 } in "./vreplicaset-brd-tmp/135/controller_examples/v_replica_set_controller/proof/helper_invariants/proof.rs"
verus failed, reverting
commenting out line Lines { lines: 251..=263 } in "./vreplicaset-brd-tmp/126/temporal_logic/rules.rs"
verus failed, reverting
commenting out line Lines { lines: 601..=601 } in "./vreplicaset-brd-tmp/75/kubernetes_cluster/proof/message.rs"
verus failed, reverting
commenting out line Lines { lines: 314..=322 } in "./vreplicaset-brd-tmp/129/controller_examples/v_replica_set_controller/exec/reconciler.rs"
verus failed, reverting
commenting out line Lines { lines: 398..=403 } in "./vreplicaset-brd-tmp/64/kubernetes_cluster/proof/api_server_liveness.rs"
verus failed, reverting
commenting out line Lines { lines: 108..=115 } in "./vreplicaset-brd-tmp/78/kubernetes_cluster/proof/wf1_assistant.rs"
verus failed, reverting
commenting out line Lines { lines: 115..=115 } in "./vreplicaset-brd-tmp/138/controller_examples/v_replica_set_controller/proof/liveness/proof.rs"
verus failed, reverting
commenting out line Lines { lines: 130..=154 } in "./vreplicaset-brd-tmp/135/controller_examples/v_replica_set_controller/proof/helper_invariants/proof.rs"
verus failed, reverting
commenting out line Lines { lines: 267..=269 } in "./vreplicaset-brd-tmp/126/temporal_logic/rules.rs"
verus failed, reverting
commenting out line Lines { lines: 604..=604 } in "./vreplicaset-brd-tmp/75/kubernetes_cluster/proof/message.rs"
verus failed, reverting
commenting out line Lines { lines: 325..=325 } in "./vreplicaset-brd-tmp/129/controller_examples/v_replica_set_controller/exec/reconciler.rs"
verus failed, reverting
minimization of ./vreplicaset-brd-tmp/64/kubernetes_cluster/proof/api_server_liveness.rs is completed
commenting out line Lines { lines: 110..=113 } in "./vreplicaset-brd-tmp/139/controller_examples/v_replica_set_controller/proof/liveness/resource_match.rs"
verus failed, reverting
commenting out line Lines { lines: 126..=126 } in "./vreplicaset-brd-tmp/78/kubernetes_cluster/proof/wf1_assistant.rs"
verus failed, reverting
commenting out line Lines { lines: 108..=116 } in "./vreplicaset-brd-tmp/138/controller_examples/v_replica_set_controller/proof/liveness/proof.rs"
verus failed, reverting
commenting out line Lines { lines: 246..=271 } in "./vreplicaset-brd-tmp/126/temporal_logic/rules.rs"
verus failed, reverting
commenting out line Lines { lines: 559..=608 } in "./vreplicaset-brd-tmp/75/kubernetes_cluster/proof/message.rs"
verus failed, reverting
commenting out line Lines { lines: 246..=247 } in "./vreplicaset-brd-tmp/135/controller_examples/v_replica_set_controller/proof/helper_invariants/proof.rs"
verus failed, reverting
commenting out line Lines { lines: 401..=401 } in "./vreplicaset-brd-tmp/129/controller_examples/v_replica_set_controller/exec/reconciler.rs"
verus failed, reverting
commenting out line Lines { lines: 121..=121 } in "./vreplicaset-brd-tmp/139/controller_examples/v_replica_set_controller/proof/liveness/resource_match.rs"
verus failed, reverting
commenting out line Lines { lines: 129..=129 } in "./vreplicaset-brd-tmp/78/kubernetes_cluster/proof/wf1_assistant.rs"
verus failed, reverting
commenting out line Lines { lines: 125..=125 } in "./vreplicaset-brd-tmp/138/controller_examples/v_replica_set_controller/proof/liveness/proof.rs"
verus failed, reverting
commenting out line Lines { lines: 558..=609 } in "./vreplicaset-brd-tmp/75/kubernetes_cluster/proof/message.rs"
verus failed, reverting
commenting out line Lines { lines: 321..=325 } in "./vreplicaset-brd-tmp/126/temporal_logic/rules.rs"
verus failed, reverting
commenting out line Lines { lines: 273..=273 } in "./vreplicaset-brd-tmp/135/controller_examples/v_replica_set_controller/proof/helper_invariants/proof.rs"
verus failed, reverting
commenting out line Lines { lines: 408..=409 } in "./vreplicaset-brd-tmp/129/controller_examples/v_replica_set_controller/exec/reconciler.rs"
verus failed, reverting
commenting out line Lines { lines: 118..=122 } in "./vreplicaset-brd-tmp/139/controller_examples/v_replica_set_controller/proof/liveness/resource_match.rs"
verus failed, reverting
commenting out line Lines { lines: 127..=127 } in "./vreplicaset-brd-tmp/138/controller_examples/v_replica_set_controller/proof/liveness/proof.rs"
verus failed, reverting
commenting out line Lines { lines: 132..=132 } in "./vreplicaset-brd-tmp/78/kubernetes_cluster/proof/wf1_assistant.rs"
verus failed, reverting
commenting out line Lines { lines: 662..=662 } in "./vreplicaset-brd-tmp/75/kubernetes_cluster/proof/message.rs"
verus failed, reverting
commenting out line Lines { lines: 317..=326 } in "./vreplicaset-brd-tmp/126/temporal_logic/rules.rs"
verus failed, reverting
commenting out line Lines { lines: 274..=274 } in "./vreplicaset-brd-tmp/135/controller_examples/v_replica_set_controller/proof/helper_invariants/proof.rs"
verus failed, reverting
commenting out line Lines { lines: 410..=410 } in "./vreplicaset-brd-tmp/129/controller_examples/v_replica_set_controller/exec/reconciler.rs"
verus failed, reverting
commenting out line Lines { lines: 176..=179 } in "./vreplicaset-brd-tmp/139/controller_examples/v_replica_set_controller/proof/liveness/resource_match.rs"
verus failed, reverting
commenting out line Lines { lines: 123..=128 } in "./vreplicaset-brd-tmp/138/controller_examples/v_replica_set_controller/proof/liveness/proof.rs"
verus failed, reverting
commenting out line Lines { lines: 135..=135 } in "./vreplicaset-brd-tmp/78/kubernetes_cluster/proof/wf1_assistant.rs"
verus failed, reverting
commenting out line Lines { lines: 699..=699 } in "./vreplicaset-brd-tmp/75/kubernetes_cluster/proof/message.rs"
verus failed, reverting
commenting out line Lines { lines: 333..=333 } in "./vreplicaset-brd-tmp/126/temporal_logic/rules.rs"
verus failed, reverting
commenting out line Lines { lines: 280..=282 } in "./vreplicaset-brd-tmp/135/controller_examples/v_replica_set_controller/proof/helper_invariants/proof.rs"
verus failed, reverting
commenting out line Lines { lines: 415..=415 } in "./vreplicaset-brd-tmp/129/controller_examples/v_replica_set_controller/exec/reconciler.rs"
verus failed, reverting
commenting out line Lines { lines: 182..=194 } in "./vreplicaset-brd-tmp/139/controller_examples/v_replica_set_controller/proof/liveness/resource_match.rs"
verus failed, reverting
commenting out line Lines { lines: 133..=135 } in "./vreplicaset-brd-tmp/138/controller_examples/v_replica_set_controller/proof/liveness/proof.rs"
verus failed, reverting
minimization of ./vreplicaset-brd-tmp/78/kubernetes_cluster/proof/wf1_assistant.rs is completed
minimization of ./vreplicaset-brd-tmp/140/controller_examples/v_replica_set_controller/proof/liveness/spec.rs is completed
commenting out line Lines { lines: 50..=59 } in "./vreplicaset-brd-tmp/141/controller_examples/v_replica_set_controller/proof/liveness/terminate.rs"
verus succeeded with time: 126029ms
commenting out line Lines { lines: 654..=703 } in "./vreplicaset-brd-tmp/75/kubernetes_cluster/proof/message.rs"
verus failed, reverting
commenting out line Lines { lines: 343..=349 } in "./vreplicaset-brd-tmp/126/temporal_logic/rules.rs"
verus failed, reverting
commenting out line Lines { lines: 283..=283 } in "./vreplicaset-brd-tmp/135/controller_examples/v_replica_set_controller/proof/helper_invariants/proof.rs"
verus failed, reverting
commenting out line Lines { lines: 428..=428 } in "./vreplicaset-brd-tmp/129/controller_examples/v_replica_set_controller/exec/reconciler.rs"
verus failed, reverting
commenting out line Lines { lines: 248..=251 } in "./vreplicaset-brd-tmp/139/controller_examples/v_replica_set_controller/proof/liveness/resource_match.rs"
verus failed, reverting
minimization of ./vreplicaset-brd-tmp/138/controller_examples/v_replica_set_controller/proof/liveness/proof.rs is completed
minimization of ./vreplicaset-brd-tmp/142/controller_examples/v_replica_set_controller/proof/predicate.rs is completed
minimization of ./vreplicaset-brd-tmp/143/controller_examples/v_replica_set_controller/proof/utility_lemmas.rs is completed
minimization of ./vreplicaset-brd-tmp/144/controller_examples/v_replica_set_controller/trusted/mod.rs is completed
minimization of ./vreplicaset-brd-tmp/145/controller_examples/v_replica_set_controller/trusted/exec_types.rs is completed
minimization of ./vreplicaset-brd-tmp/146/controller_examples/v_replica_set_controller/trusted/liveness_theorem.rs is completed
minimization of ./vreplicaset-brd-tmp/147/controller_examples/v_replica_set_controller/trusted/spec_types.rs is completed
minimization of ./vreplicaset-brd-tmp/148/controller_examples/v_replica_set_controller/trusted/step.rs is completed
minimization of ./vreplicaset-brd-tmp/149/vstd_ext/mod.rs is completed
commenting out line Lines { lines: 23..=23 } in "./vreplicaset-brd-tmp/150/vstd_ext/map_lib.rs"
verus failed, reverting
commenting out line Lines { lines: 60..=69 } in "./vreplicaset-brd-tmp/141/controller_examples/v_replica_set_controller/proof/liveness/terminate.rs"
verus failed, reverting
commenting out line Lines { lines: 653..=704 } in "./vreplicaset-brd-tmp/75/kubernetes_cluster/proof/message.rs"
verus failed, reverting
commenting out line Lines { lines: 350..=350 } in "./vreplicaset-brd-tmp/126/temporal_logic/rules.rs"
verus failed, reverting
commenting out line Lines { lines: 286..=286 } in "./vreplicaset-brd-tmp/135/controller_examples/v_replica_set_controller/proof/helper_invariants/proof.rs"
verus failed, reverting
minimization of ./vreplicaset-brd-tmp/129/controller_examples/v_replica_set_controller/exec/reconciler.rs is completed
commenting out line Lines { lines: 15..=15 } in "./vreplicaset-brd-tmp/151/vstd_ext/multiset_lib.rs"
verus failed, reverting
commenting out line Lines { lines: 254..=266 } in "./vreplicaset-brd-tmp/139/controller_examples/v_replica_set_controller/proof/liveness/resource_match.rs"
verus failed, reverting
verus failed, reverting
minimization of ./vreplicaset-brd-tmp/150/vstd_ext/map_lib.rs is completed
commenting out line Lines { lines: 88..=92 } in "./vreplicaset-brd-tmp/141/controller_examples/v_replica_set_controller/proof/liveness/terminate.rs"
minimization of ./vreplicaset-brd-tmp/152/vstd_ext/option_lib.rs is completed
commenting out line Lines { lines: 17..=17 } in "./vreplicaset-brd-tmp/153/vstd_ext/seq_lib.rs"
verus failed, reverting
commenting out line Lines { lines: 763..=763 } in "./vreplicaset-brd-tmp/75/kubernetes_cluster/proof/message.rs"
verus failed, reverting
commenting out line Lines { lines: 360..=362 } in "./vreplicaset-brd-tmp/126/temporal_logic/rules.rs"
verus failed, reverting
commenting out line Lines { lines: 238..=311 } in "./vreplicaset-brd-tmp/135/controller_examples/v_replica_set_controller/proof/helper_invariants/proof.rs"
verus failed, reverting
commenting out line Lines { lines: 23..=27 } in "./vreplicaset-brd-tmp/151/vstd_ext/multiset_lib.rs"
verus failed, reverting
commenting out line Lines { lines: 369..=369 } in "./vreplicaset-brd-tmp/139/controller_examples/v_replica_set_controller/proof/liveness/resource_match.rs"
verus failed, reverting
commenting out line Lines { lines: 100..=101 } in "./vreplicaset-brd-tmp/141/controller_examples/v_replica_set_controller/proof/liveness/terminate.rs"
verus failed, reverting
commenting out line Lines { lines: 20..=20 } in "./vreplicaset-brd-tmp/153/vstd_ext/seq_lib.rs"
verus failed, reverting
commenting out line Lines { lines: 793..=793 } in "./vreplicaset-brd-tmp/75/kubernetes_cluster/proof/message.rs"
verus failed, reverting
commenting out line Lines { lines: 358..=363 } in "./vreplicaset-brd-tmp/126/temporal_logic/rules.rs"
verus failed, reverting
commenting out line Lines { lines: 237..=312 } in "./vreplicaset-brd-tmp/135/controller_examples/v_replica_set_controller/proof/helper_invariants/proof.rs"
verus failed, reverting
commenting out line Lines { lines: 33..=33 } in "./vreplicaset-brd-tmp/151/vstd_ext/multiset_lib.rs"
verus failed, reverting
commenting out line Lines { lines: 360..=373 } in "./vreplicaset-brd-tmp/139/controller_examples/v_replica_set_controller/proof/liveness/resource_match.rs"
verus failed, reverting
commenting out line Lines { lines: 85..=109 } in "./vreplicaset-brd-tmp/141/controller_examples/v_replica_set_controller/proof/liveness/terminate.rs"
verus failed, reverting
commenting out line Lines { lines: 22..=22 } in "./vreplicaset-brd-tmp/153/vstd_ext/seq_lib.rs"
verus failed, reverting
commenting out line Lines { lines: 753..=807 } in "./vreplicaset-brd-tmp/75/kubernetes_cluster/proof/message.rs"
verus failed, reverting
commenting out line Lines { lines: 372..=375 } in "./vreplicaset-brd-tmp/126/temporal_logic/rules.rs"
verus failed, reverting
minimization of ./vreplicaset-brd-tmp/135/controller_examples/v_replica_set_controller/proof/helper_invariants/proof.rs is completed
commenting out line Lines { lines: 18..=20 } in "./vreplicaset-brd-tmp/154/vstd_ext/set_lib.rs"
verus failed, reverting
commenting out line Lines { lines: 50..=50 } in "./vreplicaset-brd-tmp/151/vstd_ext/multiset_lib.rs"
verus failed, reverting
commenting out line Lines { lines: 115..=119 } in "./vreplicaset-brd-tmp/141/controller_examples/v_replica_set_controller/proof/liveness/terminate.rs"
verus failed, reverting
commenting out line Lines { lines: 51..=51 } in "./vreplicaset-brd-tmp/153/vstd_ext/seq_lib.rs"
verus failed, reverting
commenting out line Lines { lines: 456..=456 } in "./vreplicaset-brd-tmp/139/controller_examples/v_replica_set_controller/proof/liveness/resource_match.rs"
verus failed, reverting
commenting out line Lines { lines: 751..=808 } in "./vreplicaset-brd-tmp/75/kubernetes_cluster/proof/message.rs"
verus failed, reverting
commenting out line Lines { lines: 371..=376 } in "./vreplicaset-brd-tmp/126/temporal_logic/rules.rs"
verus failed, reverting
commenting out line Lines { lines: 21..=23 } in "./vreplicaset-brd-tmp/154/vstd_ext/set_lib.rs"
verus failed, reverting
commenting out line Lines { lines: 65..=65 } in "./vreplicaset-brd-tmp/151/vstd_ext/multiset_lib.rs"
verus failed, reverting
commenting out line Lines { lines: 55..=55 } in "./vreplicaset-brd-tmp/153/vstd_ext/seq_lib.rs"
verus failed, reverting
commenting out line Lines { lines: 127..=128 } in "./vreplicaset-brd-tmp/141/controller_examples/v_replica_set_controller/proof/liveness/terminate.rs"
verus failed, reverting
commenting out line Lines { lines: 471..=471 } in "./vreplicaset-brd-tmp/139/controller_examples/v_replica_set_controller/proof/liveness/resource_match.rs"
verus failed, reverting
minimization of ./vreplicaset-brd-tmp/75/kubernetes_cluster/proof/message.rs is completed
minimization of ./vreplicaset-brd-tmp/155/vstd_ext/string_map.rs is completed
minimization of ./vreplicaset-brd-tmp/156/vstd_ext/string_view.rs is completed
commenting out line Lines { lines: 32..=35 } in "./vreplicaset-brd-tmp/157/vstd_ext/vec_lib.rs"
verus failed, reverting
commenting out line Lines { lines: 370..=377 } in "./vreplicaset-brd-tmp/126/temporal_logic/rules.rs"
verus failed, reverting
commenting out line Lines { lines: 49..=49 } in "./vreplicaset-brd-tmp/154/vstd_ext/set_lib.rs"
verus failed, reverting
commenting out line Lines { lines: 66..=66 } in "./vreplicaset-brd-tmp/151/vstd_ext/multiset_lib.rs"
verus failed, reverting
commenting out line Lines { lines: 53..=56 } in "./vreplicaset-brd-tmp/153/vstd_ext/seq_lib.rs"
verus failed, reverting
commenting out line Lines { lines: 112..=136 } in "./vreplicaset-brd-tmp/141/controller_examples/v_replica_set_controller/proof/liveness/terminate.rs"
verus failed, reverting
commenting out line Lines { lines: 462..=474 } in "./vreplicaset-brd-tmp/139/controller_examples/v_replica_set_controller/proof/liveness/resource_match.rs"
verus failed, reverting
commenting out line Lines { lines: 378..=381 } in "./vreplicaset-brd-tmp/126/temporal_logic/rules.rs"
verus failed, reverting
minimization of ./vreplicaset-brd-tmp/157/vstd_ext/vec_lib.rs is completed
verus failed, reverting
commenting out line Lines { lines: 50..=50 } in "./vreplicaset-brd-tmp/154/vstd_ext/set_lib.rs"
verus failed, reverting
commenting out line Lines { lines: 63..=69 } in "./vreplicaset-brd-tmp/151/vstd_ext/multiset_lib.rs"
verus failed, reverting
commenting out line Lines { lines: 425..=425 } in "./vreplicaset-brd-tmp/141/controller_examples/v_replica_set_controller/proof/liveness/terminate.rs"
verus failed, reverting
commenting out line Lines { lines: 57..=57 } in "./vreplicaset-brd-tmp/153/vstd_ext/seq_lib.rs"
verus failed, reverting
commenting out line Lines { lines: 389..=391 } in "./vreplicaset-brd-tmp/126/temporal_logic/rules.rs"
verus failed, reverting
commenting out line Lines { lines: 488..=488 } in "./vreplicaset-brd-tmp/139/controller_examples/v_replica_set_controller/proof/liveness/resource_match.rs"
verus succeeded with time: 111679ms
commenting out line Lines { lines: 53..=53 } in "./vreplicaset-brd-tmp/154/vstd_ext/set_lib.rs"
verus failed, reverting
commenting out line Lines { lines: 61..=70 } in "./vreplicaset-brd-tmp/151/vstd_ext/multiset_lib.rs"
verus failed, reverting
commenting out line Lines { lines: 419..=426 } in "./vreplicaset-brd-tmp/141/controller_examples/v_replica_set_controller/proof/liveness/terminate.rs"
verus failed, reverting
commenting out line Lines { lines: 88..=88 } in "./vreplicaset-brd-tmp/153/vstd_ext/seq_lib.rs"
verus failed, reverting
commenting out line Lines { lines: 393..=395 } in "./vreplicaset-brd-tmp/126/temporal_logic/rules.rs"
verus succeeded with time: 112470ms
minimization of ./vreplicaset-brd-tmp/154/vstd_ext/set_lib.rs is completed
verus failed, reverting
commenting out line Lines { lines: 476..=489 } in "./vreplicaset-brd-tmp/139/controller_examples/v_replica_set_controller/proof/liveness/resource_match.rs"
verus failed, reverting
commenting out line Lines { lines: 80..=80 } in "./vreplicaset-brd-tmp/151/vstd_ext/multiset_lib.rs"
verus failed, reverting
commenting out line Lines { lines: 446..=446 } in "./vreplicaset-brd-tmp/141/controller_examples/v_replica_set_controller/proof/liveness/terminate.rs"
verus failed, reverting
commenting out line Lines { lines: 93..=93 } in "./vreplicaset-brd-tmp/153/vstd_ext/seq_lib.rs"
verus failed, reverting
commenting out line Lines { lines: 388..=397 } in "./vreplicaset-brd-tmp/126/temporal_logic/rules.rs"
verus failed, reverting
commenting out line Lines { lines: 492..=502 } in "./vreplicaset-brd-tmp/139/controller_examples/v_replica_set_controller/proof/liveness/resource_match.rs"
verus failed, reverting
commenting out line Lines { lines: 82..=82 } in "./vreplicaset-brd-tmp/151/vstd_ext/multiset_lib.rs"
verus failed, reverting
commenting out line Lines { lines: 440..=447 } in "./vreplicaset-brd-tmp/141/controller_examples/v_replica_set_controller/proof/liveness/terminate.rs"
verus failed, reverting
commenting out line Lines { lines: 91..=94 } in "./vreplicaset-brd-tmp/153/vstd_ext/seq_lib.rs"
verus failed, reverting
commenting out line Lines { lines: 425..=427 } in "./vreplicaset-brd-tmp/126/temporal_logic/rules.rs"
verus failed, reverting
commenting out line Lines { lines: 447..=508 } in "./vreplicaset-brd-tmp/139/controller_examples/v_replica_set_controller/proof/liveness/resource_match.rs"
verus failed, reverting
commenting out line Lines { lines: 78..=84 } in "./vreplicaset-brd-tmp/151/vstd_ext/multiset_lib.rs"
verus failed, reverting
commenting out line Lines { lines: 501..=501 } in "./vreplicaset-brd-tmp/141/controller_examples/v_replica_set_controller/proof/liveness/terminate.rs"
verus failed, reverting
commenting out line Lines { lines: 95..=95 } in "./vreplicaset-brd-tmp/153/vstd_ext/seq_lib.rs"
verus failed, reverting
commenting out line Lines { lines: 435..=437 } in "./vreplicaset-brd-tmp/126/temporal_logic/rules.rs"
verus failed, reverting
minimization of ./vreplicaset-brd-tmp/151/vstd_ext/multiset_lib.rs is completed
verus failed, reverting
commenting out line Lines { lines: 506..=506 } in "./vreplicaset-brd-tmp/141/controller_examples/v_replica_set_controller/proof/liveness/terminate.rs"
verus failed, reverting
commenting out line Lines { lines: 640..=643 } in "./vreplicaset-brd-tmp/139/controller_examples/v_replica_set_controller/proof/liveness/resource_match.rs"
verus failed, reverting
commenting out line Lines { lines: 104..=106 } in "./vreplicaset-brd-tmp/153/vstd_ext/seq_lib.rs"
verus failed, reverting
commenting out line Lines { lines: 438..=438 } in "./vreplicaset-brd-tmp/126/temporal_logic/rules.rs"
verus failed, reverting
commenting out line Lines { lines: 494..=512 } in "./vreplicaset-brd-tmp/141/controller_examples/v_replica_set_controller/proof/liveness/terminate.rs"
verus failed, reverting
commenting out line Lines { lines: 644..=647 } in "./vreplicaset-brd-tmp/139/controller_examples/v_replica_set_controller/proof/liveness/resource_match.rs"
verus failed, reverting
commenting out line Lines { lines: 113..=119 } in "./vreplicaset-brd-tmp/153/vstd_ext/seq_lib.rs"
verus failed, reverting
commenting out line Lines { lines: 454..=454 } in "./vreplicaset-brd-tmp/126/temporal_logic/rules.rs"
verus failed, reverting
minimization of ./vreplicaset-brd-tmp/141/controller_examples/v_replica_set_controller/proof/liveness/terminate.rs is completed
verus failed, reverting
commenting out line Lines { lines: 670..=670 } in "./vreplicaset-brd-tmp/139/controller_examples/v_replica_set_controller/proof/liveness/resource_match.rs"
verus failed, reverting
commenting out line Lines { lines: 120..=125 } in "./vreplicaset-brd-tmp/153/vstd_ext/seq_lib.rs"
verus failed, reverting
commenting out line Lines { lines: 450..=455 } in "./vreplicaset-brd-tmp/126/temporal_logic/rules.rs"
verus failed, reverting
commenting out line Lines { lines: 655..=671 } in "./vreplicaset-brd-tmp/139/controller_examples/v_replica_set_controller/proof/liveness/resource_match.rs"
verus failed, reverting
commenting out line Lines { lines: 140..=140 } in "./vreplicaset-brd-tmp/153/vstd_ext/seq_lib.rs"
verus failed, reverting
commenting out line Lines { lines: 473..=473 } in "./vreplicaset-brd-tmp/126/temporal_logic/rules.rs"
verus failed, reverting
commenting out line Lines { lines: 681..=681 } in "./vreplicaset-brd-tmp/139/controller_examples/v_replica_set_controller/proof/liveness/resource_match.rs"
verus failed, reverting
commenting out line Lines { lines: 139..=141 } in "./vreplicaset-brd-tmp/153/vstd_ext/seq_lib.rs"
verus failed, reverting
commenting out line Lines { lines: 471..=475 } in "./vreplicaset-brd-tmp/126/temporal_logic/rules.rs"
verus failed, reverting
commenting out line Lines { lines: 678..=682 } in "./vreplicaset-brd-tmp/139/controller_examples/v_replica_set_controller/proof/liveness/resource_match.rs"
verus failed, reverting
commenting out line Lines { lines: 145..=145 } in "./vreplicaset-brd-tmp/153/vstd_ext/seq_lib.rs"
verus failed, reverting
commenting out line Lines { lines: 470..=476 } in "./vreplicaset-brd-tmp/126/temporal_logic/rules.rs"
verus failed, reverting
commenting out line Lines { lines: 758..=761 } in "./vreplicaset-brd-tmp/139/controller_examples/v_replica_set_controller/proof/liveness/resource_match.rs"
verus failed, reverting
commenting out line Lines { lines: 144..=146 } in "./vreplicaset-brd-tmp/153/vstd_ext/seq_lib.rs"
verus failed, reverting
commenting out line Lines { lines: 468..=477 } in "./vreplicaset-brd-tmp/126/temporal_logic/rules.rs"
verus failed, reverting
commenting out line Lines { lines: 762..=765 } in "./vreplicaset-brd-tmp/139/controller_examples/v_replica_set_controller/proof/liveness/resource_match.rs"
verus failed, reverting
commenting out line Lines { lines: 143..=147 } in "./vreplicaset-brd-tmp/153/vstd_ext/seq_lib.rs"
verus failed, reverting
commenting out line Lines { lines: 482..=485 } in "./vreplicaset-brd-tmp/126/temporal_logic/rules.rs"
verus failed, reverting
commenting out line Lines { lines: 776..=776 } in "./vreplicaset-brd-tmp/139/controller_examples/v_replica_set_controller/proof/liveness/resource_match.rs"
verus failed, reverting
commenting out line Lines { lines: 162..=168 } in "./vreplicaset-brd-tmp/153/vstd_ext/seq_lib.rs"
verus failed, reverting
commenting out line Lines { lines: 481..=486 } in "./vreplicaset-brd-tmp/126/temporal_logic/rules.rs"
verus failed, reverting
commenting out line Lines { lines: 773..=777 } in "./vreplicaset-brd-tmp/139/controller_examples/v_replica_set_controller/proof/liveness/resource_match.rs"
verus failed, reverting
commenting out line Lines { lines: 159..=169 } in "./vreplicaset-brd-tmp/153/vstd_ext/seq_lib.rs"
verus failed, reverting
commenting out line Lines { lines: 479..=487 } in "./vreplicaset-brd-tmp/126/temporal_logic/rules.rs"
verus failed, reverting
commenting out line Lines { lines: 793..=793 } in "./vreplicaset-brd-tmp/139/controller_examples/v_replica_set_controller/proof/liveness/resource_match.rs"
verus failed, reverting
commenting out line Lines { lines: 170..=173 } in "./vreplicaset-brd-tmp/153/vstd_ext/seq_lib.rs"
verus failed, reverting
commenting out line Lines { lines: 509..=509 } in "./vreplicaset-brd-tmp/126/temporal_logic/rules.rs"
verus failed, reverting
commenting out line Lines { lines: 784..=794 } in "./vreplicaset-brd-tmp/139/controller_examples/v_replica_set_controller/proof/liveness/resource_match.rs"
verus failed, reverting
commenting out line Lines { lines: 176..=176 } in "./vreplicaset-brd-tmp/153/vstd_ext/seq_lib.rs"
verus failed, reverting
commenting out line Lines { lines: 507..=510 } in "./vreplicaset-brd-tmp/126/temporal_logic/rules.rs"
verus failed, reverting
commenting out line Lines { lines: 895..=895 } in "./vreplicaset-brd-tmp/139/controller_examples/v_replica_set_controller/proof/liveness/resource_match.rs"
verus failed, reverting
commenting out line Lines { lines: 177..=177 } in "./vreplicaset-brd-tmp/153/vstd_ext/seq_lib.rs"
verus failed, reverting
commenting out line Lines { lines: 505..=511 } in "./vreplicaset-brd-tmp/126/temporal_logic/rules.rs"
verus failed, reverting
commenting out line Lines { lines: 886..=904 } in "./vreplicaset-brd-tmp/139/controller_examples/v_replica_set_controller/proof/liveness/resource_match.rs"
verus failed, reverting
commenting out line Lines { lines: 175..=179 } in "./vreplicaset-brd-tmp/153/vstd_ext/seq_lib.rs"
verus failed, reverting
commenting out line Lines { lines: 527..=527 } in "./vreplicaset-brd-tmp/126/temporal_logic/rules.rs"
verus failed, reverting
commenting out line Lines { lines: 1194..=1194 } in "./vreplicaset-brd-tmp/139/controller_examples/v_replica_set_controller/proof/liveness/resource_match.rs"
verus failed, reverting
commenting out line Lines { lines: 215..=215 } in "./vreplicaset-brd-tmp/153/vstd_ext/seq_lib.rs"
verus failed, reverting
commenting out line Lines { lines: 526..=528 } in "./vreplicaset-brd-tmp/126/temporal_logic/rules.rs"
verus failed, reverting
commenting out line Lines { lines: 1187..=1198 } in "./vreplicaset-brd-tmp/139/controller_examples/v_replica_set_controller/proof/liveness/resource_match.rs"
verus failed, reverting
minimization of ./vreplicaset-brd-tmp/153/vstd_ext/seq_lib.rs is completed
verus failed, reverting
commenting out line Lines { lines: 530..=530 } in "./vreplicaset-brd-tmp/126/temporal_logic/rules.rs"
verus failed, reverting
commenting out line Lines { lines: 1282..=1285 } in "./vreplicaset-brd-tmp/139/controller_examples/v_replica_set_controller/proof/liveness/resource_match.rs"
verus failed, reverting
commenting out line Lines { lines: 520..=531 } in "./vreplicaset-brd-tmp/126/temporal_logic/rules.rs"
verus failed, reverting
commenting out line Lines { lines: 1286..=1289 } in "./vreplicaset-brd-tmp/139/controller_examples/v_replica_set_controller/proof/liveness/resource_match.rs"
verus failed, reverting
commenting out line Lines { lines: 561..=561 } in "./vreplicaset-brd-tmp/126/temporal_logic/rules.rs"
verus failed, reverting
commenting out line Lines { lines: 1312..=1312 } in "./vreplicaset-brd-tmp/139/controller_examples/v_replica_set_controller/proof/liveness/resource_match.rs"
verus failed, reverting
commenting out line Lines { lines: 560..=562 } in "./vreplicaset-brd-tmp/126/temporal_logic/rules.rs"
verus failed, reverting
commenting out line Lines { lines: 1297..=1313 } in "./vreplicaset-brd-tmp/139/controller_examples/v_replica_set_controller/proof/liveness/resource_match.rs"
verus failed, reverting
commenting out line Lines { lines: 556..=564 } in "./vreplicaset-brd-tmp/126/temporal_logic/rules.rs"
verus failed, reverting
commenting out line Lines { lines: 1323..=1323 } in "./vreplicaset-brd-tmp/139/controller_examples/v_replica_set_controller/proof/liveness/resource_match.rs"
verus failed, reverting
commenting out line Lines { lines: 573..=577 } in "./vreplicaset-brd-tmp/126/temporal_logic/rules.rs"
verus failed, reverting
commenting out line Lines { lines: 1320..=1324 } in "./vreplicaset-brd-tmp/139/controller_examples/v_replica_set_controller/proof/liveness/resource_match.rs"
verus failed, reverting
commenting out line Lines { lines: 592..=592 } in "./vreplicaset-brd-tmp/126/temporal_logic/rules.rs"
verus failed, reverting
commenting out line Lines { lines: 1402..=1405 } in "./vreplicaset-brd-tmp/139/controller_examples/v_replica_set_controller/proof/liveness/resource_match.rs"
verus failed, reverting
commenting out line Lines { lines: 586..=594 } in "./vreplicaset-brd-tmp/126/temporal_logic/rules.rs"
verus failed, reverting
commenting out line Lines { lines: 1406..=1409 } in "./vreplicaset-brd-tmp/139/controller_examples/v_replica_set_controller/proof/liveness/resource_match.rs"
verus failed, reverting
commenting out line Lines { lines: 656..=658 } in "./vreplicaset-brd-tmp/126/temporal_logic/rules.rs"
verus failed, reverting
commenting out line Lines { lines: 1420..=1420 } in "./vreplicaset-brd-tmp/139/controller_examples/v_replica_set_controller/proof/liveness/resource_match.rs"
verus failed, reverting
commenting out line Lines { lines: 655..=659 } in "./vreplicaset-brd-tmp/126/temporal_logic/rules.rs"
verus failed, reverting
commenting out line Lines { lines: 1417..=1421 } in "./vreplicaset-brd-tmp/139/controller_examples/v_replica_set_controller/proof/liveness/resource_match.rs"
verus failed, reverting
commenting out line Lines { lines: 668..=671 } in "./vreplicaset-brd-tmp/126/temporal_logic/rules.rs"
verus failed, reverting
commenting out line Lines { lines: 1437..=1437 } in "./vreplicaset-brd-tmp/139/controller_examples/v_replica_set_controller/proof/liveness/resource_match.rs"
verus failed, reverting
commenting out line Lines { lines: 680..=683 } in "./vreplicaset-brd-tmp/126/temporal_logic/rules.rs"
verus failed, reverting
commenting out line Lines { lines: 1428..=1438 } in "./vreplicaset-brd-tmp/139/controller_examples/v_replica_set_controller/proof/liveness/resource_match.rs"
verus failed, reverting
commenting out line Lines { lines: 691..=694 } in "./vreplicaset-brd-tmp/126/temporal_logic/rules.rs"
verus failed, reverting
commenting out line Lines { lines: 1551..=1551 } in "./vreplicaset-brd-tmp/139/controller_examples/v_replica_set_controller/proof/liveness/resource_match.rs"
verus failed, reverting
commenting out line Lines { lines: 704..=707 } in "./vreplicaset-brd-tmp/126/temporal_logic/rules.rs"
verus failed, reverting
commenting out line Lines { lines: 1552..=1552 } in "./vreplicaset-brd-tmp/139/controller_examples/v_replica_set_controller/proof/liveness/resource_match.rs"
verus failed, reverting
commenting out line Lines { lines: 703..=708 } in "./vreplicaset-brd-tmp/126/temporal_logic/rules.rs"
verus failed, reverting
commenting out line Lines { lines: 1530..=1557 } in "./vreplicaset-brd-tmp/139/controller_examples/v_replica_set_controller/proof/liveness/resource_match.rs"
verus failed, reverting
commenting out line Lines { lines: 720..=723 } in "./vreplicaset-brd-tmp/126/temporal_logic/rules.rs"
verus failed, reverting
commenting out line Lines { lines: 1674..=1678 } in "./vreplicaset-brd-tmp/139/controller_examples/v_replica_set_controller/proof/liveness/resource_match.rs"
verus failed, reverting
commenting out line Lines { lines: 738..=741 } in "./vreplicaset-brd-tmp/126/temporal_logic/rules.rs"
verus failed, reverting
commenting out line Lines { lines: 1682..=1682 } in "./vreplicaset-brd-tmp/139/controller_examples/v_replica_set_controller/proof/liveness/resource_match.rs"
verus failed, reverting
commenting out line Lines { lines: 949..=952 } in "./vreplicaset-brd-tmp/126/temporal_logic/rules.rs"
verus failed, reverting
commenting out line Lines { lines: 1662..=1693 } in "./vreplicaset-brd-tmp/139/controller_examples/v_replica_set_controller/proof/liveness/resource_match.rs"
verus failed, reverting
commenting out line Lines { lines: 962..=964 } in "./vreplicaset-brd-tmp/126/temporal_logic/rules.rs"
verus failed, reverting
commenting out line Lines { lines: 1807..=1807 } in "./vreplicaset-brd-tmp/139/controller_examples/v_replica_set_controller/proof/liveness/resource_match.rs"
verus failed, reverting
commenting out line Lines { lines: 961..=965 } in "./vreplicaset-brd-tmp/126/temporal_logic/rules.rs"
verus failed, reverting
commenting out line Lines { lines: 1800..=1811 } in "./vreplicaset-brd-tmp/139/controller_examples/v_replica_set_controller/proof/liveness/resource_match.rs"
verus failed, reverting
commenting out line Lines { lines: 993..=993 } in "./vreplicaset-brd-tmp/126/temporal_logic/rules.rs"
verus failed, reverting
minimization of ./vreplicaset-brd-tmp/139/controller_examples/v_replica_set_controller/proof/liveness/resource_match.rs is completed
verus failed, reverting
commenting out line Lines { lines: 994..=994 } in "./vreplicaset-brd-tmp/126/temporal_logic/rules.rs"
verus failed, reverting
commenting out line Lines { lines: 991..=998 } in "./vreplicaset-brd-tmp/126/temporal_logic/rules.rs"
verus failed, reverting
commenting out line Lines { lines: 989..=999 } in "./vreplicaset-brd-tmp/126/temporal_logic/rules.rs"
verus failed, reverting
commenting out line Lines { lines: 988..=1000 } in "./vreplicaset-brd-tmp/126/temporal_logic/rules.rs"
verus failed, reverting
commenting out line Lines { lines: 1015..=1018 } in "./vreplicaset-brd-tmp/126/temporal_logic/rules.rs"
verus failed, reverting
commenting out line Lines { lines: 1089..=1095 } in "./vreplicaset-brd-tmp/126/temporal_logic/rules.rs"
verus failed, reverting
commenting out line Lines { lines: 1088..=1096 } in "./vreplicaset-brd-tmp/126/temporal_logic/rules.rs"
verus failed, reverting
commenting out line Lines { lines: 1108..=1115 } in "./vreplicaset-brd-tmp/126/temporal_logic/rules.rs"
verus failed, reverting
commenting out line Lines { lines: 1129..=1132 } in "./vreplicaset-brd-tmp/126/temporal_logic/rules.rs"
verus failed, reverting
commenting out line Lines { lines: 1156..=1158 } in "./vreplicaset-brd-tmp/126/temporal_logic/rules.rs"
verus failed, reverting
commenting out line Lines { lines: 1151..=1159 } in "./vreplicaset-brd-tmp/126/temporal_logic/rules.rs"
verus failed, reverting
commenting out line Lines { lines: 1199..=1220 } in "./vreplicaset-brd-tmp/126/temporal_logic/rules.rs"
verus failed, reverting
commenting out line Lines { lines: 1198..=1221 } in "./vreplicaset-brd-tmp/126/temporal_logic/rules.rs"
verus failed, reverting
commenting out line Lines { lines: 1243..=1251 } in "./vreplicaset-brd-tmp/126/temporal_logic/rules.rs"
verus failed, reverting
commenting out line Lines { lines: 1242..=1252 } in "./vreplicaset-brd-tmp/126/temporal_logic/rules.rs"
verus failed, reverting
commenting out line Lines { lines: 1268..=1271 } in "./vreplicaset-brd-tmp/126/temporal_logic/rules.rs"
verus failed, reverting
commenting out line Lines { lines: 1298..=1301 } in "./vreplicaset-brd-tmp/126/temporal_logic/rules.rs"
verus failed, reverting
commenting out line Lines { lines: 1297..=1302 } in "./vreplicaset-brd-tmp/126/temporal_logic/rules.rs"
verus failed, reverting
commenting out line Lines { lines: 1318..=1321 } in "./vreplicaset-brd-tmp/126/temporal_logic/rules.rs"
verus failed, reverting
commenting out line Lines { lines: 1335..=1343 } in "./vreplicaset-brd-tmp/126/temporal_logic/rules.rs"
verus failed, reverting
commenting out line Lines { lines: 1334..=1344 } in "./vreplicaset-brd-tmp/126/temporal_logic/rules.rs"
verus failed, reverting
commenting out line Lines { lines: 1333..=1345 } in "./vreplicaset-brd-tmp/126/temporal_logic/rules.rs"
verus failed, reverting
commenting out line Lines { lines: 1370..=1373 } in "./vreplicaset-brd-tmp/126/temporal_logic/rules.rs"
verus failed, reverting
commenting out line Lines { lines: 1363..=1375 } in "./vreplicaset-brd-tmp/126/temporal_logic/rules.rs"
verus failed, reverting
commenting out line Lines { lines: 1362..=1376 } in "./vreplicaset-brd-tmp/126/temporal_logic/rules.rs"
verus failed, reverting
commenting out line Lines { lines: 1391..=1397 } in "./vreplicaset-brd-tmp/126/temporal_logic/rules.rs"
verus failed, reverting
commenting out line Lines { lines: 1414..=1429 } in "./vreplicaset-brd-tmp/126/temporal_logic/rules.rs"
verus failed, reverting
commenting out line Lines { lines: 1412..=1430 } in "./vreplicaset-brd-tmp/126/temporal_logic/rules.rs"
verus failed, reverting
commenting out line Lines { lines: 1487..=1492 } in "./vreplicaset-brd-tmp/126/temporal_logic/rules.rs"
verus failed, reverting
commenting out line Lines { lines: 1486..=1493 } in "./vreplicaset-brd-tmp/126/temporal_logic/rules.rs"
verus failed, reverting
commenting out line Lines { lines: 1614..=1616 } in "./vreplicaset-brd-tmp/126/temporal_logic/rules.rs"
verus failed, reverting
commenting out line Lines { lines: 1617..=1619 } in "./vreplicaset-brd-tmp/126/temporal_logic/rules.rs"
verus failed, reverting
commenting out line Lines { lines: 1626..=1626 } in "./vreplicaset-brd-tmp/126/temporal_logic/rules.rs"
verus failed, reverting
commenting out line Lines { lines: 1637..=1637 } in "./vreplicaset-brd-tmp/126/temporal_logic/rules.rs"
verus failed, reverting
commenting out line Lines { lines: 1644..=1644 } in "./vreplicaset-brd-tmp/126/temporal_logic/rules.rs"
verus failed, reverting
commenting out line Lines { lines: 1645..=1645 } in "./vreplicaset-brd-tmp/126/temporal_logic/rules.rs"
verus succeeded with time: 81970ms
commenting out line Lines { lines: 1647..=1647 } in "./vreplicaset-brd-tmp/126/temporal_logic/rules.rs"
verus failed, reverting
commenting out line Lines { lines: 1643..=1651 } in "./vreplicaset-brd-tmp/126/temporal_logic/rules.rs"
verus failed, reverting
commenting out line Lines { lines: 1613..=1653 } in "./vreplicaset-brd-tmp/126/temporal_logic/rules.rs"
verus failed, reverting
commenting out line Lines { lines: 1612..=1654 } in "./vreplicaset-brd-tmp/126/temporal_logic/rules.rs"
verus failed, reverting
commenting out line Lines { lines: 1672..=1691 } in "./vreplicaset-brd-tmp/126/temporal_logic/rules.rs"
verus failed, reverting
commenting out line Lines { lines: 1671..=1692 } in "./vreplicaset-brd-tmp/126/temporal_logic/rules.rs"
verus failed, reverting
commenting out line Lines { lines: 1726..=1731 } in "./vreplicaset-brd-tmp/126/temporal_logic/rules.rs"
verus failed, reverting
commenting out line Lines { lines: 1725..=1733 } in "./vreplicaset-brd-tmp/126/temporal_logic/rules.rs"
verus failed, reverting
commenting out line Lines { lines: 1711..=1736 } in "./vreplicaset-brd-tmp/126/temporal_logic/rules.rs"
verus failed, reverting
commenting out line Lines { lines: 1710..=1737 } in "./vreplicaset-brd-tmp/126/temporal_logic/rules.rs"
verus failed, reverting
commenting out line Lines { lines: 1750..=1762 } in "./vreplicaset-brd-tmp/126/temporal_logic/rules.rs"
verus failed, reverting
commenting out line Lines { lines: 1749..=1763 } in "./vreplicaset-brd-tmp/126/temporal_logic/rules.rs"
verus failed, reverting
commenting out line Lines { lines: 1797..=1799 } in "./vreplicaset-brd-tmp/126/temporal_logic/rules.rs"
verus failed, reverting
commenting out line Lines { lines: 1830..=1832 } in "./vreplicaset-brd-tmp/126/temporal_logic/rules.rs"
verus failed, reverting
commenting out line Lines { lines: 1872..=1872 } in "./vreplicaset-brd-tmp/126/temporal_logic/rules.rs"
verus failed, reverting
commenting out line Lines { lines: 1867..=1876 } in "./vreplicaset-brd-tmp/126/temporal_logic/rules.rs"
verus failed, reverting
commenting out line Lines { lines: 1866..=1877 } in "./vreplicaset-brd-tmp/126/temporal_logic/rules.rs"
verus failed, reverting
commenting out line Lines { lines: 1894..=1897 } in "./vreplicaset-brd-tmp/126/temporal_logic/rules.rs"
verus failed, reverting
commenting out line Lines { lines: 1893..=1898 } in "./vreplicaset-brd-tmp/126/temporal_logic/rules.rs"
verus failed, reverting
minimization of ./vreplicaset-brd-tmp/126/temporal_logic/rules.rs is completed
   Compiling minimize v0.1.0 (/local/abai/verus/source/tools/minimize)
warning: unused variable: `tokens`
    --> tools/minimize/src/main.rs:1511:55
     |
1511 |             Meta::List(MetaList { path, delimiter: _, tokens }) => {
     |                                                       ^^^^^^ help: try ignoring the field: `tokens: _`
     |
     = note: `#[warn(unused_variables)]` on by default

warning: `minimize` (bin "minimize") generated 1 warning
    Finished `release` profile [optimized] target(s) in 5.81s
     Running `/local/abai/verus/source/target/release/minimize -d ./tmp /local/abai/verified-memory-allocator/verus-mimalloc/lib.d`
verus succeeded with time: 59159ms
minimization of ./tmp/0/lib.rs is completed
minimization of ./tmp/1/os_mem.rs is completed
minimization of ./tmp/2/thread.rs is completed
commenting out line Lines { lines: 225..=225 } in "./tmp/3/tokens.rs"
commenting out line Lines { lines: 1675..=1675 } in "./tmp/4/types.rs"
commenting out line Lines { lines: 83..=83 } in "./tmp/5/flags.rs"
commenting out line Lines { lines: 132..=132 } in "./tmp/6/layout.rs"
commenting out line Lines { lines: 109..=109 } in "./tmp/7/config.rs"
commenting out line Lines { lines: 164..=164 } in "./tmp/8/bin_sizes.rs"
minimization of ./tmp/9/dealloc_token.rs is completed
commenting out line Lines { lines: 507..=507 } in "./tmp/10/page_organization.rs"
verus failed, reverting
commenting out line Lines { lines: 558..=558 } in "./tmp/10/page_organization.rs"
verus succeeded with time: 147054ms
commenting out line Lines { lines: 110..=110 } in "./tmp/7/config.rs"
verus succeeded with time: 147384ms
commenting out line Lines { lines: 133..=133 } in "./tmp/6/layout.rs"
verus succeeded with time: 147517ms
commenting out line Lines { lines: 85..=85 } in "./tmp/5/flags.rs"
verus succeeded with time: 147915ms
commenting out line Lines { lines: 262..=262 } in "./tmp/3/tokens.rs"
verus succeeded with time: 147994ms
commenting out line Lines { lines: 1701..=1701 } in "./tmp/4/types.rs"
verus succeeded with time: 149818ms
commenting out line Lines { lines: 165..=165 } in "./tmp/8/bin_sizes.rs"
verus failed, reverting
commenting out line Lines { lines: 559..=559 } in "./tmp/10/page_organization.rs"
verus failed, reverting
commenting out line Lines { lines: 111..=111 } in "./tmp/7/config.rs"
verus succeeded with time: 142825ms
commenting out line Lines { lines: 1751..=1751 } in "./tmp/4/types.rs"
verus failed, reverting
commenting out line Lines { lines: 96..=96 } in "./tmp/5/flags.rs"
verus succeeded with time: 145253ms
commenting out line Lines { lines: 1473..=1473 } in "./tmp/3/tokens.rs"
verus succeeded with time: 146524ms
commenting out line Lines { lines: 134..=134 } in "./tmp/6/layout.rs"
verus succeeded with time: 144615ms
commenting out line Lines { lines: 166..=166 } in "./tmp/8/bin_sizes.rs"
verus succeeded with time: 142525ms
commenting out line Lines { lines: 561..=561 } in "./tmp/10/page_organization.rs"
verus failed, reverting
commenting out line Lines { lines: 112..=112 } in "./tmp/7/config.rs"
verus failed, reverting
commenting out line Lines { lines: 113..=113 } in "./tmp/5/flags.rs"
verus failed, reverting
commenting out line Lines { lines: 1779..=1779 } in "./tmp/4/types.rs"
verus failed, reverting
commenting out line Lines { lines: 1475..=1475 } in "./tmp/3/tokens.rs"
verus succeeded with time: 143079ms
commenting out line Lines { lines: 136..=136 } in "./tmp/6/layout.rs"
verus succeeded with time: 144906ms
commenting out line Lines { lines: 167..=167 } in "./tmp/8/bin_sizes.rs"
verus failed, reverting
commenting out line Lines { lines: 113..=113 } in "./tmp/7/config.rs"
verus succeeded with time: 146192ms
commenting out line Lines { lines: 564..=564 } in "./tmp/10/page_organization.rs"
verus failed, reverting
commenting out line Lines { lines: 114..=115 } in "./tmp/5/flags.rs"
verus failed, reverting
commenting out line Lines { lines: 1476..=1476 } in "./tmp/3/tokens.rs"
verus failed, reverting
commenting out line Lines { lines: 172..=172 } in "./tmp/8/bin_sizes.rs"
verus succeeded with time: 144790ms
minimization of ./tmp/4/types.rs is completed
commenting out line Lines { lines: 57..=57 } in "./tmp/11/os_mem_util.rs"
verus succeeded with time: 142577ms
commenting out line Lines { lines: 137..=137 } in "./tmp/6/layout.rs"
verus succeeded with time: 144494ms
minimization of ./tmp/7/config.rs is completed
commenting out line Lines { lines: 39..=39 } in "./tmp/12/pigeonhole.rs"
verus failed, reverting
commenting out line Lines { lines: 131..=131 } in "./tmp/5/flags.rs"
verus failed, reverting
commenting out line Lines { lines: 593..=593 } in "./tmp/10/page_organization.rs"
verus failed, reverting
commenting out line Lines { lines: 58..=58 } in "./tmp/11/os_mem_util.rs"
verus succeeded with time: 144256ms
commenting out line Lines { lines: 140..=140 } in "./tmp/6/layout.rs"
verus succeeded with time: 146745ms
commenting out line Lines { lines: 1467..=1477 } in "./tmp/3/tokens.rs"
verus succeeded with time: 146222ms
commenting out line Lines { lines: 173..=173 } in "./tmp/8/bin_sizes.rs"
verus failed, reverting
commenting out line Lines { lines: 596..=596 } in "./tmp/10/page_organization.rs"
verus failed, reverting
commenting out line Lines { lines: 132..=132 } in "./tmp/5/flags.rs"
verus succeeded with time: 145125ms
commenting out line Lines { lines: 40..=40 } in "./tmp/12/pigeonhole.rs"
verus failed, reverting
commenting out line Lines { lines: 59..=59 } in "./tmp/11/os_mem_util.rs"
verus failed, reverting
commenting out line Lines { lines: 1499..=1499 } in "./tmp/3/tokens.rs"
verus succeeded with time: 144670ms
commenting out line Lines { lines: 141..=141 } in "./tmp/6/layout.rs"
verus succeeded with time: 147025ms
commenting out line Lines { lines: 174..=174 } in "./tmp/8/bin_sizes.rs"
verus succeeded with time: 143174ms
commenting out line Lines { lines: 600..=600 } in "./tmp/10/page_organization.rs"
verus failed, reverting
commenting out line Lines { lines: 133..=133 } in "./tmp/5/flags.rs"
verus failed, reverting
commenting out line Lines { lines: 60..=60 } in "./tmp/11/os_mem_util.rs"
verus succeeded with time: 145250ms
commenting out line Lines { lines: 42..=42 } in "./tmp/12/pigeonhole.rs"
verus succeeded with time: 146548ms
commenting out line Lines { lines: 1500..=1500 } in "./tmp/3/tokens.rs"
verus succeeded with time: 143940ms
commenting out line Lines { lines: 142..=142 } in "./tmp/6/layout.rs"
verus succeeded with time: 143811ms
commenting out line Lines { lines: 177..=181 } in "./tmp/8/bin_sizes.rs"
verus succeeded with time: 144787ms
commenting out line Lines { lines: 601..=601 } in "./tmp/10/page_organization.rs"
verus failed, reverting
commenting out line Lines { lines: 148..=148 } in "./tmp/5/flags.rs"
verus failed, reverting
commenting out line Lines { lines: 95..=95 } in "./tmp/11/os_mem_util.rs"
verus succeeded with time: 145822ms
commenting out line Lines { lines: 43..=43 } in "./tmp/12/pigeonhole.rs"
verus succeeded with time: 143314ms
commenting out line Lines { lines: 1502..=1502 } in "./tmp/3/tokens.rs"
verus failed, reverting
commenting out line Lines { lines: 182..=182 } in "./tmp/8/bin_sizes.rs"
verus succeeded with time: 143307ms
commenting out line Lines { lines: 125..=143 } in "./tmp/6/layout.rs"
verus failed, reverting
commenting out line Lines { lines: 149..=149 } in "./tmp/5/flags.rs"
verus failed, reverting
commenting out line Lines { lines: 602..=602 } in "./tmp/10/page_organization.rs"
verus failed, reverting
commenting out line Lines { lines: 115..=115 } in "./tmp/11/os_mem_util.rs"
verus succeeded with time: 144444ms
commenting out line Lines { lines: 46..=46 } in "./tmp/12/pigeonhole.rs"
verus failed, reverting
commenting out line Lines { lines: 151..=152 } in "./tmp/6/layout.rs"
verus succeeded with time: 141987ms
commenting out line Lines { lines: 301..=301 } in "./tmp/8/bin_sizes.rs"
verus succeeded with time: 143410ms
commenting out line Lines { lines: 1513..=1513 } in "./tmp/3/tokens.rs"
verus failed, reverting
commenting out line Lines { lines: 150..=150 } in "./tmp/5/flags.rs"
verus succeeded with time: 142097ms
commenting out line Lines { lines: 607..=607 } in "./tmp/10/page_organization.rs"
verus succeeded with time: 143773ms
commenting out line Lines { lines: 159..=159 } in "./tmp/11/os_mem_util.rs"
verus failed, reverting
commenting out line Lines { lines: 214..=214 } in "./tmp/6/layout.rs"
verus failed, reverting
commenting out line Lines { lines: 302..=302 } in "./tmp/8/bin_sizes.rs"
verus failed, reverting
commenting out line Lines { lines: 1514..=1514 } in "./tmp/3/tokens.rs"
verus succeeded with time: 142147ms
commenting out line Lines { lines: 47..=47 } in "./tmp/12/pigeonhole.rs"
verus failed, reverting
commenting out line Lines { lines: 166..=166 } in "./tmp/5/flags.rs"
verus succeeded with time: 145275ms
commenting out line Lines { lines: 637..=644 } in "./tmp/10/page_organization.rs"
verus succeeded with time: 143634ms
commenting out line Lines { lines: 277..=278 } in "./tmp/11/os_mem_util.rs"
verus failed, reverting
commenting out line Lines { lines: 303..=303 } in "./tmp/8/bin_sizes.rs"
verus succeeded with time: 145294ms
commenting out line Lines { lines: 224..=224 } in "./tmp/6/layout.rs"
verus succeeded with time: 142875ms
commenting out line Lines { lines: 1516..=1516 } in "./tmp/3/tokens.rs"
verus succeeded with time: 144423ms
commenting out line Lines { lines: 73..=73 } in "./tmp/12/pigeonhole.rs"
verus failed, reverting
commenting out line Lines { lines: 167..=167 } in "./tmp/5/flags.rs"
verus failed, reverting
commenting out line Lines { lines: 646..=646 } in "./tmp/10/page_organization.rs"
verus failed, reverting
commenting out line Lines { lines: 279..=279 } in "./tmp/11/os_mem_util.rs"
verus failed, reverting
commenting out line Lines { lines: 304..=304 } in "./tmp/8/bin_sizes.rs"
verus succeeded with time: 142747ms
commenting out line Lines { lines: 1509..=1518 } in "./tmp/3/tokens.rs"
verus failed, reverting
commenting out line Lines { lines: 76..=76 } in "./tmp/12/pigeonhole.rs"
verus succeeded with time: 144689ms
commenting out line Lines { lines: 225..=225 } in "./tmp/6/layout.rs"
verus failed, reverting
commenting out line Lines { lines: 168..=168 } in "./tmp/5/flags.rs"
verus failed, reverting
commenting out line Lines { lines: 268..=280 } in "./tmp/11/os_mem_util.rs"
verus succeeded with time: 145649ms
commenting out line Lines { lines: 648..=648 } in "./tmp/10/page_organization.rs"
verus failed, reverting
commenting out line Lines { lines: 305..=305 } in "./tmp/8/bin_sizes.rs"
verus failed, reverting
commenting out line Lines { lines: 1533..=1534 } in "./tmp/3/tokens.rs"
verus failed, reverting
commenting out line Lines { lines: 90..=90 } in "./tmp/12/pigeonhole.rs"
verus succeeded with time: 144487ms
commenting out line Lines { lines: 226..=230 } in "./tmp/6/layout.rs"
verus failed, reverting
commenting out line Lines { lines: 183..=183 } in "./tmp/5/flags.rs"
verus failed, reverting
commenting out line Lines { lines: 317..=317 } in "./tmp/11/os_mem_util.rs"
verus succeeded with time: 144518ms
commenting out line Lines { lines: 649..=649 } in "./tmp/10/page_organization.rs"
verus failed, reverting
commenting out line Lines { lines: 306..=306 } in "./tmp/8/bin_sizes.rs"
verus failed, reverting
commenting out line Lines { lines: 1548..=1548 } in "./tmp/3/tokens.rs"
verus failed, reverting
commenting out line Lines { lines: 128..=128 } in "./tmp/12/pigeonhole.rs"
verus failed, reverting
commenting out line Lines { lines: 232..=232 } in "./tmp/6/layout.rs"
verus failed, reverting
commenting out line Lines { lines: 184..=184 } in "./tmp/5/flags.rs"
verus failed, reverting
commenting out line Lines { lines: 307..=307 } in "./tmp/8/bin_sizes.rs"
verus succeeded with time: 144503ms
commenting out line Lines { lines: 330..=330 } in "./tmp/11/os_mem_util.rs"
verus failed, reverting
commenting out line Lines { lines: 1549..=1549 } in "./tmp/3/tokens.rs"
verus failed, reverting
commenting out line Lines { lines: 126..=129 } in "./tmp/12/pigeonhole.rs"
verus succeeded with time: 144914ms
commenting out line Lines { lines: 755..=755 } in "./tmp/10/page_organization.rs"
verus succeeded with time: 142357ms
commenting out line Lines { lines: 233..=233 } in "./tmp/6/layout.rs"
verus failed, reverting
commenting out line Lines { lines: 198..=198 } in "./tmp/5/flags.rs"
verus failed, reverting
commenting out line Lines { lines: 308..=308 } in "./tmp/8/bin_sizes.rs"
verus succeeded with time: 137894ms
commenting out line Lines { lines: 759..=759 } in "./tmp/10/page_organization.rs"
verus failed, reverting
commenting out line Lines { lines: 134..=134 } in "./tmp/12/pigeonhole.rs"
verus succeeded with time: 145017ms
commenting out line Lines { lines: 1551..=1551 } in "./tmp/3/tokens.rs"
verus succeeded with time: 146463ms
commenting out line Lines { lines: 318..=331 } in "./tmp/11/os_mem_util.rs"
verus succeeded with time: 144270ms
commenting out line Lines { lines: 280..=280 } in "./tmp/6/layout.rs"
verus failed, reverting
commenting out line Lines { lines: 199..=199 } in "./tmp/5/flags.rs"
verus failed, reverting
commenting out line Lines { lines: 309..=309 } in "./tmp/8/bin_sizes.rs"
verus succeeded with time: 142208ms
commenting out line Lines { lines: 806..=806 } in "./tmp/10/page_organization.rs"
verus failed, reverting
commenting out line Lines { lines: 402..=402 } in "./tmp/11/os_mem_util.rs"
verus succeeded with time: 142819ms
commenting out line Lines { lines: 1544..=1553 } in "./tmp/3/tokens.rs"
verus succeeded with time: 146965ms
commenting out line Lines { lines: 135..=135 } in "./tmp/12/pigeonhole.rs"
verus succeeded with time: 143838ms
commenting out line Lines { lines: 284..=287 } in "./tmp/6/layout.rs"
verus failed, reverting
minimization of ./tmp/5/flags.rs is completed
commenting out line Lines { lines: 219..=219 } in "./tmp/13/linked_list.rs"
verus failed, reverting
commenting out line Lines { lines: 310..=310 } in "./tmp/8/bin_sizes.rs"
verus succeeded with time: 141417ms
commenting out line Lines { lines: 824..=824 } in "./tmp/10/page_organization.rs"
verus failed, reverting
commenting out line Lines { lines: 1562..=1562 } in "./tmp/3/tokens.rs"
verus failed, reverting
commenting out line Lines { lines: 131..=137 } in "./tmp/12/pigeonhole.rs"
verus succeeded with time: 142588ms
commenting out line Lines { lines: 403..=403 } in "./tmp/11/os_mem_util.rs"
verus failed, reverting
commenting out line Lines { lines: 360..=361 } in "./tmp/6/layout.rs"
verus succeeded with time: 139916ms
commenting out line Lines { lines: 216..=221 } in "./tmp/13/linked_list.rs"
verus failed, reverting
commenting out line Lines { lines: 311..=311 } in "./tmp/8/bin_sizes.rs"
verus failed, reverting
commenting out line Lines { lines: 859..=859 } in "./tmp/10/page_organization.rs"
verus failed, reverting
commenting out line Lines { lines: 164..=164 } in "./tmp/12/pigeonhole.rs"
verus succeeded with time: 142040ms
commenting out line Lines { lines: 1564..=1564 } in "./tmp/3/tokens.rs"
verus succeeded with time: 144502ms
commenting out line Lines { lines: 404..=404 } in "./tmp/11/os_mem_util.rs"
verus succeeded with time: 141371ms
commenting out line Lines { lines: 362..=362 } in "./tmp/6/layout.rs"
verus succeeded with time: 140249ms
commenting out line Lines { lines: 225..=225 } in "./tmp/13/linked_list.rs"
verus failed, reverting
commenting out line Lines { lines: 312..=312 } in "./tmp/8/bin_sizes.rs"
verus succeeded with time: 142526ms
commenting out line Lines { lines: 861..=861 } in "./tmp/10/page_organization.rs"
verus succeeded with time: 141869ms
commenting out line Lines { lines: 166..=166 } in "./tmp/12/pigeonhole.rs"
verus failed, reverting
commenting out line Lines { lines: 421..=421 } in "./tmp/6/layout.rs"
verus succeeded with time: 145155ms
commenting out line Lines { lines: 1566..=1566 } in "./tmp/3/tokens.rs"
verus succeeded with time: 142590ms
commenting out line Lines { lines: 409..=409 } in "./tmp/11/os_mem_util.rs"
verus failed, reverting
commenting out line Lines { lines: 228..=228 } in "./tmp/13/linked_list.rs"
verus failed, reverting
commenting out line Lines { lines: 313..=313 } in "./tmp/8/bin_sizes.rs"
verus failed, reverting
commenting out line Lines { lines: 167..=167 } in "./tmp/12/pigeonhole.rs"
verus succeeded with time: 143992ms
commenting out line Lines { lines: 863..=863 } in "./tmp/10/page_organization.rs"
verus failed, reverting
commenting out line Lines { lines: 422..=422 } in "./tmp/6/layout.rs"
verus succeeded with time: 144075ms
commenting out line Lines { lines: 1558..=1568 } in "./tmp/3/tokens.rs"
verus succeeded with time: 143687ms
commenting out line Lines { lines: 410..=410 } in "./tmp/11/os_mem_util.rs"
verus succeeded with time: 147809ms
commenting out line Lines { lines: 223..=242 } in "./tmp/13/linked_list.rs"
verus failed, reverting
commenting out line Lines { lines: 314..=314 } in "./tmp/8/bin_sizes.rs"
verus succeeded with time: 143035ms
commenting out line Lines { lines: 163..=169 } in "./tmp/12/pigeonhole.rs"
verus failed, reverting
commenting out line Lines { lines: 928..=928 } in "./tmp/10/page_organization.rs"
verus succeeded with time: 142384ms
commenting out line Lines { lines: 424..=424 } in "./tmp/6/layout.rs"
verus succeeded with time: 138295ms
commenting out line Lines { lines: 1599..=1599 } in "./tmp/3/tokens.rs"
verus succeeded with time: 139036ms
commenting out line Lines { lines: 411..=411 } in "./tmp/11/os_mem_util.rs"
verus failed, reverting
commenting out line Lines { lines: 308..=308 } in "./tmp/13/linked_list.rs"
verus failed, reverting
commenting out line Lines { lines: 315..=315 } in "./tmp/8/bin_sizes.rs"
verus failed, reverting
minimization of ./tmp/12/pigeonhole.rs is completed
minimization of ./tmp/14/bitmap.rs is completed
commenting out line Lines { lines: 14..=14 } in "./tmp/15/commit_mask.rs"
verus failed, reverting
commenting out line Lines { lines: 425..=425 } in "./tmp/6/layout.rs"
verus succeeded with time: 143441ms
commenting out line Lines { lines: 930..=930 } in "./tmp/10/page_organization.rs"
verus succeeded with time: 142155ms
commenting out line Lines { lines: 1604..=1604 } in "./tmp/3/tokens.rs"
verus succeeded with time: 142196ms
commenting out line Lines { lines: 412..=417 } in "./tmp/11/os_mem_util.rs"
verus succeeded with time: 146420ms
commenting out line Lines { lines: 305..=310 } in "./tmp/13/linked_list.rs"
verus failed, reverting
commenting out line Lines { lines: 316..=316 } in "./tmp/8/bin_sizes.rs"
verus failed, reverting
commenting out line Lines { lines: 426..=427 } in "./tmp/6/layout.rs"
verus failed, reverting
commenting out line Lines { lines: 16..=16 } in "./tmp/15/commit_mask.rs"
verus failed, reverting
commenting out line Lines { lines: 418..=418 } in "./tmp/11/os_mem_util.rs"
verus succeeded with time: 142609ms
commenting out line Lines { lines: 932..=932 } in "./tmp/10/page_organization.rs"
verus succeeded with time: 140923ms
commenting out line Lines { lines: 1606..=1606 } in "./tmp/3/tokens.rs"
verus succeeded with time: 141582ms
commenting out line Lines { lines: 314..=314 } in "./tmp/13/linked_list.rs"
verus failed, reverting
commenting out line Lines { lines: 317..=317 } in "./tmp/8/bin_sizes.rs"
verus failed, reverting
commenting out line Lines { lines: 12..=18 } in "./tmp/15/commit_mask.rs"
verus failed, reverting
commenting out line Lines { lines: 430..=434 } in "./tmp/6/layout.rs"
verus failed, reverting
commenting out line Lines { lines: 405..=419 } in "./tmp/11/os_mem_util.rs"
verus succeeded with time: 141858ms
commenting out line Lines { lines: 1973..=1973 } in "./tmp/10/page_organization.rs"
verus succeeded with time: 143969ms
commenting out line Lines { lines: 1608..=1608 } in "./tmp/3/tokens.rs"
verus failed, reverting
commenting out line Lines { lines: 317..=317 } in "./tmp/13/linked_list.rs"
verus failed, reverting
commenting out line Lines { lines: 318..=318 } in "./tmp/8/bin_sizes.rs"
verus failed, reverting
verus failed, reverting
commenting out line Lines { lines: 19..=19 } in "./tmp/15/commit_mask.rs"
commenting out line Lines { lines: 439..=439 } in "./tmp/6/layout.rs"
verus failed, reverting
commenting out line Lines { lines: 420..=420 } in "./tmp/11/os_mem_util.rs"
verus succeeded with time: 144421ms
commenting out line Lines { lines: 1977..=1977 } in "./tmp/10/page_organization.rs"
verus succeeded with time: 145464ms
commenting out line Lines { lines: 1600..=1610 } in "./tmp/3/tokens.rs"
verus succeeded with time: 138737ms
commenting out line Lines { lines: 312..=331 } in "./tmp/13/linked_list.rs"
verus failed, reverting
commenting out line Lines { lines: 319..=319 } in "./tmp/8/bin_sizes.rs"
verus failed, reverting
commenting out line Lines { lines: 440..=440 } in "./tmp/6/layout.rs"
verus failed, reverting
commenting out line Lines { lines: 25..=27 } in "./tmp/15/commit_mask.rs"
verus succeeded with time: 143913ms
commenting out line Lines { lines: 421..=425 } in "./tmp/11/os_mem_util.rs"
verus succeeded with time: 139508ms
commenting out line Lines { lines: 2001..=2001 } in "./tmp/10/page_organization.rs"
verus succeeded with time: 144708ms
commenting out line Lines { lines: 1612..=1612 } in "./tmp/3/tokens.rs"
verus failed, reverting
commenting out line Lines { lines: 341..=341 } in "./tmp/13/linked_list.rs"
verus failed, reverting
commenting out line Lines { lines: 320..=320 } in "./tmp/8/bin_sizes.rs"
verus failed, reverting
commenting out line Lines { lines: 442..=443 } in "./tmp/6/layout.rs"
verus failed, reverting
commenting out line Lines { lines: 66..=67 } in "./tmp/15/commit_mask.rs"
verus succeeded with time: 139962ms
commenting out line Lines { lines: 430..=437 } in "./tmp/11/os_mem_util.rs"
verus succeeded with time: 143363ms
commenting out line Lines { lines: 2002..=2002 } in "./tmp/10/page_organization.rs"
verus failed, reverting
commenting out line Lines { lines: 1613..=1613 } in "./tmp/3/tokens.rs"
verus failed, reverting
commenting out line Lines { lines: 343..=343 } in "./tmp/13/linked_list.rs"
verus failed, reverting
commenting out line Lines { lines: 321..=321 } in "./tmp/8/bin_sizes.rs"
verus failed, reverting
commenting out line Lines { lines: 441..=444 } in "./tmp/6/layout.rs"
verus failed, reverting
commenting out line Lines { lines: 68..=69 } in "./tmp/15/commit_mask.rs"
verus succeeded with time: 143999ms
commenting out line Lines { lines: 391..=438 } in "./tmp/11/os_mem_util.rs"
verus failed, reverting
commenting out line Lines { lines: 2006..=2006 } in "./tmp/10/page_organization.rs"
verus succeeded with time: 133039ms
commenting out line Lines { lines: 1614..=1614 } in "./tmp/3/tokens.rs"
verus failed, reverting
commenting out line Lines { lines: 322..=322 } in "./tmp/8/bin_sizes.rs"
verus succeeded with time: 142268ms
commenting out line Lines { lines: 346..=346 } in "./tmp/13/linked_list.rs"
verus failed, reverting
commenting out line Lines { lines: 445..=445 } in "./tmp/6/layout.rs"
verus failed, reverting
commenting out line Lines { lines: 70..=71 } in "./tmp/15/commit_mask.rs"
verus failed, reverting
commenting out line Lines { lines: 461..=461 } in "./tmp/11/os_mem_util.rs"
verus succeeded with time: 141531ms
commenting out line Lines { lines: 2011..=2011 } in "./tmp/10/page_organization.rs"
verus succeeded with time: 137295ms
commenting out line Lines { lines: 1656..=1656 } in "./tmp/3/tokens.rs"
verus failed, reverting
commenting out line Lines { lines: 323..=323 } in "./tmp/8/bin_sizes.rs"
verus succeeded with time: 147184ms
commenting out line Lines { lines: 395..=395 } in "./tmp/13/linked_list.rs"
verus failed, reverting
commenting out line Lines { lines: 58..=73 } in "./tmp/15/commit_mask.rs"
verus succeeded with time: 142001ms
commenting out line Lines { lines: 450..=451 } in "./tmp/6/layout.rs"
verus failed, reverting
commenting out line Lines { lines: 457..=462 } in "./tmp/11/os_mem_util.rs"
verus failed, reverting
commenting out line Lines { lines: 1657..=1657 } in "./tmp/3/tokens.rs"
verus succeeded with time: 137453ms
commenting out line Lines { lines: 2016..=2016 } in "./tmp/10/page_organization.rs"
verus failed, reverting
commenting out line Lines { lines: 324..=324 } in "./tmp/8/bin_sizes.rs"
verus failed, reverting
commenting out line Lines { lines: 414..=414 } in "./tmp/13/linked_list.rs"
verus failed, reverting
commenting out line Lines { lines: 88..=89 } in "./tmp/15/commit_mask.rs"
verus failed, reverting
commenting out line Lines { lines: 454..=454 } in "./tmp/6/layout.rs"
verus failed, reverting
commenting out line Lines { lines: 482..=482 } in "./tmp/11/os_mem_util.rs"
verus succeeded with time: 139636ms
commenting out line Lines { lines: 1659..=1659 } in "./tmp/3/tokens.rs"
verus succeeded with time: 140178ms
commenting out line Lines { lines: 2024..=2024 } in "./tmp/10/page_organization.rs"
verus failed, reverting
commenting out line Lines { lines: 325..=325 } in "./tmp/8/bin_sizes.rs"
verus failed, reverting
commenting out line Lines { lines: 417..=417 } in "./tmp/13/linked_list.rs"
verus failed, reverting
commenting out line Lines { lines: 90..=90 } in "./tmp/15/commit_mask.rs"
verus succeeded with time: 140875ms
commenting out line Lines { lines: 446..=456 } in "./tmp/6/layout.rs"
verus failed, reverting
commenting out line Lines { lines: 478..=483 } in "./tmp/11/os_mem_util.rs"
verus succeeded with time: 140549ms
commenting out line Lines { lines: 1650..=1661 } in "./tmp/3/tokens.rs"
verus succeeded with time: 144293ms
commenting out line Lines { lines: 2028..=2028 } in "./tmp/10/page_organization.rs"
verus failed, reverting
commenting out line Lines { lines: 326..=326 } in "./tmp/8/bin_sizes.rs"
verus succeeded with time: 144848ms
commenting out line Lines { lines: 412..=419 } in "./tmp/13/linked_list.rs"
verus failed, reverting
commenting out line Lines { lines: 94..=95 } in "./tmp/15/commit_mask.rs"
verus failed, reverting
commenting out line Lines { lines: 457..=460 } in "./tmp/6/layout.rs"
verus failed, reverting
commenting out line Lines { lines: 488..=488 } in "./tmp/11/os_mem_util.rs"
verus failed, reverting
minimization of ./tmp/3/tokens.rs is completed
minimization of ./tmp/16/arena.rs is completed
minimization of ./tmp/17/alloc_fast.rs is completed
commenting out line Lines { lines: 171..=172 } in "./tmp/18/alloc_generic.rs"
verus failed, reverting
commenting out line Lines { lines: 2030..=2030 } in "./tmp/10/page_organization.rs"
verus failed, reverting
commenting out line Lines { lines: 327..=327 } in "./tmp/8/bin_sizes.rs"
verus failed, reverting
commenting out line Lines { lines: 421..=421 } in "./tmp/13/linked_list.rs"
verus failed, reverting
commenting out line Lines { lines: 97..=98 } in "./tmp/15/commit_mask.rs"
verus succeeded with time: 141687ms
commenting out line Lines { lines: 472..=474 } in "./tmp/6/layout.rs"
verus failed, reverting
commenting out line Lines { lines: 484..=489 } in "./tmp/11/os_mem_util.rs"
verus failed, reverting
commenting out line Lines { lines: 173..=174 } in "./tmp/18/alloc_generic.rs"
verus succeeded with time: 151577ms
commenting out line Lines { lines: 2032..=2032 } in "./tmp/10/page_organization.rs"
verus failed, reverting
commenting out line Lines { lines: 328..=328 } in "./tmp/8/bin_sizes.rs"
verus succeeded with time: 145142ms
commenting out line Lines { lines: 422..=422 } in "./tmp/13/linked_list.rs"
verus failed, reverting
commenting out line Lines { lines: 111..=111 } in "./tmp/15/commit_mask.rs"
verus failed, reverting
commenting out line Lines { lines: 475..=475 } in "./tmp/6/layout.rs"
verus failed, reverting
commenting out line Lines { lines: 494..=494 } in "./tmp/11/os_mem_util.rs"
verus failed, reverting
commenting out line Lines { lines: 175..=176 } in "./tmp/18/alloc_generic.rs"
verus succeeded with time: 144426ms
commenting out line Lines { lines: 2034..=2034 } in "./tmp/10/page_organization.rs"
verus failed, reverting
commenting out line Lines { lines: 329..=329 } in "./tmp/8/bin_sizes.rs"
verus failed, reverting
commenting out line Lines { lines: 112..=112 } in "./tmp/15/commit_mask.rs"
verus succeeded with time: 144968ms
commenting out line Lines { lines: 423..=423 } in "./tmp/13/linked_list.rs"
verus failed, reverting
commenting out line Lines { lines: 490..=495 } in "./tmp/11/os_mem_util.rs"
verus succeeded with time: 144665ms
commenting out line Lines { lines: 483..=485 } in "./tmp/6/layout.rs"
verus failed, reverting
commenting out line Lines { lines: 200..=200 } in "./tmp/18/alloc_generic.rs"
verus succeeded with time: 139559ms
commenting out line Lines { lines: 2036..=2036 } in "./tmp/10/page_organization.rs"
verus failed, reverting
commenting out line Lines { lines: 330..=330 } in "./tmp/8/bin_sizes.rs"
verus failed, reverting
commenting out line Lines { lines: 123..=124 } in "./tmp/15/commit_mask.rs"
verus succeeded with time: 143235ms
commenting out line Lines { lines: 432..=432 } in "./tmp/13/linked_list.rs"
verus failed, reverting
commenting out line Lines { lines: 500..=500 } in "./tmp/11/os_mem_util.rs"
verus failed, reverting
commenting out line Lines { lines: 486..=486 } in "./tmp/6/layout.rs"
verus succeeded with time: 141583ms
commenting out line Lines { lines: 202..=202 } in "./tmp/18/alloc_generic.rs"
verus succeeded with time: 150909ms
commenting out line Lines { lines: 2037..=2037 } in "./tmp/10/page_organization.rs"
verus failed, reverting
commenting out line Lines { lines: 331..=331 } in "./tmp/8/bin_sizes.rs"
verus failed, reverting
commenting out line Lines { lines: 127..=128 } in "./tmp/15/commit_mask.rs"
verus failed, reverting
commenting out line Lines { lines: 496..=501 } in "./tmp/11/os_mem_util.rs"
verus succeeded with time: 146399ms
commenting out line Lines { lines: 435..=435 } in "./tmp/13/linked_list.rs"
verus succeeded with time: 136481ms
commenting out line Lines { lines: 503..=504 } in "./tmp/6/layout.rs"
verus succeeded with time: 144584ms
commenting out line Lines { lines: 226..=229 } in "./tmp/18/alloc_generic.rs"
verus succeeded with time: 142978ms
commenting out line Lines { lines: 2042..=2042 } in "./tmp/10/page_organization.rs"
verus failed, reverting
commenting out line Lines { lines: 332..=332 } in "./tmp/8/bin_sizes.rs"
verus failed, reverting
commenting out line Lines { lines: 142..=143 } in "./tmp/15/commit_mask.rs"
verus failed, reverting
commenting out line Lines { lines: 550..=557 } in "./tmp/11/os_mem_util.rs"
verus succeeded with time: 139738ms
commenting out line Lines { lines: 589..=589 } in "./tmp/13/linked_list.rs"
verus succeeded with time: 137176ms
commenting out line Lines { lines: 510..=510 } in "./tmp/6/layout.rs"
verus succeeded with time: 146167ms
commenting out line Lines { lines: 231..=232 } in "./tmp/18/alloc_generic.rs"
verus succeeded with time: 151761ms
commenting out line Lines { lines: 2046..=2046 } in "./tmp/10/page_organization.rs"
verus failed, reverting
commenting out line Lines { lines: 333..=333 } in "./tmp/8/bin_sizes.rs"
verus failed, reverting
commenting out line Lines { lines: 144..=144 } in "./tmp/15/commit_mask.rs"
verus failed, reverting
commenting out line Lines { lines: 590..=590 } in "./tmp/13/linked_list.rs"
verus succeeded with time: 143801ms
commenting out line Lines { lines: 588..=588 } in "./tmp/11/os_mem_util.rs"
verus succeeded with time: 137682ms
commenting out line Lines { lines: 511..=511 } in "./tmp/6/layout.rs"
verus failed, reverting
commenting out line Lines { lines: 265..=266 } in "./tmp/18/alloc_generic.rs"
verus failed, reverting
commenting out line Lines { lines: 334..=334 } in "./tmp/8/bin_sizes.rs"
verus failed, reverting
commenting out line Lines { lines: 148..=149 } in "./tmp/15/commit_mask.rs"
verus succeeded with time: 142602ms
commenting out line Lines { lines: 2054..=2054 } in "./tmp/10/page_organization.rs"
verus failed, reverting
commenting out line Lines { lines: 611..=611 } in "./tmp/13/linked_list.rs"
verus succeeded with time: 138119ms
commenting out line Lines { lines: 589..=589 } in "./tmp/11/os_mem_util.rs"
verus succeeded with time: 137549ms
commenting out line Lines { lines: 514..=514 } in "./tmp/6/layout.rs"
verus succeeded with time: 142191ms
commenting out line Lines { lines: 269..=270 } in "./tmp/18/alloc_generic.rs"
verus failed, reverting
commenting out line Lines { lines: 151..=152 } in "./tmp/15/commit_mask.rs"
verus failed, reverting
commenting out line Lines { lines: 335..=335 } in "./tmp/8/bin_sizes.rs"
verus succeeded with time: 148224ms
commenting out line Lines { lines: 2059..=2059 } in "./tmp/10/page_organization.rs"
verus failed, reverting
commenting out line Lines { lines: 638..=638 } in "./tmp/13/linked_list.rs"
verus succeeded with time: 138943ms
commenting out line Lines { lines: 516..=516 } in "./tmp/6/layout.rs"
verus succeeded with time: 142978ms
commenting out line Lines { lines: 590..=590 } in "./tmp/11/os_mem_util.rs"
verus failed, reverting
commenting out line Lines { lines: 257..=285 } in "./tmp/18/alloc_generic.rs"
verus failed, reverting
commenting out line Lines { lines: 164..=164 } in "./tmp/15/commit_mask.rs"
verus failed, reverting
commenting out line Lines { lines: 336..=336 } in "./tmp/8/bin_sizes.rs"
verus failed, reverting
commenting out line Lines { lines: 2061..=2061 } in "./tmp/10/page_organization.rs"
verus failed, reverting
commenting out line Lines { lines: 635..=639 } in "./tmp/13/linked_list.rs"
verus failed, reverting
commenting out line Lines { lines: 517..=517 } in "./tmp/6/layout.rs"
verus succeeded with time: 139308ms
commenting out line Lines { lines: 595..=595 } in "./tmp/11/os_mem_util.rs"
verus failed, reverting
commenting out line Lines { lines: 321..=321 } in "./tmp/18/alloc_generic.rs"
verus failed, reverting
commenting out line Lines { lines: 181..=181 } in "./tmp/15/commit_mask.rs"
verus failed, reverting
commenting out line Lines { lines: 337..=337 } in "./tmp/8/bin_sizes.rs"
verus succeeded with time: 147728ms
commenting out line Lines { lines: 2063..=2063 } in "./tmp/10/page_organization.rs"
verus failed, reverting
commenting out line Lines { lines: 652..=652 } in "./tmp/13/linked_list.rs"
verus succeeded with time: 140408ms
commenting out line Lines { lines: 520..=520 } in "./tmp/6/layout.rs"
verus succeeded with time: 145474ms
commenting out line Lines { lines: 596..=596 } in "./tmp/11/os_mem_util.rs"
verus succeeded with time: 140438ms
commenting out line Lines { lines: 322..=322 } in "./tmp/18/alloc_generic.rs"
verus failed, reverting
commenting out line Lines { lines: 182..=182 } in "./tmp/15/commit_mask.rs"
verus failed, reverting
commenting out line Lines { lines: 338..=338 } in "./tmp/8/bin_sizes.rs"
verus succeeded with time: 136104ms
commenting out line Lines { lines: 2007..=2066 } in "./tmp/10/page_organization.rs"
verus failed, reverting
commenting out line Lines { lines: 653..=653 } in "./tmp/13/linked_list.rs"
verus failed, reverting
commenting out line Lines { lines: 545..=545 } in "./tmp/6/layout.rs"
verus succeeded with time: 150793ms
commenting out line Lines { lines: 597..=597 } in "./tmp/11/os_mem_util.rs"
verus succeeded with time: 147323ms
commenting out line Lines { lines: 323..=323 } in "./tmp/18/alloc_generic.rs"
verus failed, reverting
commenting out line Lines { lines: 183..=184 } in "./tmp/15/commit_mask.rs"
verus failed, reverting
commenting out line Lines { lines: 339..=339 } in "./tmp/8/bin_sizes.rs"
verus failed, reverting
commenting out line Lines { lines: 2067..=2067 } in "./tmp/10/page_organization.rs"
verus failed, reverting
commenting out line Lines { lines: 656..=656 } in "./tmp/13/linked_list.rs"
verus succeeded with time: 140655ms
commenting out line Lines { lines: 549..=549 } in "./tmp/6/layout.rs"
verus succeeded with time: 140364ms
commenting out line Lines { lines: 598..=598 } in "./tmp/11/os_mem_util.rs"
verus succeeded with time: 144856ms
commenting out line Lines { lines: 315..=327 } in "./tmp/18/alloc_generic.rs"
verus failed, reverting
commenting out line Lines { lines: 185..=186 } in "./tmp/15/commit_mask.rs"
verus failed, reverting
commenting out line Lines { lines: 340..=340 } in "./tmp/8/bin_sizes.rs"
verus succeeded with time: 136368ms
commenting out line Lines { lines: 2075..=2075 } in "./tmp/10/page_organization.rs"
verus failed, reverting
commenting out line Lines { lines: 657..=657 } in "./tmp/13/linked_list.rs"
verus failed, reverting
commenting out line Lines { lines: 553..=553 } in "./tmp/6/layout.rs"
verus failed, reverting
commenting out line Lines { lines: 591..=599 } in "./tmp/11/os_mem_util.rs"
verus failed, reverting
commenting out line Lines { lines: 346..=347 } in "./tmp/18/alloc_generic.rs"
verus failed, reverting
commenting out line Lines { lines: 187..=188 } in "./tmp/15/commit_mask.rs"
verus failed, reverting
commenting out line Lines { lines: 341..=341 } in "./tmp/8/bin_sizes.rs"
verus succeeded with time: 142586ms
commenting out line Lines { lines: 2082..=2082 } in "./tmp/10/page_organization.rs"
verus succeeded with time: 143664ms
commenting out line Lines { lines: 660..=660 } in "./tmp/13/linked_list.rs"
verus failed, reverting
commenting out line Lines { lines: 595..=595 } in "./tmp/6/layout.rs"
verus failed, reverting
commenting out line Lines { lines: 600..=600 } in "./tmp/11/os_mem_util.rs"
verus failed, reverting
commenting out line Lines { lines: 328..=360 } in "./tmp/18/alloc_generic.rs"
verus failed, reverting
commenting out line Lines { lines: 219..=223 } in "./tmp/15/commit_mask.rs"
verus failed, reverting
commenting out line Lines { lines: 342..=342 } in "./tmp/8/bin_sizes.rs"
verus succeeded with time: 146903ms
commenting out line Lines { lines: 2086..=2086 } in "./tmp/10/page_organization.rs"
verus succeeded with time: 140111ms
commenting out line Lines { lines: 662..=662 } in "./tmp/13/linked_list.rs"
verus succeeded with time: 141068ms
commenting out line Lines { lines: 627..=627 } in "./tmp/6/layout.rs"
verus succeeded with time: 145503ms
commenting out line Lines { lines: 601..=601 } in "./tmp/11/os_mem_util.rs"
verus failed, reverting
commenting out line Lines { lines: 415..=415 } in "./tmp/18/alloc_generic.rs"
verus failed, reverting
commenting out line Lines { lines: 216..=224 } in "./tmp/15/commit_mask.rs"
verus failed, reverting
commenting out line Lines { lines: 343..=343 } in "./tmp/8/bin_sizes.rs"
verus failed, reverting
commenting out line Lines { lines: 2069..=2087 } in "./tmp/10/page_organization.rs"
verus succeeded with time: 143014ms
commenting out line Lines { lines: 664..=664 } in "./tmp/13/linked_list.rs"
verus failed, reverting
commenting out line Lines { lines: 680..=680 } in "./tmp/6/layout.rs"
verus failed, reverting
commenting out line Lines { lines: 602..=606 } in "./tmp/11/os_mem_util.rs"
verus failed, reverting
commenting out line Lines { lines: 243..=243 } in "./tmp/15/commit_mask.rs"
verus succeeded with time: 142463ms
commenting out line Lines { lines: 418..=418 } in "./tmp/18/alloc_generic.rs"
verus failed, reverting
commenting out line Lines { lines: 344..=344 } in "./tmp/8/bin_sizes.rs"
verus failed, reverting
commenting out line Lines { lines: 2088..=2088 } in "./tmp/10/page_organization.rs"
verus failed, reverting
minimization of ./tmp/6/layout.rs is completed
commenting out line Lines { lines: 157..=157 } in "./tmp/19/free.rs"
verus succeeded with time: 136330ms
commenting out line Lines { lines: 650..=666 } in "./tmp/13/linked_list.rs"
verus succeeded with time: 150622ms
commenting out line Lines { lines: 607..=607 } in "./tmp/11/os_mem_util.rs"
verus failed, reverting
commenting out line Lines { lines: 261..=261 } in "./tmp/15/commit_mask.rs"
verus succeeded with time: 142961ms
minimization of ./tmp/18/alloc_generic.rs is completed
minimization of ./tmp/20/realloc.rs is completed
commenting out line Lines { lines: 134..=134 } in "./tmp/21/segment.rs"
verus failed, reverting
commenting out line Lines { lines: 345..=345 } in "./tmp/8/bin_sizes.rs"
verus succeeded with time: 142746ms
commenting out line Lines { lines: 1999..=2090 } in "./tmp/10/page_organization.rs"
verus failed, reverting
commenting out line Lines { lines: 804..=804 } in "./tmp/13/linked_list.rs"
verus succeeded with time: 139157ms
commenting out line Lines { lines: 571..=571 } in "./tmp/19/free.rs"
verus succeeded with time: 143478ms
commenting out line Lines { lines: 663..=664 } in "./tmp/11/os_mem_util.rs"
verus failed, reverting
commenting out line Lines { lines: 288..=288 } in "./tmp/15/commit_mask.rs"
verus succeeded with time: 142434ms
commenting out line Lines { lines: 139..=139 } in "./tmp/21/segment.rs"
verus failed, reverting
commenting out line Lines { lines: 346..=346 } in "./tmp/8/bin_sizes.rs"
verus failed, reverting
commenting out line Lines { lines: 2107..=2107 } in "./tmp/10/page_organization.rs"
verus succeeded with time: 135113ms
minimization of ./tmp/19/free.rs is completed
commenting out line Lines { lines: 107..=107 } in "./tmp/22/commit_segment.rs"
verus succeeded with time: 144358ms
commenting out line Lines { lines: 805..=805 } in "./tmp/13/linked_list.rs"
verus failed, reverting
commenting out line Lines { lines: 298..=298 } in "./tmp/15/commit_mask.rs"
verus succeeded with time: 137628ms
commenting out line Lines { lines: 673..=673 } in "./tmp/11/os_mem_util.rs"
verus succeeded with time: 142130ms
commenting out line Lines { lines: 140..=140 } in "./tmp/21/segment.rs"
verus failed, reverting
commenting out line Lines { lines: 347..=347 } in "./tmp/8/bin_sizes.rs"
verus succeeded with time: 141094ms
commenting out line Lines { lines: 2113..=2115 } in "./tmp/10/page_organization.rs"
verus succeeded with time: 135208ms
commenting out line Lines { lines: 108..=108 } in "./tmp/22/commit_segment.rs"
verus failed, reverting
commenting out line Lines { lines: 806..=807 } in "./tmp/13/linked_list.rs"
verus succeeded with time: 141077ms
commenting out line Lines { lines: 319..=319 } in "./tmp/15/commit_mask.rs"
verus succeeded with time: 139235ms
commenting out line Lines { lines: 674..=674 } in "./tmp/11/os_mem_util.rs"
verus succeeded with time: 138574ms
commenting out line Lines { lines: 141..=141 } in "./tmp/21/segment.rs"
verus failed, reverting
commenting out line Lines { lines: 348..=348 } in "./tmp/8/bin_sizes.rs"
verus succeeded with time: 142094ms
commenting out line Lines { lines: 2133..=2135 } in "./tmp/10/page_organization.rs"
verus succeeded with time: 135260ms
commenting out line Lines { lines: 110..=110 } in "./tmp/22/commit_segment.rs"
verus failed, reverting
commenting out line Lines { lines: 808..=809 } in "./tmp/13/linked_list.rs"
verus failed, reverting
commenting out line Lines { lines: 341..=341 } in "./tmp/15/commit_mask.rs"
verus succeeded with time: 141804ms
commenting out line Lines { lines: 675..=675 } in "./tmp/11/os_mem_util.rs"
verus succeeded with time: 142990ms
commenting out line Lines { lines: 142..=142 } in "./tmp/21/segment.rs"
verus failed, reverting
commenting out line Lines { lines: 349..=349 } in "./tmp/8/bin_sizes.rs"
verus succeeded with time: 136730ms
commenting out line Lines { lines: 2161..=2161 } in "./tmp/10/page_organization.rs"
verus succeeded with time: 143973ms
commenting out line Lines { lines: 112..=112 } in "./tmp/22/commit_segment.rs"
verus succeeded with time: 141013ms
commenting out line Lines { lines: 810..=811 } in "./tmp/13/linked_list.rs"
verus failed, reverting
commenting out line Lines { lines: 363..=363 } in "./tmp/15/commit_mask.rs"
verus succeeded with time: 137695ms
commenting out line Lines { lines: 682..=682 } in "./tmp/11/os_mem_util.rs"
verus succeeded with time: 137666ms
commenting out line Lines { lines: 144..=144 } in "./tmp/21/segment.rs"
verus failed, reverting
commenting out line Lines { lines: 350..=350 } in "./tmp/8/bin_sizes.rs"
verus succeeded with time: 135299ms
commenting out line Lines { lines: 2164..=2164 } in "./tmp/10/page_organization.rs"
verus failed, reverting
commenting out line Lines { lines: 812..=812 } in "./tmp/13/linked_list.rs"
verus succeeded with time: 146971ms
commenting out line Lines { lines: 113..=113 } in "./tmp/22/commit_segment.rs"
verus failed, reverting
commenting out line Lines { lines: 385..=385 } in "./tmp/15/commit_mask.rs"
verus succeeded with time: 142863ms
commenting out line Lines { lines: 683..=683 } in "./tmp/11/os_mem_util.rs"
verus succeeded with time: 139834ms
commenting out line Lines { lines: 138..=145 } in "./tmp/21/segment.rs"
verus failed, reverting
commenting out line Lines { lines: 351..=351 } in "./tmp/8/bin_sizes.rs"
verus succeeded with time: 141989ms
commenting out line Lines { lines: 2153..=2166 } in "./tmp/10/page_organization.rs"
verus succeeded with time: 135952ms
commenting out line Lines { lines: 813..=813 } in "./tmp/13/linked_list.rs"
verus succeeded with time: 144380ms
commenting out line Lines { lines: 114..=114 } in "./tmp/22/commit_segment.rs"
verus failed, reverting
commenting out line Lines { lines: 386..=386 } in "./tmp/15/commit_mask.rs"
verus succeeded with time: 144905ms
commenting out line Lines { lines: 684..=684 } in "./tmp/11/os_mem_util.rs"
verus succeeded with time: 134822ms
commenting out line Lines { lines: 146..=146 } in "./tmp/21/segment.rs"
verus failed, reverting
commenting out line Lines { lines: 352..=352 } in "./tmp/8/bin_sizes.rs"
verus failed, reverting
commenting out line Lines { lines: 2199..=2199 } in "./tmp/10/page_organization.rs"
verus succeeded with time: 135694ms
commenting out line Lines { lines: 878..=878 } in "./tmp/13/linked_list.rs"
verus succeeded with time: 136312ms
commenting out line Lines { lines: 116..=116 } in "./tmp/22/commit_segment.rs"
verus failed, reverting
commenting out line Lines { lines: 388..=388 } in "./tmp/15/commit_mask.rs"
verus succeeded with time: 140945ms
commenting out line Lines { lines: 685..=690 } in "./tmp/11/os_mem_util.rs"
verus succeeded with time: 144467ms
commenting out line Lines { lines: 253..=253 } in "./tmp/21/segment.rs"
verus failed, reverting
commenting out line Lines { lines: 353..=353 } in "./tmp/8/bin_sizes.rs"
verus succeeded with time: 140212ms
commenting out line Lines { lines: 2201..=2201 } in "./tmp/10/page_organization.rs"
verus succeeded with time: 146039ms
commenting out line Lines { lines: 879..=879 } in "./tmp/13/linked_list.rs"
verus succeeded with time: 139348ms
commenting out line Lines { lines: 118..=118 } in "./tmp/22/commit_segment.rs"
verus succeeded with time: 141471ms
commenting out line Lines { lines: 389..=389 } in "./tmp/15/commit_mask.rs"
verus failed, reverting
commenting out line Lines { lines: 691..=691 } in "./tmp/11/os_mem_util.rs"
verus failed, reverting
commenting out line Lines { lines: 354..=354 } in "./tmp/8/bin_sizes.rs"
verus succeeded with time: 144164ms
commenting out line Lines { lines: 259..=259 } in "./tmp/21/segment.rs"
verus succeeded with time: 135611ms
commenting out line Lines { lines: 2203..=2203 } in "./tmp/10/page_organization.rs"
verus succeeded with time: 137566ms
commenting out line Lines { lines: 880..=881 } in "./tmp/13/linked_list.rs"
verus succeeded with time: 148380ms
commenting out line Lines { lines: 119..=119 } in "./tmp/22/commit_segment.rs"
verus failed, reverting
commenting out line Lines { lines: 391..=391 } in "./tmp/15/commit_mask.rs"
verus failed, reverting
commenting out line Lines { lines: 693..=693 } in "./tmp/11/os_mem_util.rs"
verus failed, reverting
commenting out line Lines { lines: 355..=355 } in "./tmp/8/bin_sizes.rs"
verus succeeded with time: 136103ms
commenting out line Lines { lines: 268..=268 } in "./tmp/21/segment.rs"
verus succeeded with time: 145627ms
commenting out line Lines { lines: 2206..=2206 } in "./tmp/10/page_organization.rs"
verus failed, reverting
commenting out line Lines { lines: 882..=883 } in "./tmp/13/linked_list.rs"
verus succeeded with time: 143710ms
commenting out line Lines { lines: 122..=122 } in "./tmp/22/commit_segment.rs"
verus failed, reverting
commenting out line Lines { lines: 390..=392 } in "./tmp/15/commit_mask.rs"
verus succeeded with time: 137887ms
commenting out line Lines { lines: 694..=694 } in "./tmp/11/os_mem_util.rs"
verus failed, reverting
commenting out line Lines { lines: 356..=356 } in "./tmp/8/bin_sizes.rs"
verus succeeded with time: 139321ms
commenting out line Lines { lines: 294..=294 } in "./tmp/21/segment.rs"
verus succeeded with time: 141735ms
commenting out line Lines { lines: 2236..=2236 } in "./tmp/10/page_organization.rs"
verus failed, reverting
commenting out line Lines { lines: 884..=884 } in "./tmp/13/linked_list.rs"
verus failed, reverting
commenting out line Lines { lines: 182..=182 } in "./tmp/22/commit_segment.rs"
verus failed, reverting
commenting out line Lines { lines: 395..=395 } in "./tmp/15/commit_mask.rs"
verus failed, reverting
commenting out line Lines { lines: 677..=696 } in "./tmp/11/os_mem_util.rs"
verus failed, reverting
commenting out line Lines { lines: 357..=357 } in "./tmp/8/bin_sizes.rs"
verus succeeded with time: 138575ms
commenting out line Lines { lines: 610..=610 } in "./tmp/21/segment.rs"
verus succeeded with time: 139189ms
commenting out line Lines { lines: 2237..=2237 } in "./tmp/10/page_organization.rs"
verus succeeded with time: 141426ms
commenting out line Lines { lines: 887..=888 } in "./tmp/13/linked_list.rs"
verus succeeded with time: 140392ms
commenting out line Lines { lines: 183..=183 } in "./tmp/22/commit_segment.rs"
verus failed, reverting
commenting out line Lines { lines: 393..=396 } in "./tmp/15/commit_mask.rs"
verus failed, reverting
commenting out line Lines { lines: 703..=707 } in "./tmp/11/os_mem_util.rs"
verus failed, reverting
commenting out line Lines { lines: 358..=358 } in "./tmp/8/bin_sizes.rs"
verus succeeded with time: 143344ms
commenting out line Lines { lines: 768..=768 } in "./tmp/21/segment.rs"
verus succeeded with time: 139760ms
commenting out line Lines { lines: 2240..=2241 } in "./tmp/10/page_organization.rs"
verus failed, reverting
commenting out line Lines { lines: 889..=889 } in "./tmp/13/linked_list.rs"
verus failed, reverting
commenting out line Lines { lines: 397..=397 } in "./tmp/15/commit_mask.rs"
verus succeeded with time: 146235ms
commenting out line Lines { lines: 184..=184 } in "./tmp/22/commit_segment.rs"
verus failed, reverting
commenting out line Lines { lines: 359..=359 } in "./tmp/8/bin_sizes.rs"
verus succeeded with time: 143377ms
commenting out line Lines { lines: 767..=767 } in "./tmp/11/os_mem_util.rs"
verus failed, reverting
commenting out line Lines { lines: 766..=769 } in "./tmp/21/segment.rs"
verus succeeded with time: 148397ms
commenting out line Lines { lines: 2242..=2243 } in "./tmp/10/page_organization.rs"
verus succeeded with time: 139013ms
commenting out line Lines { lines: 885..=891 } in "./tmp/13/linked_list.rs"
verus failed, reverting
commenting out line Lines { lines: 413..=413 } in "./tmp/15/commit_mask.rs"
verus succeeded with time: 144402ms
commenting out line Lines { lines: 202..=202 } in "./tmp/22/commit_segment.rs"
verus failed, reverting
commenting out line Lines { lines: 360..=360 } in "./tmp/8/bin_sizes.rs"
verus succeeded with time: 135087ms
commenting out line Lines { lines: 768..=768 } in "./tmp/11/os_mem_util.rs"
verus failed, reverting
commenting out line Lines { lines: 829..=829 } in "./tmp/21/segment.rs"
verus succeeded with time: 141936ms
commenting out line Lines { lines: 2244..=2245 } in "./tmp/10/page_organization.rs"
verus failed, reverting
commenting out line Lines { lines: 921..=921 } in "./tmp/13/linked_list.rs"
verus failed, reverting
commenting out line Lines { lines: 410..=415 } in "./tmp/15/commit_mask.rs"
verus failed, reverting
commenting out line Lines { lines: 361..=361 } in "./tmp/8/bin_sizes.rs"
verus succeeded with time: 143463ms
commenting out line Lines { lines: 203..=207 } in "./tmp/22/commit_segment.rs"
verus succeeded with time: 138421ms
commenting out line Lines { lines: 769..=769 } in "./tmp/11/os_mem_util.rs"
verus failed, reverting
commenting out line Lines { lines: 1139..=1142 } in "./tmp/21/segment.rs"
verus failed, reverting
commenting out line Lines { lines: 922..=922 } in "./tmp/13/linked_list.rs"
verus succeeded with time: 145947ms
commenting out line Lines { lines: 2256..=2256 } in "./tmp/10/page_organization.rs"
verus failed, reverting
commenting out line Lines { lines: 420..=420 } in "./tmp/15/commit_mask.rs"
verus failed, reverting
commenting out line Lines { lines: 362..=362 } in "./tmp/8/bin_sizes.rs"
verus failed, reverting
commenting out line Lines { lines: 208..=208 } in "./tmp/22/commit_segment.rs"
verus succeeded with time: 133289ms
commenting out line Lines { lines: 777..=777 } in "./tmp/11/os_mem_util.rs"
verus succeeded with time: 146404ms
commenting out line Lines { lines: 1145..=1145 } in "./tmp/21/segment.rs"
verus succeeded with time: 137770ms
commenting out line Lines { lines: 923..=923 } in "./tmp/13/linked_list.rs"
verus succeeded with time: 140820ms
commenting out line Lines { lines: 2257..=2257 } in "./tmp/10/page_organization.rs"
verus failed, reverting
commenting out line Lines { lines: 425..=425 } in "./tmp/15/commit_mask.rs"
verus failed, reverting
commenting out line Lines { lines: 363..=363 } in "./tmp/8/bin_sizes.rs"
verus succeeded with time: 141692ms
commenting out line Lines { lines: 779..=779 } in "./tmp/11/os_mem_util.rs"
verus succeeded with time: 144039ms
commenting out line Lines { lines: 245..=245 } in "./tmp/22/commit_segment.rs"
verus succeeded with time: 142954ms
commenting out line Lines { lines: 1269..=1269 } in "./tmp/21/segment.rs"
verus succeeded with time: 139727ms
commenting out line Lines { lines: 926..=926 } in "./tmp/13/linked_list.rs"
verus succeeded with time: 139779ms
commenting out line Lines { lines: 2291..=2291 } in "./tmp/10/page_organization.rs"
verus failed, reverting
commenting out line Lines { lines: 435..=438 } in "./tmp/15/commit_mask.rs"
verus failed, reverting
commenting out line Lines { lines: 364..=364 } in "./tmp/8/bin_sizes.rs"
verus succeeded with time: 135332ms
commenting out line Lines { lines: 780..=780 } in "./tmp/11/os_mem_util.rs"
verus failed, reverting
commenting out line Lines { lines: 246..=246 } in "./tmp/22/commit_segment.rs"
verus failed, reverting
commenting out line Lines { lines: 1288..=1298 } in "./tmp/21/segment.rs"
verus failed, reverting
commenting out line Lines { lines: 927..=927 } in "./tmp/13/linked_list.rs"
verus succeeded with time: 140062ms
commenting out line Lines { lines: 2298..=2298 } in "./tmp/10/page_organization.rs"
verus failed, reverting
commenting out line Lines { lines: 365..=365 } in "./tmp/8/bin_sizes.rs"
verus succeeded with time: 145044ms
commenting out line Lines { lines: 444..=444 } in "./tmp/15/commit_mask.rs"
verus succeeded with time: 140240ms
commenting out line Lines { lines: 781..=781 } in "./tmp/11/os_mem_util.rs"
verus failed, reverting
commenting out line Lines { lines: 248..=248 } in "./tmp/22/commit_segment.rs"
verus failed, reverting
commenting out line Lines { lines: 1488..=1491 } in "./tmp/21/segment.rs"
verus succeeded with time: 143592ms
commenting out line Lines { lines: 928..=929 } in "./tmp/13/linked_list.rs"
verus succeeded with time: 142219ms
commenting out line Lines { lines: 2301..=2301 } in "./tmp/10/page_organization.rs"
verus failed, reverting
commenting out line Lines { lines: 366..=366 } in "./tmp/8/bin_sizes.rs"
verus failed, reverting
commenting out line Lines { lines: 456..=456 } in "./tmp/15/commit_mask.rs"
verus succeeded with time: 146866ms
commenting out line Lines { lines: 782..=787 } in "./tmp/11/os_mem_util.rs"
verus succeeded with time: 138900ms
commenting out line Lines { lines: 249..=253 } in "./tmp/22/commit_segment.rs"
verus failed, reverting
commenting out line Lines { lines: 1492..=1492 } in "./tmp/21/segment.rs"
verus succeeded with time: 140360ms
commenting out line Lines { lines: 2303..=2303 } in "./tmp/10/page_organization.rs"
verus succeeded with time: 145011ms
commenting out line Lines { lines: 931..=931 } in "./tmp/13/linked_list.rs"
verus failed, reverting
commenting out line Lines { lines: 367..=367 } in "./tmp/8/bin_sizes.rs"
verus failed, reverting
commenting out line Lines { lines: 462..=462 } in "./tmp/15/commit_mask.rs"
verus failed, reverting
commenting out line Lines { lines: 788..=788 } in "./tmp/11/os_mem_util.rs"
verus failed, reverting
commenting out line Lines { lines: 254..=254 } in "./tmp/22/commit_segment.rs"
verus succeeded with time: 144726ms
commenting out line Lines { lines: 1763..=1763 } in "./tmp/21/segment.rs"
verus succeeded with time: 135775ms
commenting out line Lines { lines: 946..=946 } in "./tmp/13/linked_list.rs"
verus failed, reverting
commenting out line Lines { lines: 2305..=2305 } in "./tmp/10/page_organization.rs"
verus failed, reverting
commenting out line Lines { lines: 368..=368 } in "./tmp/8/bin_sizes.rs"
verus succeeded with time: 141260ms
commenting out line Lines { lines: 466..=467 } in "./tmp/15/commit_mask.rs"
verus failed, reverting
commenting out line Lines { lines: 790..=790 } in "./tmp/11/os_mem_util.rs"
verus succeeded with time: 142799ms
commenting out line Lines { lines: 259..=259 } in "./tmp/22/commit_segment.rs"
verus succeeded with time: 144084ms
commenting out line Lines { lines: 1848..=1848 } in "./tmp/21/segment.rs"
verus succeeded with time: 137695ms
commenting out line Lines { lines: 2308..=2308 } in "./tmp/10/page_organization.rs"
verus succeeded with time: 145796ms
commenting out line Lines { lines: 951..=951 } in "./tmp/13/linked_list.rs"
verus failed, reverting
commenting out line Lines { lines: 369..=369 } in "./tmp/8/bin_sizes.rs"
verus succeeded with time: 133505ms
commenting out line Lines { lines: 469..=469 } in "./tmp/15/commit_mask.rs"
verus succeeded with time: 141107ms
commenting out line Lines { lines: 771..=792 } in "./tmp/11/os_mem_util.rs"
verus succeeded with time: 148894ms
commenting out line Lines { lines: 261..=261 } in "./tmp/22/commit_segment.rs"
verus failed, reverting
commenting out line Lines { lines: 1855..=1855 } in "./tmp/21/segment.rs"
verus succeeded with time: 136994ms
commenting out line Lines { lines: 2309..=2309 } in "./tmp/10/page_organization.rs"
verus failed, reverting
commenting out line Lines { lines: 370..=370 } in "./tmp/8/bin_sizes.rs"
verus succeeded with time: 143281ms
commenting out line Lines { lines: 952..=970 } in "./tmp/13/linked_list.rs"
verus succeeded with time: 138851ms
commenting out line Lines { lines: 476..=476 } in "./tmp/15/commit_mask.rs"
verus failed, reverting
commenting out line Lines { lines: 794..=794 } in "./tmp/11/os_mem_util.rs"
verus failed, reverting
commenting out line Lines { lines: 256..=263 } in "./tmp/22/commit_segment.rs"
verus succeeded with time: 141323ms
commenting out line Lines { lines: 1856..=1856 } in "./tmp/21/segment.rs"
verus succeeded with time: 141912ms
commenting out line Lines { lines: 2295..=2312 } in "./tmp/10/page_organization.rs"
verus failed, reverting
commenting out line Lines { lines: 974..=974 } in "./tmp/13/linked_list.rs"
verus failed, reverting
commenting out line Lines { lines: 371..=371 } in "./tmp/8/bin_sizes.rs"
verus succeeded with time: 150728ms
commenting out line Lines { lines: 479..=479 } in "./tmp/15/commit_mask.rs"
verus succeeded with time: 141532ms
commenting out line Lines { lines: 795..=795 } in "./tmp/11/os_mem_util.rs"
verus failed, reverting
commenting out line Lines { lines: 264..=264 } in "./tmp/22/commit_segment.rs"
verus succeeded with time: 137201ms
commenting out line Lines { lines: 1857..=1857 } in "./tmp/21/segment.rs"
verus failed, reverting
commenting out line Lines { lines: 975..=975 } in "./tmp/13/linked_list.rs"
verus failed, reverting
commenting out line Lines { lines: 2313..=2313 } in "./tmp/10/page_organization.rs"
verus failed, reverting
commenting out line Lines { lines: 372..=372 } in "./tmp/8/bin_sizes.rs"
verus failed, reverting
commenting out line Lines { lines: 477..=480 } in "./tmp/15/commit_mask.rs"
verus succeeded with time: 143071ms
commenting out line Lines { lines: 797..=801 } in "./tmp/11/os_mem_util.rs"
verus failed, reverting
commenting out line Lines { lines: 266..=270 } in "./tmp/22/commit_segment.rs"
verus succeeded with time: 145825ms
commenting out line Lines { lines: 1858..=1858 } in "./tmp/21/segment.rs"
verus succeeded with time: 136485ms
commenting out line Lines { lines: 2317..=2317 } in "./tmp/10/page_organization.rs"
verus failed, reverting
commenting out line Lines { lines: 373..=373 } in "./tmp/8/bin_sizes.rs"
verus succeeded with time: 140426ms
commenting out line Lines { lines: 976..=977 } in "./tmp/13/linked_list.rs"
verus failed, reverting
commenting out line Lines { lines: 471..=481 } in "./tmp/15/commit_mask.rs"
verus succeeded with time: 137835ms
commenting out line Lines { lines: 841..=841 } in "./tmp/11/os_mem_util.rs"
verus failed, reverting
commenting out line Lines { lines: 274..=279 } in "./tmp/22/commit_segment.rs"
verus failed, reverting
commenting out line Lines { lines: 1852..=1859 } in "./tmp/21/segment.rs"
verus succeeded with time: 139720ms
commenting out line Lines { lines: 2321..=2321 } in "./tmp/10/page_organization.rs"
verus failed, reverting
commenting out line Lines { lines: 433..=436 } in "./tmp/8/bin_sizes.rs"
verus succeeded with time: 145239ms
commenting out line Lines { lines: 979..=979 } in "./tmp/13/linked_list.rs"
verus failed, reverting
commenting out line Lines { lines: 482..=483 } in "./tmp/15/commit_mask.rs"
verus succeeded with time: 137861ms
commenting out line Lines { lines: 842..=842 } in "./tmp/11/os_mem_util.rs"
verus failed, reverting
commenting out line Lines { lines: 280..=283 } in "./tmp/22/commit_segment.rs"
verus failed, reverting
commenting out line Lines { lines: 1986..=1986 } in "./tmp/21/segment.rs"
verus failed, reverting
commenting out line Lines { lines: 461..=461 } in "./tmp/8/bin_sizes.rs"
verus succeeded with time: 141618ms
commenting out line Lines { lines: 2325..=2325 } in "./tmp/10/page_organization.rs"
verus succeeded with time: 139162ms
commenting out line Lines { lines: 981..=981 } in "./tmp/13/linked_list.rs"
verus succeeded with time: 145216ms
commenting out line Lines { lines: 485..=485 } in "./tmp/15/commit_mask.rs"
verus succeeded with time: 138032ms
commenting out line Lines { lines: 843..=843 } in "./tmp/11/os_mem_util.rs"
verus failed, reverting
commenting out line Lines { lines: 284..=288 } in "./tmp/22/commit_segment.rs"
verus succeeded with time: 142440ms
commenting out line Lines { lines: 2136..=2136 } in "./tmp/21/segment.rs"
verus succeeded with time: 138977ms
commenting out line Lines { lines: 462..=462 } in "./tmp/8/bin_sizes.rs"
verus failed, reverting
commenting out line Lines { lines: 2315..=2326 } in "./tmp/10/page_organization.rs"
verus succeeded with time: 141418ms
commenting out line Lines { lines: 985..=985 } in "./tmp/13/linked_list.rs"
verus succeeded with time: 139005ms
commenting out line Lines { lines: 493..=493 } in "./tmp/15/commit_mask.rs"
verus succeeded with time: 140003ms
commenting out line Lines { lines: 848..=848 } in "./tmp/11/os_mem_util.rs"
verus failed, reverting
commenting out line Lines { lines: 291..=291 } in "./tmp/22/commit_segment.rs"
verus failed, reverting
commenting out line Lines { lines: 2327..=2327 } in "./tmp/10/page_organization.rs"
verus succeeded with time: 144508ms
minimization of ./tmp/21/segment.rs is completed
commenting out line Lines { lines: 66..=66 } in "./tmp/23/os_commit.rs"
verus succeeded with time: 147760ms
commenting out line Lines { lines: 466..=466 } in "./tmp/8/bin_sizes.rs"
verus succeeded with time: 144679ms
commenting out line Lines { lines: 917..=987 } in "./tmp/13/linked_list.rs"
verus failed, reverting
commenting out line Lines { lines: 492..=494 } in "./tmp/15/commit_mask.rs"
verus succeeded with time: 137603ms
commenting out line Lines { lines: 849..=849 } in "./tmp/11/os_mem_util.rs"
verus succeeded with time: 135913ms
commenting out line Lines { lines: 293..=293 } in "./tmp/22/commit_segment.rs"
verus succeeded with time: 137621ms
commenting out line Lines { lines: 2289..=2329 } in "./tmp/10/page_organization.rs"
verus succeeded with time: 137410ms
commenting out line Lines { lines: 71..=71 } in "./tmp/23/os_commit.rs"
verus succeeded with time: 142767ms
commenting out line Lines { lines: 467..=467 } in "./tmp/8/bin_sizes.rs"
verus failed, reverting
commenting out line Lines { lines: 988..=988 } in "./tmp/13/linked_list.rs"
verus failed, reverting
commenting out line Lines { lines: 487..=495 } in "./tmp/15/commit_mask.rs"
verus succeeded with time: 138182ms
commenting out line Lines { lines: 850..=850 } in "./tmp/11/os_mem_util.rs"
verus succeeded with time: 142258ms
commenting out line Lines { lines: 390..=390 } in "./tmp/22/commit_segment.rs"
verus failed, reverting
commenting out line Lines { lines: 2333..=2333 } in "./tmp/10/page_organization.rs"
verus succeeded with time: 143113ms
commenting out line Lines { lines: 72..=72 } in "./tmp/23/os_commit.rs"
verus succeeded with time: 143866ms
commenting out line Lines { lines: 468..=468 } in "./tmp/8/bin_sizes.rs"
verus failed, reverting
commenting out line Lines { lines: 496..=497 } in "./tmp/15/commit_mask.rs"
verus succeeded with time: 141971ms
commenting out line Lines { lines: 1005..=1006 } in "./tmp/13/linked_list.rs"
verus succeeded with time: 142880ms
commenting out line Lines { lines: 851..=856 } in "./tmp/11/os_mem_util.rs"
verus succeeded with time: 140830ms
commenting out line Lines { lines: 401..=402 } in "./tmp/22/commit_segment.rs"
verus failed, reverting
commenting out line Lines { lines: 2331..=2335 } in "./tmp/10/page_organization.rs"
verus failed, reverting
commenting out line Lines { lines: 73..=73 } in "./tmp/23/os_commit.rs"
verus failed, reverting
commenting out line Lines { lines: 471..=471 } in "./tmp/8/bin_sizes.rs"
verus failed, reverting
commenting out line Lines { lines: 1036..=1036 } in "./tmp/13/linked_list.rs"
verus succeeded with time: 141154ms
commenting out line Lines { lines: 500..=502 } in "./tmp/15/commit_mask.rs"
verus failed, reverting
commenting out line Lines { lines: 857..=857 } in "./tmp/11/os_mem_util.rs"
verus succeeded with time: 141310ms
commenting out line Lines { lines: 403..=404 } in "./tmp/22/commit_segment.rs"
verus failed, reverting
commenting out line Lines { lines: 2340..=2340 } in "./tmp/10/page_organization.rs"
verus succeeded with time: 142033ms
commenting out line Lines { lines: 75..=75 } in "./tmp/23/os_commit.rs"
verus failed, reverting
commenting out line Lines { lines: 566..=566 } in "./tmp/8/bin_sizes.rs"
verus failed, reverting
commenting out line Lines { lines: 1037..=1037 } in "./tmp/13/linked_list.rs"
verus succeeded with time: 137573ms
commenting out line Lines { lines: 503..=503 } in "./tmp/15/commit_mask.rs"
verus failed, reverting
commenting out line Lines { lines: 844..=858 } in "./tmp/11/os_mem_util.rs"
verus failed, reverting
commenting out line Lines { lines: 405..=406 } in "./tmp/22/commit_segment.rs"
verus succeeded with time: 142897ms
commenting out line Lines { lines: 2337..=2343 } in "./tmp/10/page_organization.rs"
verus succeeded with time: 140706ms
commenting out line Lines { lines: 67..=77 } in "./tmp/23/os_commit.rs"
verus failed, reverting
commenting out line Lines { lines: 568..=568 } in "./tmp/8/bin_sizes.rs"
verus succeeded with time: 140055ms
commenting out line Lines { lines: 1022..=1042 } in "./tmp/13/linked_list.rs"
verus succeeded with time: 138647ms
commenting out line Lines { lines: 511..=511 } in "./tmp/15/commit_mask.rs"
verus failed, reverting
commenting out line Lines { lines: 859..=859 } in "./tmp/11/os_mem_util.rs"
verus failed, reverting
commenting out line Lines { lines: 407..=407 } in "./tmp/22/commit_segment.rs"
verus failed, reverting
commenting out line Lines { lines: 2358..=2358 } in "./tmp/10/page_organization.rs"
verus failed, reverting
commenting out line Lines { lines: 101..=101 } in "./tmp/23/os_commit.rs"
verus succeeded with time: 143541ms
commenting out line Lines { lines: 567..=570 } in "./tmp/8/bin_sizes.rs"
verus failed, reverting
commenting out line Lines { lines: 510..=512 } in "./tmp/15/commit_mask.rs"
verus failed, reverting
commenting out line Lines { lines: 1094..=1094 } in "./tmp/13/linked_list.rs"
verus succeeded with time: 141660ms
commenting out line Lines { lines: 860..=864 } in "./tmp/11/os_mem_util.rs"
verus succeeded with time: 142288ms
commenting out line Lines { lines: 414..=421 } in "./tmp/22/commit_segment.rs"
verus succeeded with time: 135556ms
commenting out line Lines { lines: 2360..=2360 } in "./tmp/10/page_organization.rs"
verus failed, reverting
commenting out line Lines { lines: 573..=573 } in "./tmp/8/bin_sizes.rs"
verus succeeded with time: 140773ms
commenting out line Lines { lines: 212..=212 } in "./tmp/23/os_commit.rs"
verus failed, reverting
commenting out line Lines { lines: 505..=513 } in "./tmp/15/commit_mask.rs"
verus succeeded with time: 141043ms
commenting out line Lines { lines: 1095..=1095 } in "./tmp/13/linked_list.rs"
verus succeeded with time: 145271ms
commenting out line Lines { lines: 872..=872 } in "./tmp/11/os_mem_util.rs"
verus succeeded with time: 144242ms
commenting out line Lines { lines: 422..=422 } in "./tmp/22/commit_segment.rs"
verus succeeded with time: 147406ms
commenting out line Lines { lines: 2363..=2363 } in "./tmp/10/page_organization.rs"
verus succeeded with time: 143499ms
commenting out line Lines { lines: 577..=577 } in "./tmp/8/bin_sizes.rs"
verus failed, reverting
commenting out line Lines { lines: 514..=515 } in "./tmp/15/commit_mask.rs"
verus succeeded with time: 144912ms
minimization of ./tmp/23/os_commit.rs is completed
commenting out line Lines { lines: 88..=88 } in "./tmp/24/os_alloc.rs"
verus succeeded with time: 142767ms
commenting out line Lines { lines: 1100..=1100 } in "./tmp/13/linked_list.rs"
verus succeeded with time: 135838ms
commenting out line Lines { lines: 883..=883 } in "./tmp/11/os_mem_util.rs"
verus succeeded with time: 139751ms
commenting out line Lines { lines: 423..=423 } in "./tmp/22/commit_segment.rs"
verus failed, reverting
commenting out line Lines { lines: 2364..=2364 } in "./tmp/10/page_organization.rs"
verus failed, reverting
commenting out line Lines { lines: 571..=579 } in "./tmp/8/bin_sizes.rs"
verus succeeded with time: 136512ms
commenting out line Lines { lines: 89..=89 } in "./tmp/24/os_alloc.rs"
verus succeeded with time: 141614ms
commenting out line Lines { lines: 517..=519 } in "./tmp/15/commit_mask.rs"
verus succeeded with time: 140797ms
commenting out line Lines { lines: 1109..=1109 } in "./tmp/13/linked_list.rs"
verus failed, reverting
commenting out line Lines { lines: 884..=884 } in "./tmp/11/os_mem_util.rs"
verus succeeded with time: 143763ms
minimization of ./tmp/22/commit_segment.rs is completed
commenting out line Lines { lines: 285..=285 } in "./tmp/25/page.rs"
verus succeeded with time: 139904ms
commenting out line Lines { lines: 2368..=2368 } in "./tmp/10/page_organization.rs"
verus failed, reverting
commenting out line Lines { lines: 580..=582 } in "./tmp/8/bin_sizes.rs"
verus succeeded with time: 136262ms
commenting out line Lines { lines: 90..=90 } in "./tmp/24/os_alloc.rs"
verus succeeded with time: 142238ms
commenting out line Lines { lines: 520..=520 } in "./tmp/15/commit_mask.rs"
verus succeeded with time: 139030ms
commenting out line Lines { lines: 1110..=1110 } in "./tmp/13/linked_list.rs"
verus failed, reverting
commenting out line Lines { lines: 885..=885 } in "./tmp/11/os_mem_util.rs"
verus succeeded with time: 140585ms
commenting out line Lines { lines: 286..=286 } in "./tmp/25/page.rs"
verus succeeded with time: 137871ms
commenting out line Lines { lines: 2391..=2391 } in "./tmp/10/page_organization.rs"
verus failed, reverting
commenting out line Lines { lines: 583..=585 } in "./tmp/8/bin_sizes.rs"
verus succeeded with time: 139589ms
commenting out line Lines { lines: 528..=528 } in "./tmp/15/commit_mask.rs"
verus succeeded with time: 147232ms
commenting out line Lines { lines: 127..=127 } in "./tmp/24/os_alloc.rs"
verus succeeded with time: 140395ms
commenting out line Lines { lines: 1111..=1111 } in "./tmp/13/linked_list.rs"
verus succeeded with time: 140839ms
commenting out line Lines { lines: 867..=887 } in "./tmp/11/os_mem_util.rs"
verus failed, reverting
commenting out line Lines { lines: 284..=287 } in "./tmp/25/page.rs"
verus succeeded with time: 138672ms
commenting out line Lines { lines: 2393..=2395 } in "./tmp/10/page_organization.rs"
verus failed, reverting
commenting out line Lines { lines: 594..=594 } in "./tmp/8/bin_sizes.rs"
verus failed, reverting
commenting out line Lines { lines: 527..=529 } in "./tmp/15/commit_mask.rs"
verus succeeded with time: 141745ms
commenting out line Lines { lines: 128..=128 } in "./tmp/24/os_alloc.rs"
verus succeeded with time: 140209ms
commenting out line Lines { lines: 1112..=1112 } in "./tmp/13/linked_list.rs"
verus failed, reverting
commenting out line Lines { lines: 889..=896 } in "./tmp/11/os_mem_util.rs"
verus failed, reverting
commenting out line Lines { lines: 297..=297 } in "./tmp/25/page.rs"
verus failed, reverting
commenting out line Lines { lines: 2409..=2411 } in "./tmp/10/page_organization.rs"
verus failed, reverting
commenting out line Lines { lines: 595..=595 } in "./tmp/8/bin_sizes.rs"
verus failed, reverting
commenting out line Lines { lines: 522..=530 } in "./tmp/15/commit_mask.rs"
verus succeeded with time: 138809ms
minimization of ./tmp/24/os_alloc.rs is completed
commenting out line Lines { lines: 128..=153 } in "./tmp/26/queues.rs"
verus succeeded with time: 142584ms
commenting out line Lines { lines: 1156..=1156 } in "./tmp/13/linked_list.rs"
verus succeeded with time: 138902ms
commenting out line Lines { lines: 926..=926 } in "./tmp/11/os_mem_util.rs"
verus succeeded with time: 142366ms
commenting out line Lines { lines: 298..=298 } in "./tmp/25/page.rs"
verus failed, reverting
commenting out line Lines { lines: 2417..=2417 } in "./tmp/10/page_organization.rs"
verus succeeded with time: 135938ms
commenting out line Lines { lines: 597..=598 } in "./tmp/8/bin_sizes.rs"
verus failed, reverting
commenting out line Lines { lines: 531..=532 } in "./tmp/15/commit_mask.rs"
verus failed, reverting
commenting out line Lines { lines: 169..=191 } in "./tmp/26/queues.rs"
verus succeeded with time: 140688ms
commenting out line Lines { lines: 932..=932 } in "./tmp/11/os_mem_util.rs"
verus succeeded with time: 147973ms
commenting out line Lines { lines: 1158..=1158 } in "./tmp/13/linked_list.rs"
verus succeeded with time: 141212ms
commenting out line Lines { lines: 345..=347 } in "./tmp/25/page.rs"
verus succeeded with time: 139932ms
commenting out line Lines { lines: 2418..=2418 } in "./tmp/10/page_organization.rs"
verus failed, reverting
commenting out line Lines { lines: 600..=602 } in "./tmp/8/bin_sizes.rs"
verus succeeded with time: 137713ms
commenting out line Lines { lines: 535..=535 } in "./tmp/15/commit_mask.rs"
verus failed, reverting
commenting out line Lines { lines: 324..=350 } in "./tmp/26/queues.rs"
verus succeeded with time: 139482ms
commenting out line Lines { lines: 933..=934 } in "./tmp/11/os_mem_util.rs"
verus succeeded with time: 142928ms
commenting out line Lines { lines: 1160..=1160 } in "./tmp/13/linked_list.rs"
verus failed, reverting
commenting out line Lines { lines: 379..=380 } in "./tmp/25/page.rs"
verus succeeded with time: 138066ms
commenting out line Lines { lines: 2414..=2419 } in "./tmp/10/page_organization.rs"
verus succeeded with time: 139213ms
commenting out line Lines { lines: 603..=606 } in "./tmp/8/bin_sizes.rs"
verus failed, reverting
commenting out line Lines { lines: 553..=553 } in "./tmp/15/commit_mask.rs"
verus failed, reverting
commenting out line Lines { lines: 366..=388 } in "./tmp/26/queues.rs"
verus failed, reverting
commenting out line Lines { lines: 936..=936 } in "./tmp/11/os_mem_util.rs"
verus succeeded with time: 136853ms
commenting out line Lines { lines: 1169..=1169 } in "./tmp/13/linked_list.rs"
verus failed, reverting
minimization of ./tmp/25/page.rs is completed
commenting out line Lines { lines: 97..=97 } in "./tmp/27/init.rs"
verus succeeded with time: 144157ms
commenting out line Lines { lines: 2432..=2434 } in "./tmp/10/page_organization.rs"
verus failed, reverting
commenting out line Lines { lines: 575..=575 } in "./tmp/15/commit_mask.rs"
verus failed, reverting
commenting out line Lines { lines: 632..=632 } in "./tmp/8/bin_sizes.rs"
verus failed, reverting
commenting out line Lines { lines: 498..=524 } in "./tmp/26/queues.rs"
verus succeeded with time: 143226ms
commenting out line Lines { lines: 941..=941 } in "./tmp/11/os_mem_util.rs"
verus succeeded with time: 141375ms
commenting out line Lines { lines: 1201..=1202 } in "./tmp/13/linked_list.rs"
verus succeeded with time: 144447ms
commenting out line Lines { lines: 98..=98 } in "./tmp/27/init.rs"
verus failed, reverting
commenting out line Lines { lines: 2440..=2440 } in "./tmp/10/page_organization.rs"
verus failed, reverting
commenting out line Lines { lines: 574..=576 } in "./tmp/15/commit_mask.rs"
verus succeeded with time: 134500ms
commenting out line Lines { lines: 635..=635 } in "./tmp/8/bin_sizes.rs"
verus failed, reverting
commenting out line Lines { lines: 540..=562 } in "./tmp/26/queues.rs"
verus failed, reverting
commenting out line Lines { lines: 942..=942 } in "./tmp/11/os_mem_util.rs"
verus failed, reverting
commenting out line Lines { lines: 1204..=1204 } in "./tmp/13/linked_list.rs"
verus succeeded with time: 144639ms
commenting out line Lines { lines: 99..=99 } in "./tmp/27/init.rs"
verus succeeded with time: 144800ms
commenting out line Lines { lines: 2441..=2441 } in "./tmp/10/page_organization.rs"
verus failed, reverting
commenting out line Lines { lines: 577..=577 } in "./tmp/15/commit_mask.rs"
verus failed, reverting
commenting out line Lines { lines: 637..=637 } in "./tmp/8/bin_sizes.rs"
verus failed, reverting
commenting out line Lines { lines: 570..=577 } in "./tmp/26/queues.rs"
verus failed, reverting
commenting out line Lines { lines: 938..=943 } in "./tmp/11/os_mem_util.rs"
verus succeeded with time: 136285ms
commenting out line Lines { lines: 1217..=1218 } in "./tmp/13/linked_list.rs"
verus succeeded with time: 140562ms
commenting out line Lines { lines: 100..=100 } in "./tmp/27/init.rs"
verus succeeded with time: 149910ms
commenting out line Lines { lines: 2437..=2442 } in "./tmp/10/page_organization.rs"
verus succeeded with time: 140430ms
commenting out line Lines { lines: 578..=578 } in "./tmp/15/commit_mask.rs"
verus succeeded with time: 137223ms
commenting out line Lines { lines: 638..=638 } in "./tmp/8/bin_sizes.rs"
verus failed, reverting
commenting out line Lines { lines: 627..=636 } in "./tmp/26/queues.rs"
verus failed, reverting
commenting out line Lines { lines: 944..=944 } in "./tmp/11/os_mem_util.rs"
verus succeeded with time: 142174ms
commenting out line Lines { lines: 1235..=1235 } in "./tmp/13/linked_list.rs"
verus succeeded with time: 141031ms
commenting out line Lines { lines: 197..=197 } in "./tmp/27/init.rs"
verus succeeded with time: 143287ms
commenting out line Lines { lines: 2457..=2457 } in "./tmp/10/page_organization.rs"
verus failed, reverting
commenting out line Lines { lines: 604..=605 } in "./tmp/15/commit_mask.rs"
verus succeeded with time: 144907ms
commenting out line Lines { lines: 639..=639 } in "./tmp/8/bin_sizes.rs"
verus failed, reverting
commenting out line Lines { lines: 753..=753 } in "./tmp/26/queues.rs"
verus succeeded with time: 133328ms
commenting out line Lines { lines: 946..=946 } in "./tmp/11/os_mem_util.rs"
verus succeeded with time: 138290ms
commenting out line Lines { lines: 1238..=1238 } in "./tmp/13/linked_list.rs"
verus succeeded with time: 140344ms
commenting out line Lines { lines: 198..=198 } in "./tmp/27/init.rs"
verus succeeded with time: 138907ms
commenting out line Lines { lines: 2464..=2464 } in "./tmp/10/page_organization.rs"
verus succeeded with time: 142460ms
commenting out line Lines { lines: 625..=626 } in "./tmp/15/commit_mask.rs"
verus failed, reverting
commenting out line Lines { lines: 641..=641 } in "./tmp/8/bin_sizes.rs"
verus failed, reverting
commenting out line Lines { lines: 754..=754 } in "./tmp/26/queues.rs"
verus failed, reverting
commenting out line Lines { lines: 947..=947 } in "./tmp/11/os_mem_util.rs"
verus failed, reverting
commenting out line Lines { lines: 1239..=1239 } in "./tmp/13/linked_list.rs"
verus succeeded with time: 149307ms
commenting out line Lines { lines: 246..=256 } in "./tmp/27/init.rs"
verus succeeded with time: 139210ms
commenting out line Lines { lines: 2467..=2467 } in "./tmp/10/page_organization.rs"
verus failed, reverting
commenting out line Lines { lines: 627..=627 } in "./tmp/15/commit_mask.rs"
verus succeeded with time: 138814ms
commenting out line Lines { lines: 642..=646 } in "./tmp/8/bin_sizes.rs"
verus succeeded with time: 141115ms
commenting out line Lines { lines: 766..=766 } in "./tmp/26/queues.rs"
verus succeeded with time: 137958ms
commenting out line Lines { lines: 954..=954 } in "./tmp/11/os_mem_util.rs"
verus succeeded with time: 141016ms
commenting out line Lines { lines: 1220..=1241 } in "./tmp/13/linked_list.rs"
verus failed, reverting
commenting out line Lines { lines: 258..=261 } in "./tmp/27/init.rs"
verus failed, reverting
commenting out line Lines { lines: 628..=628 } in "./tmp/15/commit_mask.rs"
verus succeeded with time: 137807ms
commenting out line Lines { lines: 2469..=2469 } in "./tmp/10/page_organization.rs"
verus succeeded with time: 139327ms
commenting out line Lines { lines: 660..=660 } in "./tmp/8/bin_sizes.rs"
verus succeeded with time: 142011ms
commenting out line Lines { lines: 767..=767 } in "./tmp/26/queues.rs"
verus succeeded with time: 140884ms
commenting out line Lines { lines: 960..=961 } in "./tmp/11/os_mem_util.rs"
verus failed, reverting
commenting out line Lines { lines: 1286..=1286 } in "./tmp/13/linked_list.rs"
verus failed, reverting
commenting out line Lines { lines: 2471..=2471 } in "./tmp/10/page_organization.rs"
verus succeeded with time: 141977ms
commenting out line Lines { lines: 262..=262 } in "./tmp/27/init.rs"
verus failed, reverting
commenting out line Lines { lines: 632..=632 } in "./tmp/15/commit_mask.rs"
verus succeeded with time: 145717ms
commenting out line Lines { lines: 661..=661 } in "./tmp/8/bin_sizes.rs"
verus failed, reverting
commenting out line Lines { lines: 967..=968 } in "./tmp/11/os_mem_util.rs"
verus succeeded with time: 144377ms
commenting out line Lines { lines: 770..=770 } in "./tmp/26/queues.rs"
verus failed, reverting
commenting out line Lines { lines: 1292..=1292 } in "./tmp/13/linked_list.rs"
verus failed, reverting
commenting out line Lines { lines: 645..=646 } in "./tmp/15/commit_mask.rs"
verus succeeded with time: 141596ms
commenting out line Lines { lines: 2474..=2474 } in "./tmp/10/page_organization.rs"
verus succeeded with time: 140358ms
commenting out line Lines { lines: 263..=263 } in "./tmp/27/init.rs"
verus succeeded with time: 140623ms
commenting out line Lines { lines: 662..=662 } in "./tmp/8/bin_sizes.rs"
verus succeeded with time: 138198ms
commenting out line Lines { lines: 970..=970 } in "./tmp/11/os_mem_util.rs"
verus succeeded with time: 140790ms
commenting out line Lines { lines: 771..=771 } in "./tmp/26/queues.rs"
verus failed, reverting
commenting out line Lines { lines: 1294..=1294 } in "./tmp/13/linked_list.rs"
verus succeeded with time: 132874ms
commenting out line Lines { lines: 672..=672 } in "./tmp/15/commit_mask.rs"
verus succeeded with time: 139543ms
commenting out line Lines { lines: 264..=264 } in "./tmp/27/init.rs"
verus succeeded with time: 140813ms
commenting out line Lines { lines: 2475..=2475 } in "./tmp/10/page_organization.rs"
verus succeeded with time: 138007ms
commenting out line Lines { lines: 972..=972 } in "./tmp/11/os_mem_util.rs"
verus succeeded with time: 145360ms
commenting out line Lines { lines: 663..=663 } in "./tmp/8/bin_sizes.rs"
verus succeeded with time: 145174ms
commenting out line Lines { lines: 773..=773 } in "./tmp/26/queues.rs"
verus failed, reverting
commenting out line Lines { lines: 1291..=1295 } in "./tmp/13/linked_list.rs"
verus failed, reverting
commenting out line Lines { lines: 674..=674 } in "./tmp/15/commit_mask.rs"
verus succeeded with time: 134384ms
commenting out line Lines { lines: 2461..=2478 } in "./tmp/10/page_organization.rs"
verus succeeded with time: 145657ms
commenting out line Lines { lines: 265..=265 } in "./tmp/27/init.rs"
verus succeeded with time: 137873ms
commenting out line Lines { lines: 949..=974 } in "./tmp/11/os_mem_util.rs"
verus failed, reverting
commenting out line Lines { lines: 665..=665 } in "./tmp/8/bin_sizes.rs"
verus succeeded with time: 138635ms
commenting out line Lines { lines: 775..=775 } in "./tmp/26/queues.rs"
verus failed, reverting
commenting out line Lines { lines: 1302..=1302 } in "./tmp/13/linked_list.rs"
verus failed, reverting
commenting out line Lines { lines: 675..=675 } in "./tmp/15/commit_mask.rs"
verus failed, reverting
commenting out line Lines { lines: 2479..=2479 } in "./tmp/10/page_organization.rs"
verus succeeded with time: 142671ms
commenting out line Lines { lines: 281..=281 } in "./tmp/27/init.rs"
verus failed, reverting
commenting out line Lines { lines: 975..=975 } in "./tmp/11/os_mem_util.rs"
verus succeeded with time: 141014ms
commenting out line Lines { lines: 666..=666 } in "./tmp/8/bin_sizes.rs"
verus succeeded with time: 144211ms
minimization of ./tmp/26/queues.rs is completed
verus succeeded with time: 141381ms
commenting out line Lines { lines: 1303..=1303 } in "./tmp/13/linked_list.rs"
verus failed, reverting
commenting out line Lines { lines: 681..=681 } in "./tmp/15/commit_mask.rs"
verus succeeded with time: 130137ms
commenting out line Lines { lines: 2483..=2483 } in "./tmp/10/page_organization.rs"
verus failed, reverting
commenting out line Lines { lines: 397..=397 } in "./tmp/27/init.rs"
verus failed, reverting
commenting out line Lines { lines: 397..=397 } in "./tmp/27/init.rs"
verus failed, reverting
commenting out line Lines { lines: 397..=397 } in "./tmp/27/init.rs"
verus succeeded with time: 125036ms
commenting out line Lines { lines: 977..=977 } in "./tmp/11/os_mem_util.rs"
verus failed, reverting
commenting out line Lines { lines: 398..=398 } in "./tmp/27/init.rs"
verus succeeded with time: 124710ms
commenting out line Lines { lines: 739..=742 } in "./tmp/8/bin_sizes.rs"
verus succeeded with time: 119318ms
commenting out line Lines { lines: 1304..=1304 } in "./tmp/13/linked_list.rs"
verus failed, reverting
commenting out line Lines { lines: 692..=692 } in "./tmp/15/commit_mask.rs"
verus succeeded with time: 123394ms
commenting out line Lines { lines: 2487..=2487 } in "./tmp/10/page_organization.rs"
verus succeeded with time: 128867ms
minimization of ./tmp/11/os_mem_util.rs is completed
verus failed, reverting
commenting out line Lines { lines: 398..=398 } in "./tmp/27/init.rs"
verus failed, reverting
commenting out line Lines { lines: 756..=756 } in "./tmp/8/bin_sizes.rs"
verus succeeded with time: 124490ms
commenting out line Lines { lines: 1305..=1305 } in "./tmp/13/linked_list.rs"
verus failed, reverting
commenting out line Lines { lines: 703..=703 } in "./tmp/15/commit_mask.rs"
verus succeeded with time: 114380ms
commenting out line Lines { lines: 2491..=2491 } in "./tmp/10/page_organization.rs"
verus failed, reverting
commenting out line Lines { lines: 398..=398 } in "./tmp/27/init.rs"
verus succeeded with time: 116918ms
commenting out line Lines { lines: 757..=757 } in "./tmp/8/bin_sizes.rs"
verus succeeded with time: 117266ms
commenting out line Lines { lines: 1307..=1307 } in "./tmp/13/linked_list.rs"
verus failed, reverting
commenting out line Lines { lines: 701..=704 } in "./tmp/15/commit_mask.rs"
verus failed, reverting
commenting out line Lines { lines: 2481..=2492 } in "./tmp/10/page_organization.rs"
verus failed, reverting
commenting out line Lines { lines: 399..=399 } in "./tmp/27/init.rs"
verus succeeded with time: 110657ms
commenting out line Lines { lines: 758..=758 } in "./tmp/8/bin_sizes.rs"
verus failed, reverting
commenting out line Lines { lines: 1333..=1333 } in "./tmp/13/linked_list.rs"
verus failed, reverting
commenting out line Lines { lines: 722..=722 } in "./tmp/15/commit_mask.rs"
verus failed, reverting
commenting out line Lines { lines: 2493..=2493 } in "./tmp/10/page_organization.rs"
verus failed, reverting
commenting out line Lines { lines: 399..=399 } in "./tmp/27/init.rs"
verus succeeded with time: 116122ms
commenting out line Lines { lines: 763..=763 } in "./tmp/8/bin_sizes.rs"
verus failed, reverting
commenting out line Lines { lines: 1336..=1336 } in "./tmp/13/linked_list.rs"
verus failed, reverting
commenting out line Lines { lines: 731..=731 } in "./tmp/15/commit_mask.rs"
verus succeeded with time: 115803ms
commenting out line Lines { lines: 2455..=2495 } in "./tmp/10/page_organization.rs"
verus failed, reverting
commenting out line Lines { lines: 399..=399 } in "./tmp/27/init.rs"
verus succeeded with time: 112936ms
commenting out line Lines { lines: 765..=765 } in "./tmp/8/bin_sizes.rs"
verus failed, reverting
commenting out line Lines { lines: 1382..=1383 } in "./tmp/13/linked_list.rs"
verus failed, reverting
commenting out line Lines { lines: 749..=749 } in "./tmp/15/commit_mask.rs"
verus failed, reverting
commenting out line Lines { lines: 2497..=2497 } in "./tmp/10/page_organization.rs"
verus failed, reverting
commenting out line Lines { lines: 400..=400 } in "./tmp/27/init.rs"
verus failed, reverting
commenting out line Lines { lines: 1384..=1385 } in "./tmp/13/linked_list.rs"
verus failed, reverting
commenting out line Lines { lines: 768..=768 } in "./tmp/8/bin_sizes.rs"
verus failed, reverting
commenting out line Lines { lines: 750..=750 } in "./tmp/15/commit_mask.rs"
verus succeeded with time: 107041ms
commenting out line Lines { lines: 2515..=2519 } in "./tmp/10/page_organization.rs"
verus failed, reverting
commenting out line Lines { lines: 400..=400 } in "./tmp/27/init.rs"
verus failed, reverting
commenting out line Lines { lines: 1397..=1397 } in "./tmp/13/linked_list.rs"
verus failed, reverting
commenting out line Lines { lines: 864..=864 } in "./tmp/8/bin_sizes.rs"
verus succeeded with time: 112214ms
commenting out line Lines { lines: 765..=765 } in "./tmp/15/commit_mask.rs"
verus failed, reverting
commenting out line Lines { lines: 2523..=2523 } in "./tmp/10/page_organization.rs"
verus failed, reverting
commenting out line Lines { lines: 400..=400 } in "./tmp/27/init.rs"
verus failed, reverting
commenting out line Lines { lines: 1398..=1398 } in "./tmp/13/linked_list.rs"
verus failed, reverting
commenting out line Lines { lines: 867..=867 } in "./tmp/8/bin_sizes.rs"
verus succeeded with time: 111071ms
commenting out line Lines { lines: 766..=766 } in "./tmp/15/commit_mask.rs"
verus failed, reverting
commenting out line Lines { lines: 2521..=2525 } in "./tmp/10/page_organization.rs"
verus failed, reverting
commenting out line Lines { lines: 401..=401 } in "./tmp/27/init.rs"
verus succeeded with time: 113314ms
commenting out line Lines { lines: 1394..=1400 } in "./tmp/13/linked_list.rs"
verus failed, reverting
commenting out line Lines { lines: 905..=905 } in "./tmp/8/bin_sizes.rs"
verus succeeded with time: 112487ms
commenting out line Lines { lines: 767..=767 } in "./tmp/15/commit_mask.rs"
verus failed, reverting
commenting out line Lines { lines: 2541..=2541 } in "./tmp/10/page_organization.rs"
verus failed, reverting
commenting out line Lines { lines: 401..=401 } in "./tmp/27/init.rs"
verus failed, reverting
commenting out line Lines { lines: 1410..=1410 } in "./tmp/13/linked_list.rs"
verus succeeded with time: 117369ms
commenting out line Lines { lines: 908..=908 } in "./tmp/8/bin_sizes.rs"
verus succeeded with time: 111555ms
commenting out line Lines { lines: 768..=768 } in "./tmp/15/commit_mask.rs"
verus succeeded with time: 111352ms
commenting out line Lines { lines: 2543..=2543 } in "./tmp/10/page_organization.rs"
verus failed, reverting
commenting out line Lines { lines: 1411..=1411 } in "./tmp/13/linked_list.rs"
verus failed, reverting
commenting out line Lines { lines: 401..=401 } in "./tmp/27/init.rs"
verus failed, reverting
commenting out line Lines { lines: 911..=911 } in "./tmp/8/bin_sizes.rs"
verus succeeded with time: 113469ms
commenting out line Lines { lines: 769..=769 } in "./tmp/15/commit_mask.rs"
verus succeeded with time: 112095ms
commenting out line Lines { lines: 2546..=2546 } in "./tmp/10/page_organization.rs"
verus succeeded with time: 112338ms
commenting out line Lines { lines: 1407..=1413 } in "./tmp/13/linked_list.rs"
verus failed, reverting
commenting out line Lines { lines: 913..=913 } in "./tmp/8/bin_sizes.rs"
verus failed, reverting
commenting out line Lines { lines: 402..=402 } in "./tmp/27/init.rs"
verus failed, reverting
commenting out line Lines { lines: 760..=770 } in "./tmp/15/commit_mask.rs"
verus succeeded with time: 113719ms
commenting out line Lines { lines: 2550..=2550 } in "./tmp/10/page_organization.rs"
verus failed, reverting
commenting out line Lines { lines: 1425..=1425 } in "./tmp/13/linked_list.rs"
verus failed, reverting
commenting out line Lines { lines: 930..=930 } in "./tmp/8/bin_sizes.rs"
verus failed, reverting
commenting out line Lines { lines: 402..=402 } in "./tmp/27/init.rs"
verus failed, reverting
commenting out line Lines { lines: 771..=771 } in "./tmp/15/commit_mask.rs"
verus succeeded with time: 113193ms
commenting out line Lines { lines: 2565..=2565 } in "./tmp/10/page_organization.rs"
verus succeeded with time: 114173ms
commenting out line Lines { lines: 1427..=1427 } in "./tmp/13/linked_list.rs"
verus succeeded with time: 116895ms
commenting out line Lines { lines: 932..=932 } in "./tmp/8/bin_sizes.rs"
verus failed, reverting
commenting out line Lines { lines: 402..=402 } in "./tmp/27/init.rs"
verus failed, reverting
minimization of ./tmp/15/commit_mask.rs is completed
verus succeeded with time: 110598ms
commenting out line Lines { lines: 2563..=2567 } in "./tmp/10/page_organization.rs"
verus succeeded with time: 105366ms
commenting out line Lines { lines: 1429..=1429 } in "./tmp/13/linked_list.rs"
verus failed, reverting
commenting out line Lines { lines: 925..=936 } in "./tmp/8/bin_sizes.rs"
verus failed, reverting
commenting out line Lines { lines: 403..=403 } in "./tmp/27/init.rs"
verus failed, reverting
commenting out line Lines { lines: 2576..=2576 } in "./tmp/10/page_organization.rs"
verus failed, reverting
commenting out line Lines { lines: 984..=984 } in "./tmp/8/bin_sizes.rs"
verus succeeded with time: 104563ms
commenting out line Lines { lines: 1435..=1435 } in "./tmp/13/linked_list.rs"
verus failed, reverting
commenting out line Lines { lines: 403..=403 } in "./tmp/27/init.rs"
verus succeeded with time: 100965ms
commenting out line Lines { lines: 2577..=2577 } in "./tmp/10/page_organization.rs"
verus succeeded with time: 103620ms
commenting out line Lines { lines: 981..=990 } in "./tmp/8/bin_sizes.rs"
verus succeeded with time: 103908ms
commenting out line Lines { lines: 1456..=1457 } in "./tmp/13/linked_list.rs"
verus failed, reverting
commenting out line Lines { lines: 403..=403 } in "./tmp/27/init.rs"
verus succeeded with time: 100688ms
commenting out line Lines { lines: 2579..=2579 } in "./tmp/10/page_organization.rs"
verus failed, reverting
commenting out line Lines { lines: 1470..=1470 } in "./tmp/13/linked_list.rs"
verus succeeded with time: 103095ms
commenting out line Lines { lines: 1024..=1024 } in "./tmp/8/bin_sizes.rs"
verus failed, reverting
commenting out line Lines { lines: 404..=404 } in "./tmp/27/init.rs"
verus succeeded with time: 101950ms
commenting out line Lines { lines: 2598..=2598 } in "./tmp/10/page_organization.rs"
verus failed, reverting
commenting out line Lines { lines: 1471..=1471 } in "./tmp/13/linked_list.rs"
verus failed, reverting
commenting out line Lines { lines: 1025..=1025 } in "./tmp/8/bin_sizes.rs"
verus failed, reverting
commenting out line Lines { lines: 404..=404 } in "./tmp/27/init.rs"
verus succeeded with time: 104024ms
commenting out line Lines { lines: 2599..=2599 } in "./tmp/10/page_organization.rs"
verus failed, reverting
commenting out line Lines { lines: 1026..=1026 } in "./tmp/8/bin_sizes.rs"
verus succeeded with time: 103078ms
commenting out line Lines { lines: 1467..=1473 } in "./tmp/13/linked_list.rs"
verus failed, reverting
commenting out line Lines { lines: 404..=404 } in "./tmp/27/init.rs"
verus succeeded with time: 100535ms
commenting out line Lines { lines: 2601..=2601 } in "./tmp/10/page_organization.rs"
verus failed, reverting
commenting out line Lines { lines: 1027..=1027 } in "./tmp/8/bin_sizes.rs"
verus failed, reverting
commenting out line Lines { lines: 1482..=1482 } in "./tmp/13/linked_list.rs"
verus failed, reverting
commenting out line Lines { lines: 405..=405 } in "./tmp/27/init.rs"
verus succeeded with time: 101025ms
commenting out line Lines { lines: 2603..=2603 } in "./tmp/10/page_organization.rs"
verus failed, reverting
commenting out line Lines { lines: 1028..=1028 } in "./tmp/8/bin_sizes.rs"
verus succeeded with time: 104489ms
commenting out line Lines { lines: 1484..=1484 } in "./tmp/13/linked_list.rs"
verus failed, reverting
commenting out line Lines { lines: 405..=405 } in "./tmp/27/init.rs"
verus failed, reverting
commenting out line Lines { lines: 2604..=2604 } in "./tmp/10/page_organization.rs"
verus failed, reverting
commenting out line Lines { lines: 1029..=1029 } in "./tmp/8/bin_sizes.rs"
verus succeeded with time: 104213ms
commenting out line Lines { lines: 1486..=1486 } in "./tmp/13/linked_list.rs"
verus failed, reverting
commenting out line Lines { lines: 405..=405 } in "./tmp/27/init.rs"
verus succeeded with time: 98168ms
commenting out line Lines { lines: 2605..=2605 } in "./tmp/10/page_organization.rs"
verus failed, reverting
commenting out line Lines { lines: 1030..=1030 } in "./tmp/8/bin_sizes.rs"
verus succeeded with time: 105466ms
commenting out line Lines { lines: 1492..=1492 } in "./tmp/13/linked_list.rs"
verus failed, reverting
commenting out line Lines { lines: 406..=406 } in "./tmp/27/init.rs"
verus succeeded with time: 103334ms
commenting out line Lines { lines: 2606..=2606 } in "./tmp/10/page_organization.rs"
verus failed, reverting
commenting out line Lines { lines: 1031..=1031 } in "./tmp/8/bin_sizes.rs"
verus succeeded with time: 102879ms
commenting out line Lines { lines: 1654..=1655 } in "./tmp/13/linked_list.rs"
verus failed, reverting
commenting out line Lines { lines: 406..=406 } in "./tmp/27/init.rs"
verus succeeded with time: 102350ms
commenting out line Lines { lines: 2582..=2609 } in "./tmp/10/page_organization.rs"
verus failed, reverting
commenting out line Lines { lines: 1032..=1032 } in "./tmp/8/bin_sizes.rs"
verus succeeded with time: 104065ms
commenting out line Lines { lines: 2111..=2111 } in "./tmp/13/linked_list.rs"
verus failed, reverting
commenting out line Lines { lines: 406..=406 } in "./tmp/27/init.rs"
verus failed, reverting
commenting out line Lines { lines: 2628..=2628 } in "./tmp/10/page_organization.rs"
verus failed, reverting
commenting out line Lines { lines: 1033..=1033 } in "./tmp/8/bin_sizes.rs"
verus failed, reverting
commenting out line Lines { lines: 2109..=2112 } in "./tmp/13/linked_list.rs"
verus succeeded with time: 102312ms
commenting out line Lines { lines: 2635..=2635 } in "./tmp/10/page_organization.rs"
verus failed, reverting
commenting out line Lines { lines: 407..=407 } in "./tmp/27/init.rs"
verus failed, reverting
commenting out line Lines { lines: 1034..=1034 } in "./tmp/8/bin_sizes.rs"
verus failed, reverting
commenting out line Lines { lines: 2150..=2150 } in "./tmp/13/linked_list.rs"
verus failed, reverting
commenting out line Lines { lines: 407..=407 } in "./tmp/27/init.rs"
verus succeeded with time: 102016ms
commenting out line Lines { lines: 2638..=2638 } in "./tmp/10/page_organization.rs"
verus failed, reverting
commenting out line Lines { lines: 1035..=1035 } in "./tmp/8/bin_sizes.rs"
verus failed, reverting
commenting out line Lines { lines: 2166..=2166 } in "./tmp/13/linked_list.rs"
verus failed, reverting
commenting out line Lines { lines: 407..=407 } in "./tmp/27/init.rs"
verus succeeded with time: 101267ms
commenting out line Lines { lines: 2640..=2640 } in "./tmp/10/page_organization.rs"
verus failed, reverting
commenting out line Lines { lines: 1036..=1036 } in "./tmp/8/bin_sizes.rs"
verus failed, reverting
commenting out line Lines { lines: 2168..=2168 } in "./tmp/13/linked_list.rs"
verus failed, reverting
commenting out line Lines { lines: 408..=408 } in "./tmp/27/init.rs"
verus failed, reverting
commenting out line Lines { lines: 2642..=2642 } in "./tmp/10/page_organization.rs"
verus failed, reverting
commenting out line Lines { lines: 1037..=1037 } in "./tmp/8/bin_sizes.rs"
verus failed, reverting
commenting out line Lines { lines: 2183..=2183 } in "./tmp/13/linked_list.rs"
verus succeeded with time: 101534ms
commenting out line Lines { lines: 2645..=2645 } in "./tmp/10/page_organization.rs"
verus failed, reverting
commenting out line Lines { lines: 408..=408 } in "./tmp/27/init.rs"
verus failed, reverting
commenting out line Lines { lines: 1038..=1038 } in "./tmp/8/bin_sizes.rs"
verus failed, reverting
commenting out line Lines { lines: 2200..=2201 } in "./tmp/13/linked_list.rs"
verus succeeded with time: 102638ms
commenting out line Lines { lines: 2646..=2646 } in "./tmp/10/page_organization.rs"
verus failed, reverting
commenting out line Lines { lines: 408..=408 } in "./tmp/27/init.rs"
verus failed, reverting
commenting out line Lines { lines: 1039..=1039 } in "./tmp/8/bin_sizes.rs"
verus failed, reverting
minimization of ./tmp/13/linked_list.rs is completed
verus succeeded with time: 101626ms
commenting out line Lines { lines: 2632..=2649 } in "./tmp/10/page_organization.rs"
verus failed, reverting
commenting out line Lines { lines: 409..=409 } in "./tmp/27/init.rs"
verus failed, reverting
commenting out line Lines { lines: 1075..=1075 } in "./tmp/8/bin_sizes.rs"
verus failed, reverting
commenting out line Lines { lines: 2650..=2650 } in "./tmp/10/page_organization.rs"
verus failed, reverting
commenting out line Lines { lines: 409..=409 } in "./tmp/27/init.rs"
verus failed, reverting
commenting out line Lines { lines: 1090..=1090 } in "./tmp/8/bin_sizes.rs"
verus succeeded with time: 96082ms
commenting out line Lines { lines: 2654..=2654 } in "./tmp/10/page_organization.rs"
verus failed, reverting
commenting out line Lines { lines: 409..=409 } in "./tmp/27/init.rs"
verus succeeded with time: 97597ms
commenting out line Lines { lines: 1092..=1092 } in "./tmp/8/bin_sizes.rs"
verus succeeded with time: 95216ms
commenting out line Lines { lines: 2658..=2658 } in "./tmp/10/page_organization.rs"
verus failed, reverting
commenting out line Lines { lines: 410..=410 } in "./tmp/27/init.rs"
verus succeeded with time: 97785ms
commenting out line Lines { lines: 1099..=1099 } in "./tmp/8/bin_sizes.rs"
verus succeeded with time: 96935ms
commenting out line Lines { lines: 2662..=2662 } in "./tmp/10/page_organization.rs"
verus failed, reverting
commenting out line Lines { lines: 410..=410 } in "./tmp/27/init.rs"
verus succeeded with time: 97183ms
commenting out line Lines { lines: 1101..=1101 } in "./tmp/8/bin_sizes.rs"
verus failed, reverting
commenting out line Lines { lines: 2652..=2663 } in "./tmp/10/page_organization.rs"
verus failed, reverting
commenting out line Lines { lines: 410..=410 } in "./tmp/27/init.rs"
verus succeeded with time: 97514ms
commenting out line Lines { lines: 1104..=1104 } in "./tmp/8/bin_sizes.rs"
verus failed, reverting
commenting out line Lines { lines: 2664..=2664 } in "./tmp/10/page_organization.rs"
verus failed, reverting
commenting out line Lines { lines: 411..=411 } in "./tmp/27/init.rs"
verus failed, reverting
commenting out line Lines { lines: 1105..=1105 } in "./tmp/8/bin_sizes.rs"
verus succeeded with time: 96096ms
commenting out line Lines { lines: 2626..=2666 } in "./tmp/10/page_organization.rs"
verus failed, reverting
commenting out line Lines { lines: 411..=411 } in "./tmp/27/init.rs"
verus failed, reverting
commenting out line Lines { lines: 1103..=1107 } in "./tmp/8/bin_sizes.rs"
verus failed, reverting
commenting out line Lines { lines: 2670..=2670 } in "./tmp/10/page_organization.rs"
verus failed, reverting
commenting out line Lines { lines: 411..=411 } in "./tmp/27/init.rs"
verus failed, reverting
commenting out line Lines { lines: 1111..=1111 } in "./tmp/8/bin_sizes.rs"
verus failed, reverting
commenting out line Lines { lines: 2668..=2672 } in "./tmp/10/page_organization.rs"
verus failed, reverting
commenting out line Lines { lines: 412..=412 } in "./tmp/27/init.rs"
verus failed, reverting
commenting out line Lines { lines: 1110..=1112 } in "./tmp/8/bin_sizes.rs"
verus failed, reverting
commenting out line Lines { lines: 2676..=2676 } in "./tmp/10/page_organization.rs"
verus failed, reverting
commenting out line Lines { lines: 412..=412 } in "./tmp/27/init.rs"
verus succeeded with time: 97368ms
commenting out line Lines { lines: 1119..=1119 } in "./tmp/8/bin_sizes.rs"
verus succeeded with time: 95400ms
commenting out line Lines { lines: 2674..=2679 } in "./tmp/10/page_organization.rs"
verus failed, reverting
commenting out line Lines { lines: 412..=412 } in "./tmp/27/init.rs"
verus succeeded with time: 97957ms
commenting out line Lines { lines: 1123..=1123 } in "./tmp/8/bin_sizes.rs"
verus failed, reverting
commenting out line Lines { lines: 2695..=2695 } in "./tmp/10/page_organization.rs"
verus succeeded with time: 97360ms
commenting out line Lines { lines: 1124..=1124 } in "./tmp/8/bin_sizes.rs"
verus failed, reverting
commenting out line Lines { lines: 413..=413 } in "./tmp/27/init.rs"
verus succeeded with time: 94596ms
commenting out line Lines { lines: 2697..=2697 } in "./tmp/10/page_organization.rs"
verus failed, reverting
commenting out line Lines { lines: 413..=413 } in "./tmp/27/init.rs"
verus succeeded with time: 97348ms
commenting out line Lines { lines: 1136..=1136 } in "./tmp/8/bin_sizes.rs"
verus succeeded with time: 95368ms
commenting out line Lines { lines: 2727..=2727 } in "./tmp/10/page_organization.rs"
verus failed, reverting
commenting out line Lines { lines: 413..=413 } in "./tmp/27/init.rs"
verus succeeded with time: 96993ms
commenting out line Lines { lines: 1137..=1137 } in "./tmp/8/bin_sizes.rs"
verus succeeded with time: 95225ms
commenting out line Lines { lines: 2731..=2731 } in "./tmp/10/page_organization.rs"
verus failed, reverting
commenting out line Lines { lines: 414..=414 } in "./tmp/27/init.rs"
verus failed, reverting
commenting out line Lines { lines: 1138..=1143 } in "./tmp/8/bin_sizes.rs"
verus succeeded with time: 96324ms
commenting out line Lines { lines: 2752..=2752 } in "./tmp/10/page_organization.rs"
verus failed, reverting
commenting out line Lines { lines: 414..=414 } in "./tmp/27/init.rs"
verus failed, reverting
commenting out line Lines { lines: 1144..=1146 } in "./tmp/8/bin_sizes.rs"
verus succeeded with time: 93486ms
commenting out line Lines { lines: 2753..=2753 } in "./tmp/10/page_organization.rs"
verus failed, reverting
commenting out line Lines { lines: 414..=414 } in "./tmp/27/init.rs"
verus failed, reverting
commenting out line Lines { lines: 1147..=1147 } in "./tmp/8/bin_sizes.rs"
verus failed, reverting
commenting out line Lines { lines: 2757..=2757 } in "./tmp/10/page_organization.rs"
verus failed, reverting
commenting out line Lines { lines: 415..=415 } in "./tmp/27/init.rs"
verus failed, reverting
commenting out line Lines { lines: 1135..=1149 } in "./tmp/8/bin_sizes.rs"
verus succeeded with time: 92952ms
commenting out line Lines { lines: 2762..=2762 } in "./tmp/10/page_organization.rs"
verus failed, reverting
commenting out line Lines { lines: 415..=415 } in "./tmp/27/init.rs"
verus failed, reverting
commenting out line Lines { lines: 1150..=1150 } in "./tmp/8/bin_sizes.rs"
verus succeeded with time: 94012ms
commenting out line Lines { lines: 2767..=2767 } in "./tmp/10/page_organization.rs"
verus failed, reverting
commenting out line Lines { lines: 415..=415 } in "./tmp/27/init.rs"
verus succeeded with time: 97369ms
commenting out line Lines { lines: 1154..=1155 } in "./tmp/8/bin_sizes.rs"
verus succeeded with time: 94275ms
commenting out line Lines { lines: 2775..=2775 } in "./tmp/10/page_organization.rs"
verus failed, reverting
commenting out line Lines { lines: 416..=416 } in "./tmp/27/init.rs"
verus succeeded with time: 96950ms
commenting out line Lines { lines: 1159..=1159 } in "./tmp/8/bin_sizes.rs"
verus succeeded with time: 95535ms
commenting out line Lines { lines: 2779..=2779 } in "./tmp/10/page_organization.rs"
verus failed, reverting
commenting out line Lines { lines: 416..=416 } in "./tmp/27/init.rs"
verus failed, reverting
commenting out line Lines { lines: 1162..=1162 } in "./tmp/8/bin_sizes.rs"
verus failed, reverting
commenting out line Lines { lines: 2781..=2781 } in "./tmp/10/page_organization.rs"
verus failed, reverting
commenting out line Lines { lines: 416..=416 } in "./tmp/27/init.rs"
verus succeeded with time: 97824ms
commenting out line Lines { lines: 1163..=1163 } in "./tmp/8/bin_sizes.rs"
verus succeeded with time: 94165ms
commenting out line Lines { lines: 2783..=2783 } in "./tmp/10/page_organization.rs"
verus failed, reverting
commenting out line Lines { lines: 417..=417 } in "./tmp/27/init.rs"
verus succeeded with time: 97855ms
commenting out line Lines { lines: 1164..=1164 } in "./tmp/8/bin_sizes.rs"
verus succeeded with time: 92939ms
commenting out line Lines { lines: 2785..=2785 } in "./tmp/10/page_organization.rs"
verus failed, reverting
commenting out line Lines { lines: 417..=417 } in "./tmp/27/init.rs"
verus failed, reverting
commenting out line Lines { lines: 1242..=1242 } in "./tmp/8/bin_sizes.rs"
verus succeeded with time: 94120ms
commenting out line Lines { lines: 2787..=2787 } in "./tmp/10/page_organization.rs"
verus failed, reverting
commenting out line Lines { lines: 417..=417 } in "./tmp/27/init.rs"
verus failed, reverting
commenting out line Lines { lines: 1243..=1243 } in "./tmp/8/bin_sizes.rs"
verus succeeded with time: 95068ms
commenting out line Lines { lines: 2788..=2788 } in "./tmp/10/page_organization.rs"
verus failed, reverting
commenting out line Lines { lines: 418..=418 } in "./tmp/27/init.rs"
verus failed, reverting
commenting out line Lines { lines: 1245..=1245 } in "./tmp/8/bin_sizes.rs"
verus succeeded with time: 93017ms
commenting out line Lines { lines: 2793..=2793 } in "./tmp/10/page_organization.rs"
verus failed, reverting
commenting out line Lines { lines: 418..=418 } in "./tmp/27/init.rs"
verus failed, reverting
commenting out line Lines { lines: 1326..=1326 } in "./tmp/8/bin_sizes.rs"
verus succeeded with time: 93385ms
commenting out line Lines { lines: 2797..=2797 } in "./tmp/10/page_organization.rs"
verus failed, reverting
commenting out line Lines { lines: 418..=418 } in "./tmp/27/init.rs"
verus failed, reverting
commenting out line Lines { lines: 1327..=1327 } in "./tmp/8/bin_sizes.rs"
verus succeeded with time: 94994ms
commenting out line Lines { lines: 2805..=2805 } in "./tmp/10/page_organization.rs"
verus failed, reverting
commenting out line Lines { lines: 419..=419 } in "./tmp/27/init.rs"
verus succeeded with time: 96884ms
commenting out line Lines { lines: 1328..=1328 } in "./tmp/8/bin_sizes.rs"
verus succeeded with time: 94322ms
commenting out line Lines { lines: 2810..=2810 } in "./tmp/10/page_organization.rs"
verus failed, reverting
commenting out line Lines { lines: 419..=419 } in "./tmp/27/init.rs"
verus succeeded with time: 97936ms
commenting out line Lines { lines: 1331..=1331 } in "./tmp/8/bin_sizes.rs"
verus failed, reverting
commenting out line Lines { lines: 2812..=2812 } in "./tmp/10/page_organization.rs"
verus failed, reverting
commenting out line Lines { lines: 419..=419 } in "./tmp/27/init.rs"
verus failed, reverting
commenting out line Lines { lines: 1333..=1333 } in "./tmp/8/bin_sizes.rs"
verus succeeded with time: 92529ms
commenting out line Lines { lines: 2814..=2814 } in "./tmp/10/page_organization.rs"
verus failed, reverting
commenting out line Lines { lines: 1337..=1337 } in "./tmp/8/bin_sizes.rs"
verus failed, reverting
commenting out line Lines { lines: 420..=420 } in "./tmp/27/init.rs"
verus succeeded with time: 93214ms
commenting out line Lines { lines: 2758..=2817 } in "./tmp/10/page_organization.rs"
verus succeeded with time: 98786ms
commenting out line Lines { lines: 1339..=1339 } in "./tmp/8/bin_sizes.rs"
verus failed, reverting
commenting out line Lines { lines: 420..=420 } in "./tmp/27/init.rs"
verus failed, reverting
commenting out line Lines { lines: 2818..=2818 } in "./tmp/10/page_organization.rs"
verus failed, reverting
commenting out line Lines { lines: 1341..=1341 } in "./tmp/8/bin_sizes.rs"
verus succeeded with time: 93613ms
commenting out line Lines { lines: 2826..=2826 } in "./tmp/10/page_organization.rs"
verus failed, reverting
commenting out line Lines { lines: 420..=420 } in "./tmp/27/init.rs"
verus failed, reverting
minimization of ./tmp/8/bin_sizes.rs is completed
verus succeeded with time: 95413ms
commenting out line Lines { lines: 2833..=2833 } in "./tmp/10/page_organization.rs"
verus failed, reverting
commenting out line Lines { lines: 421..=421 } in "./tmp/27/init.rs"
verus succeeded with time: 87985ms
commenting out line Lines { lines: 2837..=2837 } in "./tmp/10/page_organization.rs"
verus failed, reverting
commenting out line Lines { lines: 421..=421 } in "./tmp/27/init.rs"
verus failed, reverting
commenting out line Lines { lines: 2820..=2838 } in "./tmp/10/page_organization.rs"
verus failed, reverting
commenting out line Lines { lines: 421..=421 } in "./tmp/27/init.rs"
verus failed, reverting
commenting out line Lines { lines: 2839..=2839 } in "./tmp/10/page_organization.rs"
verus failed, reverting
commenting out line Lines { lines: 422..=422 } in "./tmp/27/init.rs"
verus succeeded with time: 88737ms
commenting out line Lines { lines: 2750..=2841 } in "./tmp/10/page_organization.rs"
verus failed, reverting
commenting out line Lines { lines: 422..=422 } in "./tmp/27/init.rs"
verus failed, reverting
commenting out line Lines { lines: 2864..=2864 } in "./tmp/10/page_organization.rs"
verus failed, reverting
commenting out line Lines { lines: 422..=422 } in "./tmp/27/init.rs"
verus succeeded with time: 87526ms
commenting out line Lines { lines: 2867..=2867 } in "./tmp/10/page_organization.rs"
verus failed, reverting
commenting out line Lines { lines: 423..=423 } in "./tmp/27/init.rs"
verus succeeded with time: 87755ms
commenting out line Lines { lines: 2855..=2869 } in "./tmp/10/page_organization.rs"
verus failed, reverting
commenting out line Lines { lines: 423..=423 } in "./tmp/27/init.rs"
verus failed, reverting
commenting out line Lines { lines: 2909..=2909 } in "./tmp/10/page_organization.rs"
verus failed, reverting
commenting out line Lines { lines: 423..=423 } in "./tmp/27/init.rs"
verus succeeded with time: 87651ms
commenting out line Lines { lines: 2911..=2911 } in "./tmp/10/page_organization.rs"
verus failed, reverting
commenting out line Lines { lines: 424..=424 } in "./tmp/27/init.rs"
verus succeeded with time: 87949ms
commenting out line Lines { lines: 2913..=2913 } in "./tmp/10/page_organization.rs"
verus failed, reverting
commenting out line Lines { lines: 424..=424 } in "./tmp/27/init.rs"
verus succeeded with time: 87468ms
commenting out line Lines { lines: 2916..=2916 } in "./tmp/10/page_organization.rs"
verus failed, reverting
commenting out line Lines { lines: 424..=424 } in "./tmp/27/init.rs"
verus succeeded with time: 87450ms
commenting out line Lines { lines: 2962..=2962 } in "./tmp/10/page_organization.rs"
verus failed, reverting
commenting out line Lines { lines: 425..=425 } in "./tmp/27/init.rs"
verus succeeded with time: 86832ms
commenting out line Lines { lines: 2963..=2963 } in "./tmp/10/page_organization.rs"
verus failed, reverting
commenting out line Lines { lines: 425..=425 } in "./tmp/27/init.rs"
verus succeeded with time: 87548ms
commenting out line Lines { lines: 2976..=2976 } in "./tmp/10/page_organization.rs"
verus failed, reverting
commenting out line Lines { lines: 425..=425 } in "./tmp/27/init.rs"
verus succeeded with time: 86481ms
commenting out line Lines { lines: 2974..=2979 } in "./tmp/10/page_organization.rs"
verus failed, reverting
commenting out line Lines { lines: 426..=426 } in "./tmp/27/init.rs"
verus failed, reverting
commenting out line Lines { lines: 2992..=2992 } in "./tmp/10/page_organization.rs"
verus failed, reverting
commenting out line Lines { lines: 426..=426 } in "./tmp/27/init.rs"
verus succeeded with time: 87423ms
commenting out line Lines { lines: 2995..=2995 } in "./tmp/10/page_organization.rs"
verus failed, reverting
commenting out line Lines { lines: 426..=426 } in "./tmp/27/init.rs"
verus succeeded with time: 87672ms
commenting out line Lines { lines: 2997..=2997 } in "./tmp/10/page_organization.rs"
verus failed, reverting
commenting out line Lines { lines: 427..=427 } in "./tmp/27/init.rs"
verus succeeded with time: 87347ms
commenting out line Lines { lines: 2984..=2998 } in "./tmp/10/page_organization.rs"
verus failed, reverting
commenting out line Lines { lines: 427..=427 } in "./tmp/27/init.rs"
verus failed, reverting
commenting out line Lines { lines: 2999..=2999 } in "./tmp/10/page_organization.rs"
verus failed, reverting
commenting out line Lines { lines: 427..=427 } in "./tmp/27/init.rs"
verus succeeded with time: 86766ms
commenting out line Lines { lines: 3021..=3021 } in "./tmp/10/page_organization.rs"
verus failed, reverting
commenting out line Lines { lines: 428..=428 } in "./tmp/27/init.rs"
verus succeeded with time: 86447ms
commenting out line Lines { lines: 3022..=3022 } in "./tmp/10/page_organization.rs"
verus failed, reverting
commenting out line Lines { lines: 428..=428 } in "./tmp/27/init.rs"
verus failed, reverting
commenting out line Lines { lines: 3026..=3026 } in "./tmp/10/page_organization.rs"
verus failed, reverting
commenting out line Lines { lines: 428..=428 } in "./tmp/27/init.rs"
verus succeeded with time: 88762ms
commenting out line Lines { lines: 3031..=3031 } in "./tmp/10/page_organization.rs"
verus failed, reverting
commenting out line Lines { lines: 429..=429 } in "./tmp/27/init.rs"
verus succeeded with time: 88110ms
commenting out line Lines { lines: 3036..=3036 } in "./tmp/10/page_organization.rs"
verus failed, reverting
commenting out line Lines { lines: 429..=429 } in "./tmp/27/init.rs"
verus succeeded with time: 88009ms
commenting out line Lines { lines: 3044..=3044 } in "./tmp/10/page_organization.rs"
verus failed, reverting
commenting out line Lines { lines: 429..=429 } in "./tmp/27/init.rs"
verus succeeded with time: 88333ms
commenting out line Lines { lines: 3048..=3048 } in "./tmp/10/page_organization.rs"
verus failed, reverting
commenting out line Lines { lines: 430..=430 } in "./tmp/27/init.rs"
verus failed, reverting
commenting out line Lines { lines: 3050..=3050 } in "./tmp/10/page_organization.rs"
verus failed, reverting
commenting out line Lines { lines: 430..=430 } in "./tmp/27/init.rs"
verus succeeded with time: 87809ms
commenting out line Lines { lines: 3052..=3052 } in "./tmp/10/page_organization.rs"
verus failed, reverting
commenting out line Lines { lines: 430..=430 } in "./tmp/27/init.rs"
verus succeeded with time: 89720ms
commenting out line Lines { lines: 3054..=3054 } in "./tmp/10/page_organization.rs"
verus succeeded with time: 87406ms
commenting out line Lines { lines: 3056..=3056 } in "./tmp/10/page_organization.rs"
verus failed, reverting
commenting out line Lines { lines: 431..=431 } in "./tmp/27/init.rs"
verus succeeded with time: 88281ms
commenting out line Lines { lines: 3057..=3057 } in "./tmp/10/page_organization.rs"
verus failed, reverting
commenting out line Lines { lines: 431..=431 } in "./tmp/27/init.rs"
verus succeeded with time: 88206ms
commenting out line Lines { lines: 3062..=3062 } in "./tmp/10/page_organization.rs"
verus failed, reverting
commenting out line Lines { lines: 431..=431 } in "./tmp/27/init.rs"
verus succeeded with time: 88230ms
commenting out line Lines { lines: 3066..=3066 } in "./tmp/10/page_organization.rs"
verus failed, reverting
commenting out line Lines { lines: 432..=432 } in "./tmp/27/init.rs"
verus succeeded with time: 87443ms
commenting out line Lines { lines: 3074..=3074 } in "./tmp/10/page_organization.rs"
verus failed, reverting
commenting out line Lines { lines: 432..=432 } in "./tmp/27/init.rs"
verus succeeded with time: 88302ms
commenting out line Lines { lines: 3079..=3079 } in "./tmp/10/page_organization.rs"
verus failed, reverting
commenting out line Lines { lines: 432..=432 } in "./tmp/27/init.rs"
verus failed, reverting
commenting out line Lines { lines: 3081..=3081 } in "./tmp/10/page_organization.rs"
verus failed, reverting
commenting out line Lines { lines: 433..=433 } in "./tmp/27/init.rs"
verus succeeded with time: 87391ms
commenting out line Lines { lines: 3083..=3083 } in "./tmp/10/page_organization.rs"
verus failed, reverting
commenting out line Lines { lines: 433..=433 } in "./tmp/27/init.rs"
verus succeeded with time: 87409ms
commenting out line Lines { lines: 3027..=3086 } in "./tmp/10/page_organization.rs"
verus failed, reverting
commenting out line Lines { lines: 433..=433 } in "./tmp/27/init.rs"
verus failed, reverting
commenting out line Lines { lines: 3087..=3087 } in "./tmp/10/page_organization.rs"
verus failed, reverting
commenting out line Lines { lines: 434..=434 } in "./tmp/27/init.rs"
verus succeeded with time: 87734ms
commenting out line Lines { lines: 3095..=3095 } in "./tmp/10/page_organization.rs"
verus failed, reverting
commenting out line Lines { lines: 434..=434 } in "./tmp/27/init.rs"
verus succeeded with time: 88617ms
commenting out line Lines { lines: 3102..=3102 } in "./tmp/10/page_organization.rs"
verus failed, reverting
commenting out line Lines { lines: 434..=434 } in "./tmp/27/init.rs"
verus succeeded with time: 87964ms
commenting out line Lines { lines: 3106..=3106 } in "./tmp/10/page_organization.rs"
verus failed, reverting
commenting out line Lines { lines: 435..=435 } in "./tmp/27/init.rs"
verus failed, reverting
commenting out line Lines { lines: 3089..=3107 } in "./tmp/10/page_organization.rs"
verus failed, reverting
commenting out line Lines { lines: 435..=435 } in "./tmp/27/init.rs"
verus failed, reverting
commenting out line Lines { lines: 3108..=3108 } in "./tmp/10/page_organization.rs"
verus failed, reverting
commenting out line Lines { lines: 435..=435 } in "./tmp/27/init.rs"
verus succeeded with time: 88046ms
commenting out line Lines { lines: 3019..=3110 } in "./tmp/10/page_organization.rs"
verus failed, reverting
commenting out line Lines { lines: 436..=436 } in "./tmp/27/init.rs"
verus failed, reverting
commenting out line Lines { lines: 3156..=3156 } in "./tmp/10/page_organization.rs"
verus failed, reverting
commenting out line Lines { lines: 436..=436 } in "./tmp/27/init.rs"
verus succeeded with time: 87647ms
commenting out line Lines { lines: 3158..=3158 } in "./tmp/10/page_organization.rs"
verus failed, reverting
commenting out line Lines { lines: 436..=436 } in "./tmp/27/init.rs"
verus succeeded with time: 87751ms
commenting out line Lines { lines: 3160..=3160 } in "./tmp/10/page_organization.rs"
verus failed, reverting
commenting out line Lines { lines: 437..=437 } in "./tmp/27/init.rs"
verus failed, reverting
commenting out line Lines { lines: 3162..=3162 } in "./tmp/10/page_organization.rs"
verus failed, reverting
commenting out line Lines { lines: 437..=437 } in "./tmp/27/init.rs"
verus succeeded with time: 87165ms
commenting out line Lines { lines: 3167..=3167 } in "./tmp/10/page_organization.rs"
verus failed, reverting
commenting out line Lines { lines: 437..=437 } in "./tmp/27/init.rs"
verus succeeded with time: 87027ms
commenting out line Lines { lines: 3170..=3170 } in "./tmp/10/page_organization.rs"
verus failed, reverting
commenting out line Lines { lines: 438..=438 } in "./tmp/27/init.rs"
verus succeeded with time: 86792ms
commenting out line Lines { lines: 3173..=3173 } in "./tmp/10/page_organization.rs"
verus failed, reverting
commenting out line Lines { lines: 438..=438 } in "./tmp/27/init.rs"
verus succeeded with time: 86050ms
commenting out line Lines { lines: 3204..=3204 } in "./tmp/10/page_organization.rs"
verus failed, reverting
commenting out line Lines { lines: 438..=438 } in "./tmp/27/init.rs"
verus succeeded with time: 86678ms
commenting out line Lines { lines: 3206..=3206 } in "./tmp/10/page_organization.rs"
verus failed, reverting
commenting out line Lines { lines: 439..=439 } in "./tmp/27/init.rs"
verus succeeded with time: 86415ms
commenting out line Lines { lines: 3208..=3208 } in "./tmp/10/page_organization.rs"
verus failed, reverting
commenting out line Lines { lines: 439..=439 } in "./tmp/27/init.rs"
verus succeeded with time: 86832ms
commenting out line Lines { lines: 3211..=3211 } in "./tmp/10/page_organization.rs"
verus failed, reverting
commenting out line Lines { lines: 439..=439 } in "./tmp/27/init.rs"
verus failed, reverting
commenting out line Lines { lines: 3213..=3213 } in "./tmp/10/page_organization.rs"
verus failed, reverting
commenting out line Lines { lines: 440..=440 } in "./tmp/27/init.rs"
verus succeeded with time: 86318ms
commenting out line Lines { lines: 3220..=3220 } in "./tmp/10/page_organization.rs"
verus failed, reverting
commenting out line Lines { lines: 440..=440 } in "./tmp/27/init.rs"
verus succeeded with time: 87139ms
commenting out line Lines { lines: 3221..=3221 } in "./tmp/10/page_organization.rs"
verus failed, reverting
commenting out line Lines { lines: 440..=440 } in "./tmp/27/init.rs"
verus succeeded with time: 87559ms
commenting out line Lines { lines: 3272..=3272 } in "./tmp/10/page_organization.rs"
verus failed, reverting
commenting out line Lines { lines: 441..=441 } in "./tmp/27/init.rs"
verus succeeded with time: 86361ms
commenting out line Lines { lines: 3274..=3274 } in "./tmp/10/page_organization.rs"
verus failed, reverting
commenting out line Lines { lines: 441..=441 } in "./tmp/27/init.rs"
verus succeeded with time: 87475ms
commenting out line Lines { lines: 3276..=3276 } in "./tmp/10/page_organization.rs"
verus succeeded with time: 88803ms
commenting out line Lines { lines: 3278..=3278 } in "./tmp/10/page_organization.rs"
verus failed, reverting
commenting out line Lines { lines: 441..=441 } in "./tmp/27/init.rs"
verus succeeded with time: 87732ms
commenting out line Lines { lines: 3279..=3279 } in "./tmp/10/page_organization.rs"
verus failed, reverting
commenting out line Lines { lines: 442..=442 } in "./tmp/27/init.rs"
verus succeeded with time: 88614ms
commenting out line Lines { lines: 3265..=3282 } in "./tmp/10/page_organization.rs"
verus failed, reverting
commenting out line Lines { lines: 442..=442 } in "./tmp/27/init.rs"
verus succeeded with time: 87707ms
commenting out line Lines { lines: 3319..=3319 } in "./tmp/10/page_organization.rs"
verus failed, reverting
commenting out line Lines { lines: 442..=442 } in "./tmp/27/init.rs"
verus succeeded with time: 87652ms
commenting out line Lines { lines: 3321..=3321 } in "./tmp/10/page_organization.rs"
verus failed, reverting
commenting out line Lines { lines: 443..=443 } in "./tmp/27/init.rs"
verus succeeded with time: 87753ms
commenting out line Lines { lines: 3323..=3323 } in "./tmp/10/page_organization.rs"
verus failed, reverting
commenting out line Lines { lines: 443..=443 } in "./tmp/27/init.rs"
verus succeeded with time: 88152ms
commenting out line Lines { lines: 3325..=3325 } in "./tmp/10/page_organization.rs"
verus failed, reverting
commenting out line Lines { lines: 443..=443 } in "./tmp/27/init.rs"
verus succeeded with time: 88174ms
commenting out line Lines { lines: 3326..=3326 } in "./tmp/10/page_organization.rs"
verus failed, reverting
commenting out line Lines { lines: 444..=444 } in "./tmp/27/init.rs"
verus succeeded with time: 88595ms
commenting out line Lines { lines: 3312..=3329 } in "./tmp/10/page_organization.rs"
verus failed, reverting
commenting out line Lines { lines: 444..=444 } in "./tmp/27/init.rs"
verus succeeded with time: 87562ms
commenting out line Lines { lines: 3350..=3350 } in "./tmp/10/page_organization.rs"
verus failed, reverting
commenting out line Lines { lines: 444..=444 } in "./tmp/27/init.rs"
verus succeeded with time: 87823ms
commenting out line Lines { lines: 3364..=3364 } in "./tmp/10/page_organization.rs"
verus failed, reverting
commenting out line Lines { lines: 445..=445 } in "./tmp/27/init.rs"
verus succeeded with time: 87155ms
commenting out line Lines { lines: 3367..=3367 } in "./tmp/10/page_organization.rs"
verus failed, reverting
commenting out line Lines { lines: 445..=445 } in "./tmp/27/init.rs"
verus succeeded with time: 88153ms
commenting out line Lines { lines: 3369..=3369 } in "./tmp/10/page_organization.rs"
verus failed, reverting
commenting out line Lines { lines: 445..=445 } in "./tmp/27/init.rs"
verus succeeded with time: 87594ms
commenting out line Lines { lines: 3356..=3370 } in "./tmp/10/page_organization.rs"
verus failed, reverting
commenting out line Lines { lines: 446..=446 } in "./tmp/27/init.rs"
verus failed, reverting
commenting out line Lines { lines: 3371..=3371 } in "./tmp/10/page_organization.rs"
verus failed, reverting
commenting out line Lines { lines: 446..=446 } in "./tmp/27/init.rs"
verus succeeded with time: 87411ms
commenting out line Lines { lines: 3398..=3398 } in "./tmp/10/page_organization.rs"
verus failed, reverting
commenting out line Lines { lines: 446..=446 } in "./tmp/27/init.rs"
verus succeeded with time: 86631ms
commenting out line Lines { lines: 3399..=3399 } in "./tmp/10/page_organization.rs"
verus failed, reverting
commenting out line Lines { lines: 447..=447 } in "./tmp/27/init.rs"
verus failed, reverting
commenting out line Lines { lines: 3403..=3403 } in "./tmp/10/page_organization.rs"
verus failed, reverting
commenting out line Lines { lines: 447..=447 } in "./tmp/27/init.rs"
verus succeeded with time: 86279ms
commenting out line Lines { lines: 3408..=3408 } in "./tmp/10/page_organization.rs"
verus failed, reverting
commenting out line Lines { lines: 447..=447 } in "./tmp/27/init.rs"
verus succeeded with time: 85641ms
commenting out line Lines { lines: 3413..=3413 } in "./tmp/10/page_organization.rs"
verus failed, reverting
commenting out line Lines { lines: 448..=448 } in "./tmp/27/init.rs"
verus succeeded with time: 86356ms
commenting out line Lines { lines: 3421..=3421 } in "./tmp/10/page_organization.rs"
verus failed, reverting
commenting out line Lines { lines: 448..=448 } in "./tmp/27/init.rs"
verus succeeded with time: 87983ms
commenting out line Lines { lines: 3425..=3425 } in "./tmp/10/page_organization.rs"
verus failed, reverting
commenting out line Lines { lines: 448..=448 } in "./tmp/27/init.rs"
verus failed, reverting
commenting out line Lines { lines: 3427..=3427 } in "./tmp/10/page_organization.rs"
verus failed, reverting
commenting out line Lines { lines: 449..=449 } in "./tmp/27/init.rs"
verus succeeded with time: 86735ms
commenting out line Lines { lines: 3429..=3429 } in "./tmp/10/page_organization.rs"
verus succeeded with time: 86996ms
commenting out line Lines { lines: 3431..=3431 } in "./tmp/10/page_organization.rs"
verus failed, reverting
commenting out line Lines { lines: 449..=449 } in "./tmp/27/init.rs"
verus succeeded with time: 87054ms
commenting out line Lines { lines: 3433..=3433 } in "./tmp/10/page_organization.rs"
verus failed, reverting
commenting out line Lines { lines: 449..=449 } in "./tmp/27/init.rs"
verus succeeded with time: 87518ms
commenting out line Lines { lines: 3434..=3434 } in "./tmp/10/page_organization.rs"
verus failed, reverting
commenting out line Lines { lines: 450..=450 } in "./tmp/27/init.rs"
verus succeeded with time: 87514ms
commenting out line Lines { lines: 3439..=3439 } in "./tmp/10/page_organization.rs"
verus failed, reverting
commenting out line Lines { lines: 450..=450 } in "./tmp/27/init.rs"
verus succeeded with time: 88846ms
commenting out line Lines { lines: 3443..=3443 } in "./tmp/10/page_organization.rs"
verus failed, reverting
commenting out line Lines { lines: 450..=450 } in "./tmp/27/init.rs"
verus succeeded with time: 89133ms
commenting out line Lines { lines: 3451..=3451 } in "./tmp/10/page_organization.rs"
verus failed, reverting
commenting out line Lines { lines: 451..=451 } in "./tmp/27/init.rs"
verus succeeded with time: 87937ms
commenting out line Lines { lines: 3456..=3456 } in "./tmp/10/page_organization.rs"
verus failed, reverting
commenting out line Lines { lines: 451..=451 } in "./tmp/27/init.rs"
verus failed, reverting
commenting out line Lines { lines: 3458..=3458 } in "./tmp/10/page_organization.rs"
verus failed, reverting
commenting out line Lines { lines: 451..=451 } in "./tmp/27/init.rs"
verus succeeded with time: 89738ms
commenting out line Lines { lines: 3460..=3460 } in "./tmp/10/page_organization.rs"
verus failed, reverting
commenting out line Lines { lines: 452..=452 } in "./tmp/27/init.rs"
verus succeeded with time: 88081ms
commenting out line Lines { lines: 3404..=3463 } in "./tmp/10/page_organization.rs"
verus failed, reverting
commenting out line Lines { lines: 452..=452 } in "./tmp/27/init.rs"
verus failed, reverting
commenting out line Lines { lines: 3464..=3464 } in "./tmp/10/page_organization.rs"
verus failed, reverting
commenting out line Lines { lines: 452..=452 } in "./tmp/27/init.rs"
verus succeeded with time: 86551ms
commenting out line Lines { lines: 3472..=3472 } in "./tmp/10/page_organization.rs"
verus failed, reverting
commenting out line Lines { lines: 453..=453 } in "./tmp/27/init.rs"
verus succeeded with time: 86105ms
commenting out line Lines { lines: 3479..=3479 } in "./tmp/10/page_organization.rs"
verus failed, reverting
commenting out line Lines { lines: 453..=453 } in "./tmp/27/init.rs"
verus succeeded with time: 85502ms
commenting out line Lines { lines: 3483..=3483 } in "./tmp/10/page_organization.rs"
verus failed, reverting
commenting out line Lines { lines: 453..=453 } in "./tmp/27/init.rs"
verus failed, reverting
commenting out line Lines { lines: 3466..=3484 } in "./tmp/10/page_organization.rs"
verus failed, reverting
commenting out line Lines { lines: 454..=454 } in "./tmp/27/init.rs"
verus failed, reverting
commenting out line Lines { lines: 3485..=3485 } in "./tmp/10/page_organization.rs"
verus failed, reverting
commenting out line Lines { lines: 454..=454 } in "./tmp/27/init.rs"
verus succeeded with time: 86024ms
commenting out line Lines { lines: 3396..=3487 } in "./tmp/10/page_organization.rs"
verus failed, reverting
commenting out line Lines { lines: 454..=454 } in "./tmp/27/init.rs"
verus failed, reverting
commenting out line Lines { lines: 3509..=3509 } in "./tmp/10/page_organization.rs"
verus failed, reverting
commenting out line Lines { lines: 455..=455 } in "./tmp/27/init.rs"
verus succeeded with time: 85179ms
commenting out line Lines { lines: 3517..=3517 } in "./tmp/10/page_organization.rs"
verus failed, reverting
commenting out line Lines { lines: 455..=455 } in "./tmp/27/init.rs"
verus succeeded with time: 85958ms
commenting out line Lines { lines: 3521..=3523 } in "./tmp/10/page_organization.rs"
verus failed, reverting
commenting out line Lines { lines: 455..=455 } in "./tmp/27/init.rs"
verus failed, reverting
commenting out line Lines { lines: 3525..=3532 } in "./tmp/10/page_organization.rs"
verus failed, reverting
commenting out line Lines { lines: 3541..=3543 } in "./tmp/10/page_organization.rs"
verus failed, reverting
commenting out line Lines { lines: 456..=456 } in "./tmp/27/init.rs"
verus failed, reverting
commenting out line Lines { lines: 3551..=3551 } in "./tmp/10/page_organization.rs"
verus failed, reverting
commenting out line Lines { lines: 456..=456 } in "./tmp/27/init.rs"
verus failed, reverting
commenting out line Lines { lines: 3549..=3552 } in "./tmp/10/page_organization.rs"
verus failed, reverting
commenting out line Lines { lines: 456..=456 } in "./tmp/27/init.rs"
verus failed, reverting
commenting out line Lines { lines: 3545..=3553 } in "./tmp/10/page_organization.rs"
verus failed, reverting
commenting out line Lines { lines: 457..=457 } in "./tmp/27/init.rs"
verus failed, reverting
commenting out line Lines { lines: 3568..=3568 } in "./tmp/10/page_organization.rs"
verus failed, reverting
commenting out line Lines { lines: 457..=457 } in "./tmp/27/init.rs"
verus succeeded with time: 87204ms
commenting out line Lines { lines: 3575..=3575 } in "./tmp/10/page_organization.rs"
verus failed, reverting
commenting out line Lines { lines: 457..=457 } in "./tmp/27/init.rs"
verus succeeded with time: 86841ms
commenting out line Lines { lines: 3578..=3578 } in "./tmp/10/page_organization.rs"
verus failed, reverting
commenting out line Lines { lines: 458..=458 } in "./tmp/27/init.rs"
verus succeeded with time: 86584ms
commenting out line Lines { lines: 3580..=3580 } in "./tmp/10/page_organization.rs"
verus failed, reverting
commenting out line Lines { lines: 458..=458 } in "./tmp/27/init.rs"
verus failed, reverting
commenting out line Lines { lines: 3582..=3582 } in "./tmp/10/page_organization.rs"
verus failed, reverting
commenting out line Lines { lines: 458..=458 } in "./tmp/27/init.rs"
verus succeeded with time: 87247ms
commenting out line Lines { lines: 3585..=3585 } in "./tmp/10/page_organization.rs"
verus failed, reverting
commenting out line Lines { lines: 459..=459 } in "./tmp/27/init.rs"
verus succeeded with time: 86569ms
commenting out line Lines { lines: 3586..=3586 } in "./tmp/10/page_organization.rs"
verus failed, reverting
commenting out line Lines { lines: 459..=459 } in "./tmp/27/init.rs"
verus succeeded with time: 86080ms
commenting out line Lines { lines: 3572..=3589 } in "./tmp/10/page_organization.rs"
verus failed, reverting
commenting out line Lines { lines: 459..=459 } in "./tmp/27/init.rs"
verus failed, reverting
commenting out line Lines { lines: 3590..=3590 } in "./tmp/10/page_organization.rs"
verus failed, reverting
commenting out line Lines { lines: 460..=460 } in "./tmp/27/init.rs"
verus succeeded with time: 86713ms
commenting out line Lines { lines: 3594..=3594 } in "./tmp/10/page_organization.rs"
verus failed, reverting
commenting out line Lines { lines: 460..=460 } in "./tmp/27/init.rs"
verus succeeded with time: 85410ms
commenting out line Lines { lines: 3598..=3598 } in "./tmp/10/page_organization.rs"
verus failed, reverting
commenting out line Lines { lines: 460..=460 } in "./tmp/27/init.rs"
verus succeeded with time: 86253ms
commenting out line Lines { lines: 3602..=3602 } in "./tmp/10/page_organization.rs"
verus failed, reverting
commenting out line Lines { lines: 461..=461 } in "./tmp/27/init.rs"
verus failed, reverting
commenting out line Lines { lines: 3592..=3603 } in "./tmp/10/page_organization.rs"
verus failed, reverting
commenting out line Lines { lines: 461..=461 } in "./tmp/27/init.rs"
verus failed, reverting
commenting out line Lines { lines: 3604..=3604 } in "./tmp/10/page_organization.rs"
verus failed, reverting
commenting out line Lines { lines: 461..=461 } in "./tmp/27/init.rs"
verus succeeded with time: 86309ms
commenting out line Lines { lines: 3566..=3606 } in "./tmp/10/page_organization.rs"
verus failed, reverting
commenting out line Lines { lines: 462..=462 } in "./tmp/27/init.rs"
verus failed, reverting
commenting out line Lines { lines: 3608..=3608 } in "./tmp/10/page_organization.rs"
verus failed, reverting
commenting out line Lines { lines: 462..=462 } in "./tmp/27/init.rs"
verus succeeded with time: 85675ms
commenting out line Lines { lines: 3610..=3614 } in "./tmp/10/page_organization.rs"
verus failed, reverting
commenting out line Lines { lines: 462..=462 } in "./tmp/27/init.rs"
verus failed, reverting
commenting out line Lines { lines: 3618..=3618 } in "./tmp/10/page_organization.rs"
verus failed, reverting
commenting out line Lines { lines: 463..=463 } in "./tmp/27/init.rs"
verus failed, reverting
commenting out line Lines { lines: 3616..=3620 } in "./tmp/10/page_organization.rs"
verus failed, reverting
commenting out line Lines { lines: 3662..=3662 } in "./tmp/10/page_organization.rs"
verus failed, reverting
commenting out line Lines { lines: 463..=463 } in "./tmp/27/init.rs"
verus succeeded with time: 88070ms
commenting out line Lines { lines: 3664..=3664 } in "./tmp/10/page_organization.rs"
verus failed, reverting
commenting out line Lines { lines: 463..=463 } in "./tmp/27/init.rs"
verus succeeded with time: 87432ms
commenting out line Lines { lines: 3665..=3665 } in "./tmp/10/page_organization.rs"
verus failed, reverting
commenting out line Lines { lines: 464..=464 } in "./tmp/27/init.rs"
verus succeeded with time: 86601ms
commenting out line Lines { lines: 3672..=3674 } in "./tmp/10/page_organization.rs"
verus failed, reverting
commenting out line Lines { lines: 464..=464 } in "./tmp/27/init.rs"
verus failed, reverting
commenting out line Lines { lines: 3681..=3683 } in "./tmp/10/page_organization.rs"
verus failed, reverting
commenting out line Lines { lines: 464..=464 } in "./tmp/27/init.rs"
verus failed, reverting
commenting out line Lines { lines: 3710..=3710 } in "./tmp/10/page_organization.rs"
verus failed, reverting
commenting out line Lines { lines: 465..=465 } in "./tmp/27/init.rs"
verus succeeded with time: 86552ms
commenting out line Lines { lines: 3711..=3711 } in "./tmp/10/page_organization.rs"
verus failed, reverting
commenting out line Lines { lines: 465..=465 } in "./tmp/27/init.rs"
verus failed, reverting
commenting out line Lines { lines: 3716..=3716 } in "./tmp/10/page_organization.rs"
verus failed, reverting
commenting out line Lines { lines: 465..=465 } in "./tmp/27/init.rs"
verus succeeded with time: 86527ms
commenting out line Lines { lines: 3717..=3717 } in "./tmp/10/page_organization.rs"
verus failed, reverting
commenting out line Lines { lines: 466..=466 } in "./tmp/27/init.rs"
verus succeeded with time: 86729ms
commenting out line Lines { lines: 3718..=3718 } in "./tmp/10/page_organization.rs"
verus failed, reverting
commenting out line Lines { lines: 466..=466 } in "./tmp/27/init.rs"
verus succeeded with time: 86177ms
commenting out line Lines { lines: 3719..=3719 } in "./tmp/10/page_organization.rs"
verus failed, reverting
commenting out line Lines { lines: 466..=466 } in "./tmp/27/init.rs"
verus succeeded with time: 86197ms
commenting out line Lines { lines: 3723..=3723 } in "./tmp/10/page_organization.rs"
verus failed, reverting
commenting out line Lines { lines: 467..=467 } in "./tmp/27/init.rs"
verus succeeded with time: 87902ms
commenting out line Lines { lines: 3726..=3726 } in "./tmp/10/page_organization.rs"
verus failed, reverting
commenting out line Lines { lines: 467..=467 } in "./tmp/27/init.rs"
verus succeeded with time: 86580ms
commenting out line Lines { lines: 3727..=3727 } in "./tmp/10/page_organization.rs"
verus failed, reverting
commenting out line Lines { lines: 467..=467 } in "./tmp/27/init.rs"
verus succeeded with time: 86933ms
commenting out line Lines { lines: 3728..=3728 } in "./tmp/10/page_organization.rs"
verus failed, reverting
commenting out line Lines { lines: 468..=468 } in "./tmp/27/init.rs"
verus succeeded with time: 86347ms
commenting out line Lines { lines: 3760..=3760 } in "./tmp/10/page_organization.rs"
verus failed, reverting
commenting out line Lines { lines: 468..=468 } in "./tmp/27/init.rs"
verus succeeded with time: 86693ms
commenting out line Lines { lines: 3761..=3761 } in "./tmp/10/page_organization.rs"
verus failed, reverting
commenting out line Lines { lines: 468..=468 } in "./tmp/27/init.rs"
verus failed, reverting
commenting out line Lines { lines: 3864..=3864 } in "./tmp/10/page_organization.rs"
verus failed, reverting
commenting out line Lines { lines: 469..=469 } in "./tmp/27/init.rs"
verus succeeded with time: 85327ms
commenting out line Lines { lines: 3866..=3866 } in "./tmp/10/page_organization.rs"
verus succeeded with time: 89334ms
commenting out line Lines { lines: 469..=469 } in "./tmp/27/init.rs"
verus succeeded with time: 85528ms
commenting out line Lines { lines: 3867..=3867 } in "./tmp/10/page_organization.rs"
verus succeeded with time: 89472ms
commenting out line Lines { lines: 469..=469 } in "./tmp/27/init.rs"
verus succeeded with time: 86151ms
commenting out line Lines { lines: 3871..=3871 } in "./tmp/10/page_organization.rs"
verus succeeded with time: 88794ms
commenting out line Lines { lines: 470..=470 } in "./tmp/27/init.rs"
verus failed, reverting
commenting out line Lines { lines: 3872..=3872 } in "./tmp/10/page_organization.rs"
verus succeeded with time: 89568ms
commenting out line Lines { lines: 391..=472 } in "./tmp/27/init.rs"
verus succeeded with time: 86704ms
commenting out line Lines { lines: 3873..=3873 } in "./tmp/10/page_organization.rs"
verus failed, reverting
commenting out line Lines { lines: 721..=721 } in "./tmp/27/init.rs"
verus succeeded with time: 85998ms
commenting out line Lines { lines: 3874..=3874 } in "./tmp/10/page_organization.rs"
verus succeeded with time: 88603ms
commenting out line Lines { lines: 722..=722 } in "./tmp/27/init.rs"
verus succeeded with time: 85434ms
commenting out line Lines { lines: 3880..=3880 } in "./tmp/10/page_organization.rs"
verus succeeded with time: 90072ms
commenting out line Lines { lines: 723..=723 } in "./tmp/27/init.rs"
verus failed, reverting
commenting out line Lines { lines: 3881..=3881 } in "./tmp/10/page_organization.rs"
verus succeeded with time: 85975ms
commenting out line Lines { lines: 3882..=3882 } in "./tmp/10/page_organization.rs"
verus succeeded with time: 81726ms
commenting out line Lines { lines: 3883..=3883 } in "./tmp/10/page_organization.rs"
verus succeeded with time: 81654ms
commenting out line Lines { lines: 3912..=3912 } in "./tmp/10/page_organization.rs"
verus succeeded with time: 82618ms
commenting out line Lines { lines: 3914..=3914 } in "./tmp/10/page_organization.rs"
verus failed, reverting
commenting out line Lines { lines: 3915..=3915 } in "./tmp/10/page_organization.rs"
verus failed, reverting
commenting out line Lines { lines: 3963..=3963 } in "./tmp/10/page_organization.rs"
verus succeeded with time: 83283ms
commenting out line Lines { lines: 3991..=3991 } in "./tmp/10/page_organization.rs"
verus succeeded with time: 82986ms
commenting out line Lines { lines: 4026..=4026 } in "./tmp/10/page_organization.rs"
verus succeeded with time: 85822ms
commenting out line Lines { lines: 4027..=4027 } in "./tmp/10/page_organization.rs"
verus succeeded with time: 80189ms
commenting out line Lines { lines: 4033..=4033 } in "./tmp/10/page_organization.rs"
verus succeeded with time: 81735ms
commenting out line Lines { lines: 4034..=4034 } in "./tmp/10/page_organization.rs"
verus succeeded with time: 79724ms
commenting out line Lines { lines: 4046..=4046 } in "./tmp/10/page_organization.rs"
verus succeeded with time: 81830ms
commenting out line Lines { lines: 4047..=4047 } in "./tmp/10/page_organization.rs"
verus succeeded with time: 81773ms
commenting out line Lines { lines: 4051..=4051 } in "./tmp/10/page_organization.rs"
verus succeeded with time: 83331ms
commenting out line Lines { lines: 4052..=4052 } in "./tmp/10/page_organization.rs"
verus succeeded with time: 82832ms
commenting out line Lines { lines: 4060..=4060 } in "./tmp/10/page_organization.rs"
verus succeeded with time: 82004ms
commenting out line Lines { lines: 4061..=4061 } in "./tmp/10/page_organization.rs"
verus succeeded with time: 81927ms
commenting out line Lines { lines: 4086..=4086 } in "./tmp/10/page_organization.rs"
verus succeeded with time: 82090ms
commenting out line Lines { lines: 4087..=4087 } in "./tmp/10/page_organization.rs"
verus succeeded with time: 81533ms
commenting out line Lines { lines: 4093..=4093 } in "./tmp/10/page_organization.rs"
verus succeeded with time: 81582ms
commenting out line Lines { lines: 4094..=4094 } in "./tmp/10/page_organization.rs"
verus succeeded with time: 81695ms
commenting out line Lines { lines: 4097..=4097 } in "./tmp/10/page_organization.rs"
verus succeeded with time: 82153ms
commenting out line Lines { lines: 4098..=4098 } in "./tmp/10/page_organization.rs"
verus succeeded with time: 81448ms
commenting out line Lines { lines: 4102..=4102 } in "./tmp/10/page_organization.rs"
verus succeeded with time: 81589ms
commenting out line Lines { lines: 4103..=4103 } in "./tmp/10/page_organization.rs"
verus failed, reverting
commenting out line Lines { lines: 724..=724 } in "./tmp/27/init.rs"
verus succeeded with time: 86450ms
commenting out line Lines { lines: 4111..=4111 } in "./tmp/10/page_organization.rs"
verus succeeded with time: 88561ms
commenting out line Lines { lines: 727..=727 } in "./tmp/27/init.rs"
verus succeeded with time: 86063ms
commenting out line Lines { lines: 4112..=4112 } in "./tmp/10/page_organization.rs"
verus succeeded with time: 89048ms
commenting out line Lines { lines: 730..=730 } in "./tmp/27/init.rs"
verus succeeded with time: 85419ms
commenting out line Lines { lines: 4330..=4330 } in "./tmp/10/page_organization.rs"
verus succeeded with time: 89598ms
minimization of ./tmp/27/init.rs is completed
verus succeeded with time: 80341ms
commenting out line Lines { lines: 4332..=4332 } in "./tmp/10/page_organization.rs"
verus succeeded with time: 80000ms
commenting out line Lines { lines: 4346..=4350 } in "./tmp/10/page_organization.rs"
verus failed, reverting
commenting out line Lines { lines: 4360..=4364 } in "./tmp/10/page_organization.rs"
verus failed, reverting
commenting out line Lines { lines: 4501..=4501 } in "./tmp/10/page_organization.rs"
verus succeeded with time: 80655ms
commenting out line Lines { lines: 4503..=4503 } in "./tmp/10/page_organization.rs"
verus succeeded with time: 79910ms
commenting out line Lines { lines: 4504..=4505 } in "./tmp/10/page_organization.rs"
verus failed, reverting
commenting out line Lines { lines: 4506..=4506 } in "./tmp/10/page_organization.rs"
verus succeeded with time: 78674ms
commenting out line Lines { lines: 4536..=4536 } in "./tmp/10/page_organization.rs"
verus succeeded with time: 79480ms
commenting out line Lines { lines: 4537..=4537 } in "./tmp/10/page_organization.rs"
verus succeeded with time: 80311ms
commenting out line Lines { lines: 4541..=4541 } in "./tmp/10/page_organization.rs"
verus succeeded with time: 80002ms
commenting out line Lines { lines: 4557..=4557 } in "./tmp/10/page_organization.rs"
verus failed, reverting
commenting out line Lines { lines: 4545..=4565 } in "./tmp/10/page_organization.rs"
verus succeeded with time: 79951ms
commenting out line Lines { lines: 4566..=4566 } in "./tmp/10/page_organization.rs"
verus succeeded with time: 79644ms
commenting out line Lines { lines: 4567..=4567 } in "./tmp/10/page_organization.rs"
verus succeeded with time: 78505ms
commenting out line Lines { lines: 4534..=4568 } in "./tmp/10/page_organization.rs"
verus failed, reverting
commenting out line Lines { lines: 4620..=4620 } in "./tmp/10/page_organization.rs"
verus succeeded with time: 79196ms
commenting out line Lines { lines: 4624..=4624 } in "./tmp/10/page_organization.rs"
verus succeeded with time: 78403ms
commenting out line Lines { lines: 4629..=4629 } in "./tmp/10/page_organization.rs"
verus succeeded with time: 79505ms
commenting out line Lines { lines: 4635..=4635 } in "./tmp/10/page_organization.rs"
verus succeeded with time: 78585ms
commenting out line Lines { lines: 4618..=4638 } in "./tmp/10/page_organization.rs"
verus failed, reverting
commenting out line Lines { lines: 4687..=4687 } in "./tmp/10/page_organization.rs"
verus succeeded with time: 78317ms
commenting out line Lines { lines: 4689..=4689 } in "./tmp/10/page_organization.rs"
verus succeeded with time: 78495ms
commenting out line Lines { lines: 4692..=4692 } in "./tmp/10/page_organization.rs"
verus succeeded with time: 79457ms
commenting out line Lines { lines: 4694..=4694 } in "./tmp/10/page_organization.rs"
verus succeeded with time: 80136ms
commenting out line Lines { lines: 4748..=4748 } in "./tmp/10/page_organization.rs"
verus succeeded with time: 79943ms
commenting out line Lines { lines: 4783..=4783 } in "./tmp/10/page_organization.rs"
verus failed, reverting
commenting out line Lines { lines: 4781..=4784 } in "./tmp/10/page_organization.rs"
verus failed, reverting
commenting out line Lines { lines: 4777..=4785 } in "./tmp/10/page_organization.rs"
verus failed, reverting
commenting out line Lines { lines: 4806..=4806 } in "./tmp/10/page_organization.rs"
verus failed, reverting
commenting out line Lines { lines: 4804..=4807 } in "./tmp/10/page_organization.rs"
verus failed, reverting
commenting out line Lines { lines: 4800..=4808 } in "./tmp/10/page_organization.rs"
verus failed, reverting
commenting out line Lines { lines: 4851..=4851 } in "./tmp/10/page_organization.rs"
verus succeeded with time: 80544ms
commenting out line Lines { lines: 4881..=4881 } in "./tmp/10/page_organization.rs"
verus succeeded with time: 78629ms
commenting out line Lines { lines: 4883..=4883 } in "./tmp/10/page_organization.rs"
verus succeeded with time: 79762ms
commenting out line Lines { lines: 4885..=4885 } in "./tmp/10/page_organization.rs"
verus succeeded with time: 80458ms
commenting out line Lines { lines: 4889..=4889 } in "./tmp/10/page_organization.rs"
verus succeeded with time: 81406ms
commenting out line Lines { lines: 4892..=4892 } in "./tmp/10/page_organization.rs"
verus succeeded with time: 79637ms
commenting out line Lines { lines: 4923..=4923 } in "./tmp/10/page_organization.rs"
verus failed, reverting
commenting out line Lines { lines: 4924..=4924 } in "./tmp/10/page_organization.rs"
verus failed, reverting
commenting out line Lines { lines: 4928..=4928 } in "./tmp/10/page_organization.rs"
verus succeeded with time: 79492ms
commenting out line Lines { lines: 4948..=4948 } in "./tmp/10/page_organization.rs"
verus succeeded with time: 77921ms
commenting out line Lines { lines: 4950..=4950 } in "./tmp/10/page_organization.rs"
verus succeeded with time: 80111ms
commenting out line Lines { lines: 4953..=4953 } in "./tmp/10/page_organization.rs"
verus failed, reverting
commenting out line Lines { lines: 4954..=4954 } in "./tmp/10/page_organization.rs"
verus failed, reverting
commenting out line Lines { lines: 4958..=4958 } in "./tmp/10/page_organization.rs"
verus succeeded with time: 78236ms
commenting out line Lines { lines: 4975..=4975 } in "./tmp/10/page_organization.rs"
verus failed, reverting
commenting out line Lines { lines: 4971..=4976 } in "./tmp/10/page_organization.rs"
verus failed, reverting
commenting out line Lines { lines: 4992..=4992 } in "./tmp/10/page_organization.rs"
verus failed, reverting
commenting out line Lines { lines: 4994..=4994 } in "./tmp/10/page_organization.rs"
verus failed, reverting
commenting out line Lines { lines: 4987..=4996 } in "./tmp/10/page_organization.rs"
verus failed, reverting
commenting out line Lines { lines: 5035..=5035 } in "./tmp/10/page_organization.rs"
verus failed, reverting
commenting out line Lines { lines: 5037..=5037 } in "./tmp/10/page_organization.rs"
verus failed, reverting
commenting out line Lines { lines: 5030..=5039 } in "./tmp/10/page_organization.rs"
verus failed, reverting
minimization of ./tmp/10/page_organization.rs is completed
