   Compiling minimize v0.1.0 (/local/abai/verus/source/tools/minimize)
    Finished `release` profile [optimized] target(s) in 5.63s
     Running `/local/abai/verus/source/target/release/minimize -d ./tmp2 /local/abai/verified-memory-allocator/verus-mimalloc/lib.d`
original verification time: 61670ms
minimization of ./tmp2/0/lib.rs is completed
minimization of ./tmp2/1/os_mem.rs is completed
minimization of ./tmp2/2/thread.rs is completed
commenting out line Lines { lines: 1679..=1679 } in "./tmp2/4/types.rs"
verus succeeded with time: 93967ms, keeping it commented out
commenting out line Lines { lines: 229..=229 } in "./tmp2/3/tokens.rs"
verus succeeded with time: 94876ms, keeping it commented out
commenting out line Lines { lines: 136..=136 } in "./tmp2/6/layout.rs"
verus succeeded with time: 96070ms, keeping it commented out
commenting out line Lines { lines: 87..=87 } in "./tmp2/5/flags.rs"
verus succeeded with time: 97856ms, keeping it commented out
commenting out line Lines { lines: 89..=89 } in "./tmp2/5/flags.rs"
verus failed with time: 90543ms, reverting
commenting out line Lines { lines: 266..=266 } in "./tmp2/3/tokens.rs"
verus succeeded with time: 94617ms, keeping it commented out
commenting out line Lines { lines: 1705..=1705 } in "./tmp2/4/types.rs"
verus succeeded with time: 96758ms, keeping it commented out
commenting out line Lines { lines: 137..=137 } in "./tmp2/6/layout.rs"
verus succeeded with time: 95379ms, keeping it commented out
commenting out line Lines { lines: 100..=100 } in "./tmp2/5/flags.rs"
verus failed with time: 91177ms, reverting
commenting out line Lines { lines: 1477..=1477 } in "./tmp2/3/tokens.rs"
verus failed with time: 90629ms, reverting
commenting out line Lines { lines: 1755..=1755 } in "./tmp2/4/types.rs"
verus failed with time: 92050ms, reverting
commenting out line Lines { lines: 138..=138 } in "./tmp2/6/layout.rs"
verus succeeded with time: 93138ms, keeping it commented out
commenting out line Lines { lines: 117..=117 } in "./tmp2/5/flags.rs"
verus failed with time: 90722ms, reverting
commenting out line Lines { lines: 1479..=1479 } in "./tmp2/3/tokens.rs"
verus failed with time: 90537ms, reverting
commenting out line Lines { lines: 1783..=1783 } in "./tmp2/4/types.rs"
verus succeeded with time: 95066ms, keeping it commented out
minimization of ./tmp2/4/types.rs is completed
commenting out line Lines { lines: 140..=140 } in "./tmp2/6/layout.rs"
verus succeeded with time: 93713ms, keeping it commented out
commenting out line Lines { lines: 118..=119 } in "./tmp2/5/flags.rs"
verus failed with time: 90688ms, reverting
commenting out line Lines { lines: 1480..=1480 } in "./tmp2/3/tokens.rs"
verus succeeded with time: 95849ms, keeping it commented out
commenting out line Lines { lines: 113..=113 } in "./tmp2/7/config.rs"
verus succeeded with time: 93590ms, keeping it commented out
commenting out line Lines { lines: 141..=141 } in "./tmp2/6/layout.rs"
verus succeeded with time: 96620ms, keeping it commented out
commenting out line Lines { lines: 135..=135 } in "./tmp2/5/flags.rs"
verus failed with time: 89664ms, reverting
commenting out line Lines { lines: 1471..=1481 } in "./tmp2/3/tokens.rs"
verus failed with time: 90071ms, reverting
commenting out line Lines { lines: 114..=114 } in "./tmp2/7/config.rs"
verus failed with time: 88979ms, reverting
commenting out line Lines { lines: 144..=144 } in "./tmp2/6/layout.rs"
verus succeeded with time: 91960ms, keeping it commented out
commenting out line Lines { lines: 136..=136 } in "./tmp2/5/flags.rs"
verus failed with time: 90706ms, reverting
commenting out line Lines { lines: 115..=115 } in "./tmp2/7/config.rs"
verus failed with time: 89866ms, reverting
commenting out line Lines { lines: 1503..=1503 } in "./tmp2/3/tokens.rs"
verus succeeded with time: 95281ms, keeping it commented out
commenting out line Lines { lines: 145..=145 } in "./tmp2/6/layout.rs"
verus succeeded with time: 91466ms, keeping it commented out
commenting out line Lines { lines: 137..=137 } in "./tmp2/5/flags.rs"
verus failed with time: 87024ms, reverting
commenting out line Lines { lines: 116..=116 } in "./tmp2/7/config.rs"
verus failed with time: 91087ms, reverting
commenting out line Lines { lines: 1504..=1504 } in "./tmp2/3/tokens.rs"
verus succeeded with time: 93810ms, keeping it commented out
commenting out line Lines { lines: 146..=146 } in "./tmp2/6/layout.rs"
verus succeeded with time: 93372ms, keeping it commented out
commenting out line Lines { lines: 152..=152 } in "./tmp2/5/flags.rs"
verus failed with time: 90332ms, reverting
commenting out line Lines { lines: 117..=117 } in "./tmp2/7/config.rs"
verus succeeded with time: 90771ms, keeping it commented out
minimization of ./tmp2/7/config.rs is completed
commenting out line Lines { lines: 1506..=1506 } in "./tmp2/3/tokens.rs"
verus succeeded with time: 93017ms, keeping it commented out
commenting out line Lines { lines: 129..=147 } in "./tmp2/6/layout.rs"
verus failed with time: 87060ms, reverting
commenting out line Lines { lines: 153..=153 } in "./tmp2/5/flags.rs"
verus failed with time: 87140ms, reverting
commenting out line Lines { lines: 168..=168 } in "./tmp2/8/bin_sizes.rs"
verus succeeded with time: 94523ms, keeping it commented out
commenting out line Lines { lines: 1517..=1517 } in "./tmp2/3/tokens.rs"
verus failed with time: 88984ms, reverting
commenting out line Lines { lines: 155..=156 } in "./tmp2/6/layout.rs"
verus failed with time: 90140ms, reverting
commenting out line Lines { lines: 154..=154 } in "./tmp2/5/flags.rs"
verus failed with time: 86939ms, reverting
commenting out line Lines { lines: 1518..=1518 } in "./tmp2/3/tokens.rs"
verus succeeded with time: 94356ms, keeping it commented out
commenting out line Lines { lines: 169..=169 } in "./tmp2/8/bin_sizes.rs"
verus succeeded with time: 95300ms, keeping it commented out
commenting out line Lines { lines: 218..=218 } in "./tmp2/6/layout.rs"
verus succeeded with time: 93267ms, keeping it commented out
commenting out line Lines { lines: 170..=170 } in "./tmp2/5/flags.rs"
verus failed with time: 84297ms, reverting
commenting out line Lines { lines: 1520..=1520 } in "./tmp2/3/tokens.rs"
verus succeeded with time: 94608ms, keeping it commented out
commenting out line Lines { lines: 228..=228 } in "./tmp2/6/layout.rs"
verus succeeded with time: 94304ms, keeping it commented out
commenting out line Lines { lines: 170..=170 } in "./tmp2/8/bin_sizes.rs"
verus succeeded with time: 95029ms, keeping it commented out
commenting out line Lines { lines: 171..=171 } in "./tmp2/5/flags.rs"
verus failed with time: 82977ms, reverting
commenting out line Lines { lines: 171..=171 } in "./tmp2/8/bin_sizes.rs"
verus failed with time: 88381ms, reverting
commenting out line Lines { lines: 1513..=1522 } in "./tmp2/3/tokens.rs"
verus failed with time: 89533ms, reverting
commenting out line Lines { lines: 229..=229 } in "./tmp2/6/layout.rs"
verus succeeded with time: 92108ms, keeping it commented out
commenting out line Lines { lines: 172..=172 } in "./tmp2/5/flags.rs"
verus failed with time: 88970ms, reverting
commenting out line Lines { lines: 1537..=1538 } in "./tmp2/3/tokens.rs"
verus failed with time: 88035ms, reverting
commenting out line Lines { lines: 176..=176 } in "./tmp2/8/bin_sizes.rs"
verus succeeded with time: 89981ms, keeping it commented out
commenting out line Lines { lines: 230..=234 } in "./tmp2/6/layout.rs"
verus failed with time: 88555ms, reverting
commenting out line Lines { lines: 187..=187 } in "./tmp2/5/flags.rs"
verus failed with time: 93149ms, reverting
commenting out line Lines { lines: 1552..=1552 } in "./tmp2/3/tokens.rs"
verus failed with time: 90412ms, reverting
commenting out line Lines { lines: 177..=177 } in "./tmp2/8/bin_sizes.rs"
verus succeeded with time: 91389ms, keeping it commented out
commenting out line Lines { lines: 236..=236 } in "./tmp2/6/layout.rs"
verus succeeded with time: 93376ms, keeping it commented out
commenting out line Lines { lines: 188..=188 } in "./tmp2/5/flags.rs"
verus failed with time: 84043ms, reverting
commenting out line Lines { lines: 1553..=1553 } in "./tmp2/3/tokens.rs"
verus succeeded with time: 93071ms, keeping it commented out
commenting out line Lines { lines: 178..=178 } in "./tmp2/8/bin_sizes.rs"
verus succeeded with time: 93233ms, keeping it commented out
commenting out line Lines { lines: 237..=237 } in "./tmp2/6/layout.rs"
verus succeeded with time: 93175ms, keeping it commented out
commenting out line Lines { lines: 202..=202 } in "./tmp2/5/flags.rs"
verus failed with time: 87293ms, reverting
commenting out line Lines { lines: 181..=185 } in "./tmp2/8/bin_sizes.rs"
verus failed with time: 88745ms, reverting
commenting out line Lines { lines: 1555..=1555 } in "./tmp2/3/tokens.rs"
verus succeeded with time: 95546ms, keeping it commented out
commenting out line Lines { lines: 284..=284 } in "./tmp2/6/layout.rs"
verus succeeded with time: 91777ms, keeping it commented out
commenting out line Lines { lines: 203..=203 } in "./tmp2/5/flags.rs"
verus failed with time: 85345ms, reverting
minimization of ./tmp2/5/flags.rs is completed
minimization of ./tmp2/9/dealloc_token.rs is completed
commenting out line Lines { lines: 186..=186 } in "./tmp2/8/bin_sizes.rs"
verus succeeded with time: 95367ms, keeping it commented out
commenting out line Lines { lines: 1548..=1557 } in "./tmp2/3/tokens.rs"
verus failed with time: 92968ms, reverting
commenting out line Lines { lines: 288..=291 } in "./tmp2/6/layout.rs"
verus failed with time: 90011ms, reverting
commenting out line Lines { lines: 511..=511 } in "./tmp2/10/page_organization.rs"
verus failed with time: 86828ms, reverting
commenting out line Lines { lines: 305..=305 } in "./tmp2/8/bin_sizes.rs"
verus failed with time: 91018ms, reverting
commenting out line Lines { lines: 364..=365 } in "./tmp2/6/layout.rs"
verus succeeded with time: 94129ms, keeping it commented out
commenting out line Lines { lines: 1566..=1566 } in "./tmp2/3/tokens.rs"
verus succeeded with time: 95414ms, keeping it commented out
commenting out line Lines { lines: 562..=562 } in "./tmp2/10/page_organization.rs"
verus failed with time: 85487ms, reverting
commenting out line Lines { lines: 306..=306 } in "./tmp2/8/bin_sizes.rs"
verus failed with time: 92217ms, reverting
commenting out line Lines { lines: 366..=366 } in "./tmp2/6/layout.rs"
verus failed with time: 92039ms, reverting
commenting out line Lines { lines: 1568..=1568 } in "./tmp2/3/tokens.rs"
verus succeeded with time: 93407ms, keeping it commented out
commenting out line Lines { lines: 563..=563 } in "./tmp2/10/page_organization.rs"
verus succeeded with time: 94465ms, keeping it commented out
commenting out line Lines { lines: 307..=307 } in "./tmp2/8/bin_sizes.rs"
verus failed with time: 90177ms, reverting
commenting out line Lines { lines: 425..=425 } in "./tmp2/6/layout.rs"
verus failed with time: 90010ms, reverting
commenting out line Lines { lines: 1570..=1570 } in "./tmp2/3/tokens.rs"
verus succeeded with time: 92407ms, keeping it commented out
commenting out line Lines { lines: 565..=565 } in "./tmp2/10/page_organization.rs"
verus succeeded with time: 91915ms, keeping it commented out
commenting out line Lines { lines: 308..=308 } in "./tmp2/8/bin_sizes.rs"
verus failed with time: 89152ms, reverting
commenting out line Lines { lines: 426..=426 } in "./tmp2/6/layout.rs"
verus succeeded with time: 95650ms, keeping it commented out
commenting out line Lines { lines: 1562..=1572 } in "./tmp2/3/tokens.rs"
verus succeeded with time: 92723ms, keeping it commented out
commenting out line Lines { lines: 568..=568 } in "./tmp2/10/page_organization.rs"
verus failed with time: 87753ms, reverting
commenting out line Lines { lines: 309..=309 } in "./tmp2/8/bin_sizes.rs"
verus failed with time: 86918ms, reverting
commenting out line Lines { lines: 428..=428 } in "./tmp2/6/layout.rs"
verus failed with time: 90500ms, reverting
commenting out line Lines { lines: 1603..=1603 } in "./tmp2/3/tokens.rs"
verus succeeded with time: 92676ms, keeping it commented out
commenting out line Lines { lines: 597..=597 } in "./tmp2/10/page_organization.rs"
verus failed with time: 90206ms, reverting
commenting out line Lines { lines: 310..=310 } in "./tmp2/8/bin_sizes.rs"
verus failed with time: 87140ms, reverting
commenting out line Lines { lines: 429..=429 } in "./tmp2/6/layout.rs"
verus failed with time: 89533ms, reverting
commenting out line Lines { lines: 600..=600 } in "./tmp2/10/page_organization.rs"
verus succeeded with time: 93358ms, keeping it commented out
commenting out line Lines { lines: 1608..=1608 } in "./tmp2/3/tokens.rs"
verus succeeded with time: 94749ms, keeping it commented out
commenting out line Lines { lines: 311..=311 } in "./tmp2/8/bin_sizes.rs"
verus failed with time: 87326ms, reverting
commenting out line Lines { lines: 430..=431 } in "./tmp2/6/layout.rs"
verus failed with time: 85729ms, reverting
commenting out line Lines { lines: 604..=604 } in "./tmp2/10/page_organization.rs"
verus succeeded with time: 91294ms, keeping it commented out
commenting out line Lines { lines: 1610..=1610 } in "./tmp2/3/tokens.rs"
verus succeeded with time: 90769ms, keeping it commented out
commenting out line Lines { lines: 312..=312 } in "./tmp2/8/bin_sizes.rs"
verus failed with time: 86833ms, reverting
commenting out line Lines { lines: 434..=438 } in "./tmp2/6/layout.rs"
verus failed with time: 84816ms, reverting
commenting out line Lines { lines: 605..=605 } in "./tmp2/10/page_organization.rs"
verus failed with time: 89570ms, reverting
commenting out line Lines { lines: 1612..=1612 } in "./tmp2/3/tokens.rs"
verus succeeded with time: 92233ms, keeping it commented out
commenting out line Lines { lines: 313..=313 } in "./tmp2/8/bin_sizes.rs"
verus failed with time: 87023ms, reverting
commenting out line Lines { lines: 443..=443 } in "./tmp2/6/layout.rs"
verus failed with time: 85583ms, reverting
commenting out line Lines { lines: 606..=606 } in "./tmp2/10/page_organization.rs"
verus succeeded with time: 87073ms, keeping it commented out
commenting out line Lines { lines: 1604..=1614 } in "./tmp2/3/tokens.rs"
verus succeeded with time: 91525ms, keeping it commented out
commenting out line Lines { lines: 314..=314 } in "./tmp2/8/bin_sizes.rs"
verus failed with time: 84711ms, reverting
commenting out line Lines { lines: 444..=444 } in "./tmp2/6/layout.rs"
verus failed with time: 86489ms, reverting
commenting out line Lines { lines: 611..=611 } in "./tmp2/10/page_organization.rs"
verus succeeded with time: 89012ms, keeping it commented out
commenting out line Lines { lines: 1616..=1616 } in "./tmp2/3/tokens.rs"
verus failed with time: 85639ms, reverting
commenting out line Lines { lines: 315..=315 } in "./tmp2/8/bin_sizes.rs"
verus failed with time: 89363ms, reverting
commenting out line Lines { lines: 446..=447 } in "./tmp2/6/layout.rs"
verus failed with time: 82795ms, reverting
commenting out line Lines { lines: 641..=648 } in "./tmp2/10/page_organization.rs"
verus failed with time: 84946ms, reverting
commenting out line Lines { lines: 1617..=1617 } in "./tmp2/3/tokens.rs"
verus succeeded with time: 92415ms, keeping it commented out
commenting out line Lines { lines: 316..=316 } in "./tmp2/8/bin_sizes.rs"
verus failed with time: 85220ms, reverting
commenting out line Lines { lines: 445..=448 } in "./tmp2/6/layout.rs"
verus failed with time: 84973ms, reverting
commenting out line Lines { lines: 650..=650 } in "./tmp2/10/page_organization.rs"
verus succeeded with time: 88048ms, keeping it commented out
commenting out line Lines { lines: 1618..=1618 } in "./tmp2/3/tokens.rs"
verus succeeded with time: 94963ms, keeping it commented out
commenting out line Lines { lines: 317..=317 } in "./tmp2/8/bin_sizes.rs"
verus failed with time: 88110ms, reverting
commenting out line Lines { lines: 449..=449 } in "./tmp2/6/layout.rs"
verus succeeded with time: 87718ms, keeping it commented out
commenting out line Lines { lines: 652..=652 } in "./tmp2/10/page_organization.rs"
verus succeeded with time: 88222ms, keeping it commented out
commenting out line Lines { lines: 1660..=1660 } in "./tmp2/3/tokens.rs"
verus failed with time: 81690ms, reverting
commenting out line Lines { lines: 318..=318 } in "./tmp2/8/bin_sizes.rs"
verus failed with time: 85819ms, reverting
commenting out line Lines { lines: 454..=455 } in "./tmp2/6/layout.rs"
verus failed with time: 85246ms, reverting
commenting out line Lines { lines: 653..=653 } in "./tmp2/10/page_organization.rs"
verus succeeded with time: 93796ms, keeping it commented out
commenting out line Lines { lines: 1661..=1661 } in "./tmp2/3/tokens.rs"
verus succeeded with time: 90932ms, keeping it commented out
commenting out line Lines { lines: 319..=319 } in "./tmp2/8/bin_sizes.rs"
verus failed with time: 83923ms, reverting
commenting out line Lines { lines: 458..=458 } in "./tmp2/6/layout.rs"
verus succeeded with time: 84967ms, keeping it commented out
commenting out line Lines { lines: 759..=759 } in "./tmp2/10/page_organization.rs"
verus succeeded with time: 87713ms, keeping it commented out
commenting out line Lines { lines: 1663..=1663 } in "./tmp2/3/tokens.rs"
verus succeeded with time: 88436ms, keeping it commented out
commenting out line Lines { lines: 320..=320 } in "./tmp2/8/bin_sizes.rs"
verus failed with time: 86252ms, reverting
commenting out line Lines { lines: 450..=460 } in "./tmp2/6/layout.rs"
verus failed with time: 80664ms, reverting
commenting out line Lines { lines: 763..=763 } in "./tmp2/10/page_organization.rs"
verus succeeded with time: 91358ms, keeping it commented out
commenting out line Lines { lines: 1654..=1665 } in "./tmp2/3/tokens.rs"
verus failed with time: 82638ms, reverting
minimization of ./tmp2/3/tokens.rs is completed
commenting out line Lines { lines: 321..=321 } in "./tmp2/8/bin_sizes.rs"
verus failed with time: 83992ms, reverting
commenting out line Lines { lines: 461..=464 } in "./tmp2/6/layout.rs"
verus succeeded with time: 88642ms, keeping it commented out
commenting out line Lines { lines: 61..=61 } in "./tmp2/11/os_mem_util.rs"
verus failed with time: 83941ms, reverting
commenting out line Lines { lines: 810..=810 } in "./tmp2/10/page_organization.rs"
verus succeeded with time: 86259ms, keeping it commented out
commenting out line Lines { lines: 322..=322 } in "./tmp2/8/bin_sizes.rs"
verus failed with time: 89713ms, reverting
commenting out line Lines { lines: 476..=478 } in "./tmp2/6/layout.rs"
verus failed with time: 85267ms, reverting
commenting out line Lines { lines: 62..=62 } in "./tmp2/11/os_mem_util.rs"
verus failed with time: 85142ms, reverting
commenting out line Lines { lines: 828..=828 } in "./tmp2/10/page_organization.rs"
verus failed with time: 85036ms, reverting
commenting out line Lines { lines: 323..=323 } in "./tmp2/8/bin_sizes.rs"
verus failed with time: 86378ms, reverting
commenting out line Lines { lines: 479..=479 } in "./tmp2/6/layout.rs"
verus succeeded with time: 88416ms, keeping it commented out
commenting out line Lines { lines: 63..=63 } in "./tmp2/11/os_mem_util.rs"
verus failed with time: 84654ms, reverting
commenting out line Lines { lines: 863..=863 } in "./tmp2/10/page_organization.rs"
verus succeeded with time: 88283ms, keeping it commented out
commenting out line Lines { lines: 324..=324 } in "./tmp2/8/bin_sizes.rs"
verus failed with time: 85115ms, reverting
commenting out line Lines { lines: 487..=489 } in "./tmp2/6/layout.rs"
verus failed with time: 82188ms, reverting
commenting out line Lines { lines: 64..=64 } in "./tmp2/11/os_mem_util.rs"
verus failed with time: 90545ms, reverting
commenting out line Lines { lines: 865..=865 } in "./tmp2/10/page_organization.rs"
verus succeeded with time: 92026ms, keeping it commented out
commenting out line Lines { lines: 325..=325 } in "./tmp2/8/bin_sizes.rs"
verus failed with time: 84941ms, reverting
commenting out line Lines { lines: 490..=490 } in "./tmp2/6/layout.rs"
verus succeeded with time: 90081ms, keeping it commented out
commenting out line Lines { lines: 99..=99 } in "./tmp2/11/os_mem_util.rs"
verus failed with time: 88080ms, reverting
commenting out line Lines { lines: 867..=867 } in "./tmp2/10/page_organization.rs"
verus failed with time: 84169ms, reverting
commenting out line Lines { lines: 326..=326 } in "./tmp2/8/bin_sizes.rs"
verus failed with time: 89025ms, reverting
commenting out line Lines { lines: 507..=508 } in "./tmp2/6/layout.rs"
verus succeeded with time: 85986ms, keeping it commented out
commenting out line Lines { lines: 119..=119 } in "./tmp2/11/os_mem_util.rs"
verus succeeded with time: 87649ms, keeping it commented out
commenting out line Lines { lines: 932..=932 } in "./tmp2/10/page_organization.rs"
verus succeeded with time: 89753ms, keeping it commented out
commenting out line Lines { lines: 327..=327 } in "./tmp2/8/bin_sizes.rs"
verus failed with time: 84082ms, reverting
commenting out line Lines { lines: 514..=514 } in "./tmp2/6/layout.rs"
verus succeeded with time: 90575ms, keeping it commented out
commenting out line Lines { lines: 163..=163 } in "./tmp2/11/os_mem_util.rs"
verus succeeded with time: 87894ms, keeping it commented out
commenting out line Lines { lines: 934..=934 } in "./tmp2/10/page_organization.rs"
verus succeeded with time: 90163ms, keeping it commented out
commenting out line Lines { lines: 328..=328 } in "./tmp2/8/bin_sizes.rs"
verus failed with time: 83879ms, reverting
commenting out line Lines { lines: 515..=515 } in "./tmp2/6/layout.rs"
verus succeeded with time: 90436ms, keeping it commented out
commenting out line Lines { lines: 281..=282 } in "./tmp2/11/os_mem_util.rs"
verus failed with time: 88872ms, reverting
commenting out line Lines { lines: 936..=936 } in "./tmp2/10/page_organization.rs"
verus succeeded with time: 90946ms, keeping it commented out
commenting out line Lines { lines: 329..=329 } in "./tmp2/8/bin_sizes.rs"
verus failed with time: 85528ms, reverting
commenting out line Lines { lines: 518..=518 } in "./tmp2/6/layout.rs"
verus succeeded with time: 90722ms, keeping it commented out
commenting out line Lines { lines: 283..=283 } in "./tmp2/11/os_mem_util.rs"
verus failed with time: 85393ms, reverting
commenting out line Lines { lines: 1977..=1977 } in "./tmp2/10/page_organization.rs"
verus succeeded with time: 88877ms, keeping it commented out
commenting out line Lines { lines: 330..=330 } in "./tmp2/8/bin_sizes.rs"
verus failed with time: 85246ms, reverting
commenting out line Lines { lines: 520..=520 } in "./tmp2/6/layout.rs"
verus failed with time: 90971ms, reverting
commenting out line Lines { lines: 272..=284 } in "./tmp2/11/os_mem_util.rs"
verus failed with time: 82992ms, reverting
commenting out line Lines { lines: 1981..=1981 } in "./tmp2/10/page_organization.rs"
verus succeeded with time: 90794ms, keeping it commented out
commenting out line Lines { lines: 331..=331 } in "./tmp2/8/bin_sizes.rs"
verus failed with time: 88278ms, reverting
commenting out line Lines { lines: 521..=521 } in "./tmp2/6/layout.rs"
verus succeeded with time: 90500ms, keeping it commented out
commenting out line Lines { lines: 321..=321 } in "./tmp2/11/os_mem_util.rs"
verus succeeded with time: 93497ms, keeping it commented out
commenting out line Lines { lines: 2005..=2005 } in "./tmp2/10/page_organization.rs"
verus succeeded with time: 87309ms, keeping it commented out
commenting out line Lines { lines: 332..=332 } in "./tmp2/8/bin_sizes.rs"
verus failed with time: 88425ms, reverting
commenting out line Lines { lines: 524..=524 } in "./tmp2/6/layout.rs"
verus failed with time: 80876ms, reverting
commenting out line Lines { lines: 334..=334 } in "./tmp2/11/os_mem_util.rs"
verus succeeded with time: 89104ms, keeping it commented out
commenting out line Lines { lines: 2006..=2006 } in "./tmp2/10/page_organization.rs"
verus failed with time: 84823ms, reverting
commenting out line Lines { lines: 333..=333 } in "./tmp2/8/bin_sizes.rs"
verus failed with time: 86741ms, reverting
commenting out line Lines { lines: 549..=549 } in "./tmp2/6/layout.rs"
verus succeeded with time: 96639ms, keeping it commented out
commenting out line Lines { lines: 322..=335 } in "./tmp2/11/os_mem_util.rs"
verus failed with time: 85219ms, reverting
commenting out line Lines { lines: 334..=334 } in "./tmp2/8/bin_sizes.rs"
verus failed with time: 84110ms, reverting
commenting out line Lines { lines: 2010..=2010 } in "./tmp2/10/page_organization.rs"
verus succeeded with time: 89671ms, keeping it commented out
commenting out line Lines { lines: 553..=553 } in "./tmp2/6/layout.rs"
verus failed with time: 88553ms, reverting
commenting out line Lines { lines: 406..=406 } in "./tmp2/11/os_mem_util.rs"
verus succeeded with time: 93640ms, keeping it commented out
commenting out line Lines { lines: 335..=335 } in "./tmp2/8/bin_sizes.rs"
verus failed with time: 89994ms, reverting
commenting out line Lines { lines: 2015..=2015 } in "./tmp2/10/page_organization.rs"
verus succeeded with time: 90023ms, keeping it commented out
commenting out line Lines { lines: 557..=557 } in "./tmp2/6/layout.rs"
verus failed with time: 81247ms, reverting
commenting out line Lines { lines: 407..=407 } in "./tmp2/11/os_mem_util.rs"
verus succeeded with time: 89991ms, keeping it commented out
commenting out line Lines { lines: 336..=336 } in "./tmp2/8/bin_sizes.rs"
verus failed with time: 88417ms, reverting
commenting out line Lines { lines: 2020..=2020 } in "./tmp2/10/page_organization.rs"
verus succeeded with time: 92256ms, keeping it commented out
commenting out line Lines { lines: 599..=599 } in "./tmp2/6/layout.rs"
verus succeeded with time: 87284ms, keeping it commented out
commenting out line Lines { lines: 408..=408 } in "./tmp2/11/os_mem_util.rs"
verus succeeded with time: 91632ms, keeping it commented out
commenting out line Lines { lines: 337..=337 } in "./tmp2/8/bin_sizes.rs"
verus failed with time: 85935ms, reverting
commenting out line Lines { lines: 2028..=2028 } in "./tmp2/10/page_organization.rs"
verus succeeded with time: 91547ms, keeping it commented out
commenting out line Lines { lines: 631..=631 } in "./tmp2/6/layout.rs"
verus failed with time: 87450ms, reverting
commenting out line Lines { lines: 338..=338 } in "./tmp2/8/bin_sizes.rs"
verus failed with time: 87728ms, reverting
commenting out line Lines { lines: 413..=413 } in "./tmp2/11/os_mem_util.rs"
verus succeeded with time: 92813ms, keeping it commented out
commenting out line Lines { lines: 2032..=2032 } in "./tmp2/10/page_organization.rs"
verus failed with time: 88797ms, reverting
commenting out line Lines { lines: 684..=684 } in "./tmp2/6/layout.rs"
verus failed with time: 87201ms, reverting
minimization of ./tmp2/6/layout.rs is completed
commenting out line Lines { lines: 339..=339 } in "./tmp2/8/bin_sizes.rs"
verus failed with time: 89220ms, reverting
commenting out line Lines { lines: 414..=414 } in "./tmp2/11/os_mem_util.rs"
verus succeeded with time: 94324ms, keeping it commented out
commenting out line Lines { lines: 2034..=2034 } in "./tmp2/10/page_organization.rs"
verus succeeded with time: 94465ms, keeping it commented out
commenting out line Lines { lines: 43..=43 } in "./tmp2/12/pigeonhole.rs"
verus succeeded with time: 90383ms, keeping it commented out
commenting out line Lines { lines: 340..=340 } in "./tmp2/8/bin_sizes.rs"
verus failed with time: 86625ms, reverting
commenting out line Lines { lines: 415..=415 } in "./tmp2/11/os_mem_util.rs"
verus succeeded with time: 90145ms, keeping it commented out
commenting out line Lines { lines: 2036..=2036 } in "./tmp2/10/page_organization.rs"
verus succeeded with time: 91110ms, keeping it commented out
commenting out line Lines { lines: 44..=44 } in "./tmp2/12/pigeonhole.rs"
verus succeeded with time: 89020ms, keeping it commented out
commenting out line Lines { lines: 341..=341 } in "./tmp2/8/bin_sizes.rs"
verus failed with time: 84188ms, reverting
commenting out line Lines { lines: 416..=421 } in "./tmp2/11/os_mem_util.rs"
verus failed with time: 85540ms, reverting
commenting out line Lines { lines: 2038..=2038 } in "./tmp2/10/page_organization.rs"
verus succeeded with time: 96164ms, keeping it commented out
commenting out line Lines { lines: 46..=46 } in "./tmp2/12/pigeonhole.rs"
verus succeeded with time: 91441ms, keeping it commented out
commenting out line Lines { lines: 342..=342 } in "./tmp2/8/bin_sizes.rs"
verus failed with time: 84821ms, reverting
commenting out line Lines { lines: 422..=422 } in "./tmp2/11/os_mem_util.rs"
verus failed with time: 80945ms, reverting
commenting out line Lines { lines: 2040..=2040 } in "./tmp2/10/page_organization.rs"
verus succeeded with time: 89535ms, keeping it commented out
commenting out line Lines { lines: 47..=47 } in "./tmp2/12/pigeonhole.rs"
verus succeeded with time: 93800ms, keeping it commented out
commenting out line Lines { lines: 343..=343 } in "./tmp2/8/bin_sizes.rs"
verus failed with time: 81984ms, reverting
commenting out line Lines { lines: 409..=423 } in "./tmp2/11/os_mem_util.rs"
verus failed with time: 81224ms, reverting
commenting out line Lines { lines: 2041..=2041 } in "./tmp2/10/page_organization.rs"
verus succeeded with time: 92013ms, keeping it commented out
commenting out line Lines { lines: 50..=50 } in "./tmp2/12/pigeonhole.rs"
verus succeeded with time: 93836ms, keeping it commented out
commenting out line Lines { lines: 344..=344 } in "./tmp2/8/bin_sizes.rs"
verus failed with time: 85745ms, reverting
commenting out line Lines { lines: 424..=424 } in "./tmp2/11/os_mem_util.rs"
verus succeeded with time: 86137ms, keeping it commented out
commenting out line Lines { lines: 2046..=2046 } in "./tmp2/10/page_organization.rs"
verus succeeded with time: 90044ms, keeping it commented out
commenting out line Lines { lines: 51..=51 } in "./tmp2/12/pigeonhole.rs"
verus succeeded with time: 89266ms, keeping it commented out
commenting out line Lines { lines: 345..=345 } in "./tmp2/8/bin_sizes.rs"
verus failed with time: 83759ms, reverting
commenting out line Lines { lines: 425..=429 } in "./tmp2/11/os_mem_util.rs"
verus succeeded with time: 90369ms, keeping it commented out
commenting out line Lines { lines: 2050..=2050 } in "./tmp2/10/page_organization.rs"
verus succeeded with time: 84053ms, keeping it commented out
commenting out line Lines { lines: 77..=77 } in "./tmp2/12/pigeonhole.rs"
verus failed with time: 82756ms, reverting
commenting out line Lines { lines: 346..=346 } in "./tmp2/8/bin_sizes.rs"
verus failed with time: 89557ms, reverting
commenting out line Lines { lines: 434..=441 } in "./tmp2/11/os_mem_util.rs"
verus succeeded with time: 91311ms, keeping it commented out
commenting out line Lines { lines: 2058..=2058 } in "./tmp2/10/page_organization.rs"
verus succeeded with time: 92378ms, keeping it commented out
commenting out line Lines { lines: 80..=80 } in "./tmp2/12/pigeonhole.rs"
verus failed with time: 86169ms, reverting
commenting out line Lines { lines: 347..=347 } in "./tmp2/8/bin_sizes.rs"
verus failed with time: 86513ms, reverting
commenting out line Lines { lines: 395..=442 } in "./tmp2/11/os_mem_util.rs"
verus failed with time: 80907ms, reverting
commenting out line Lines { lines: 94..=94 } in "./tmp2/12/pigeonhole.rs"
verus failed with time: 84456ms, reverting
commenting out line Lines { lines: 2063..=2063 } in "./tmp2/10/page_organization.rs"
verus failed with time: 87896ms, reverting
commenting out line Lines { lines: 348..=348 } in "./tmp2/8/bin_sizes.rs"
verus failed with time: 87707ms, reverting
commenting out line Lines { lines: 465..=465 } in "./tmp2/11/os_mem_util.rs"
verus failed with time: 87334ms, reverting
commenting out line Lines { lines: 132..=132 } in "./tmp2/12/pigeonhole.rs"
verus failed with time: 87568ms, reverting
commenting out line Lines { lines: 2065..=2065 } in "./tmp2/10/page_organization.rs"
verus succeeded with time: 92852ms, keeping it commented out
commenting out line Lines { lines: 349..=349 } in "./tmp2/8/bin_sizes.rs"
verus failed with time: 88393ms, reverting
commenting out line Lines { lines: 461..=466 } in "./tmp2/11/os_mem_util.rs"
verus failed with time: 83698ms, reverting
commenting out line Lines { lines: 130..=133 } in "./tmp2/12/pigeonhole.rs"
verus failed with time: 87136ms, reverting
commenting out line Lines { lines: 2067..=2067 } in "./tmp2/10/page_organization.rs"
verus succeeded with time: 88861ms, keeping it commented out
commenting out line Lines { lines: 350..=350 } in "./tmp2/8/bin_sizes.rs"
verus failed with time: 86517ms, reverting
commenting out line Lines { lines: 486..=486 } in "./tmp2/11/os_mem_util.rs"
verus failed with time: 86275ms, reverting
commenting out line Lines { lines: 138..=138 } in "./tmp2/12/pigeonhole.rs"
verus succeeded with time: 87762ms, keeping it commented out
commenting out line Lines { lines: 2011..=2070 } in "./tmp2/10/page_organization.rs"
verus failed with time: 83541ms, reverting
commenting out line Lines { lines: 351..=351 } in "./tmp2/8/bin_sizes.rs"
verus failed with time: 87298ms, reverting
commenting out line Lines { lines: 482..=487 } in "./tmp2/11/os_mem_util.rs"
verus failed with time: 84980ms, reverting
commenting out line Lines { lines: 139..=139 } in "./tmp2/12/pigeonhole.rs"
verus failed with time: 85744ms, reverting
commenting out line Lines { lines: 2071..=2071 } in "./tmp2/10/page_organization.rs"
verus succeeded with time: 89944ms, keeping it commented out
commenting out line Lines { lines: 352..=352 } in "./tmp2/8/bin_sizes.rs"
verus failed with time: 86765ms, reverting
commenting out line Lines { lines: 492..=492 } in "./tmp2/11/os_mem_util.rs"
verus failed with time: 86082ms, reverting
commenting out line Lines { lines: 135..=141 } in "./tmp2/12/pigeonhole.rs"
verus failed with time: 88773ms, reverting
commenting out line Lines { lines: 2079..=2079 } in "./tmp2/10/page_organization.rs"
verus succeeded with time: 89631ms, keeping it commented out
commenting out line Lines { lines: 353..=353 } in "./tmp2/8/bin_sizes.rs"
verus failed with time: 87603ms, reverting
commenting out line Lines { lines: 488..=493 } in "./tmp2/11/os_mem_util.rs"
verus failed with time: 85290ms, reverting
commenting out line Lines { lines: 168..=168 } in "./tmp2/12/pigeonhole.rs"
verus succeeded with time: 87571ms, keeping it commented out
commenting out line Lines { lines: 2086..=2086 } in "./tmp2/10/page_organization.rs"
verus succeeded with time: 94179ms, keeping it commented out
commenting out line Lines { lines: 354..=354 } in "./tmp2/8/bin_sizes.rs"
verus failed with time: 87074ms, reverting
commenting out line Lines { lines: 498..=498 } in "./tmp2/11/os_mem_util.rs"
verus failed with time: 86351ms, reverting
commenting out line Lines { lines: 170..=170 } in "./tmp2/12/pigeonhole.rs"
verus failed with time: 83566ms, reverting
commenting out line Lines { lines: 2090..=2090 } in "./tmp2/10/page_organization.rs"
verus failed with time: 87972ms, reverting
commenting out line Lines { lines: 355..=355 } in "./tmp2/8/bin_sizes.rs"
verus failed with time: 88634ms, reverting
commenting out line Lines { lines: 494..=499 } in "./tmp2/11/os_mem_util.rs"
verus failed with time: 89271ms, reverting
commenting out line Lines { lines: 171..=171 } in "./tmp2/12/pigeonhole.rs"
verus succeeded with time: 92685ms, keeping it commented out
commenting out line Lines { lines: 2073..=2091 } in "./tmp2/10/page_organization.rs"
verus failed with time: 86210ms, reverting
commenting out line Lines { lines: 356..=356 } in "./tmp2/8/bin_sizes.rs"
verus failed with time: 86230ms, reverting
commenting out line Lines { lines: 504..=504 } in "./tmp2/11/os_mem_util.rs"
verus failed with time: 88601ms, reverting
commenting out line Lines { lines: 167..=173 } in "./tmp2/12/pigeonhole.rs"
verus failed with time: 86264ms, reverting
minimization of ./tmp2/12/pigeonhole.rs is completed
commenting out line Lines { lines: 2092..=2092 } in "./tmp2/10/page_organization.rs"
verus succeeded with time: 90938ms, keeping it commented out
commenting out line Lines { lines: 357..=357 } in "./tmp2/8/bin_sizes.rs"
verus failed with time: 88013ms, reverting
commenting out line Lines { lines: 500..=505 } in "./tmp2/11/os_mem_util.rs"
verus failed with time: 87271ms, reverting
commenting out line Lines { lines: 223..=223 } in "./tmp2/13/linked_list.rs"
verus succeeded with time: 93825ms, keeping it commented out
commenting out line Lines { lines: 2003..=2094 } in "./tmp2/10/page_organization.rs"
verus failed with time: 86856ms, reverting
commenting out line Lines { lines: 358..=358 } in "./tmp2/8/bin_sizes.rs"
verus failed with time: 88231ms, reverting
commenting out line Lines { lines: 554..=561 } in "./tmp2/11/os_mem_util.rs"
verus succeeded with time: 91222ms, keeping it commented out
commenting out line Lines { lines: 220..=225 } in "./tmp2/13/linked_list.rs"
verus succeeded with time: 89691ms, keeping it commented out
commenting out line Lines { lines: 2111..=2111 } in "./tmp2/10/page_organization.rs"
verus succeeded with time: 91729ms, keeping it commented out
commenting out line Lines { lines: 359..=359 } in "./tmp2/8/bin_sizes.rs"
verus failed with time: 88103ms, reverting
commenting out line Lines { lines: 592..=592 } in "./tmp2/11/os_mem_util.rs"
verus succeeded with time: 92021ms, keeping it commented out
commenting out line Lines { lines: 229..=229 } in "./tmp2/13/linked_list.rs"
verus failed with time: 85656ms, reverting
commenting out line Lines { lines: 2117..=2119 } in "./tmp2/10/page_organization.rs"
verus succeeded with time: 93676ms, keeping it commented out
commenting out line Lines { lines: 360..=360 } in "./tmp2/8/bin_sizes.rs"
verus failed with time: 90396ms, reverting
commenting out line Lines { lines: 593..=593 } in "./tmp2/11/os_mem_util.rs"
verus succeeded with time: 91229ms, keeping it commented out
commenting out line Lines { lines: 232..=232 } in "./tmp2/13/linked_list.rs"
verus succeeded with time: 90088ms, keeping it commented out
commenting out line Lines { lines: 361..=361 } in "./tmp2/8/bin_sizes.rs"
verus failed with time: 87567ms, reverting
commenting out line Lines { lines: 2137..=2139 } in "./tmp2/10/page_organization.rs"
verus succeeded with time: 93935ms, keeping it commented out
commenting out line Lines { lines: 594..=594 } in "./tmp2/11/os_mem_util.rs"
verus succeeded with time: 89768ms, keeping it commented out
commenting out line Lines { lines: 227..=246 } in "./tmp2/13/linked_list.rs"
verus failed with time: 86993ms, reverting
commenting out line Lines { lines: 362..=362 } in "./tmp2/8/bin_sizes.rs"
verus failed with time: 91046ms, reverting
commenting out line Lines { lines: 2165..=2165 } in "./tmp2/10/page_organization.rs"
verus succeeded with time: 90536ms, keeping it commented out
commenting out line Lines { lines: 599..=599 } in "./tmp2/11/os_mem_util.rs"
verus succeeded with time: 88913ms, keeping it commented out
commenting out line Lines { lines: 312..=312 } in "./tmp2/13/linked_list.rs"
verus succeeded with time: 91401ms, keeping it commented out
commenting out line Lines { lines: 363..=363 } in "./tmp2/8/bin_sizes.rs"
verus failed with time: 85902ms, reverting
commenting out line Lines { lines: 2168..=2168 } in "./tmp2/10/page_organization.rs"
verus succeeded with time: 94166ms, keeping it commented out
commenting out line Lines { lines: 600..=600 } in "./tmp2/11/os_mem_util.rs"
verus succeeded with time: 88580ms, keeping it commented out
commenting out line Lines { lines: 309..=314 } in "./tmp2/13/linked_list.rs"
verus succeeded with time: 90832ms, keeping it commented out
commenting out line Lines { lines: 364..=364 } in "./tmp2/8/bin_sizes.rs"
verus failed with time: 83705ms, reverting
commenting out line Lines { lines: 2157..=2170 } in "./tmp2/10/page_organization.rs"
verus failed with time: 84642ms, reverting
commenting out line Lines { lines: 601..=601 } in "./tmp2/11/os_mem_util.rs"
verus succeeded with time: 90629ms, keeping it commented out
commenting out line Lines { lines: 318..=318 } in "./tmp2/13/linked_list.rs"
verus failed with time: 87125ms, reverting
commenting out line Lines { lines: 365..=365 } in "./tmp2/8/bin_sizes.rs"
verus failed with time: 89601ms, reverting
commenting out line Lines { lines: 2203..=2203 } in "./tmp2/10/page_organization.rs"
verus succeeded with time: 89519ms, keeping it commented out
commenting out line Lines { lines: 602..=602 } in "./tmp2/11/os_mem_util.rs"
verus failed with time: 85878ms, reverting
commenting out line Lines { lines: 321..=321 } in "./tmp2/13/linked_list.rs"
verus succeeded with time: 90288ms, keeping it commented out
commenting out line Lines { lines: 366..=366 } in "./tmp2/8/bin_sizes.rs"
verus failed with time: 89736ms, reverting
commenting out line Lines { lines: 2205..=2205 } in "./tmp2/10/page_organization.rs"
verus succeeded with time: 88562ms, keeping it commented out
commenting out line Lines { lines: 595..=603 } in "./tmp2/11/os_mem_util.rs"
verus failed with time: 86058ms, reverting
commenting out line Lines { lines: 316..=335 } in "./tmp2/13/linked_list.rs"
verus failed with time: 85760ms, reverting
commenting out line Lines { lines: 367..=367 } in "./tmp2/8/bin_sizes.rs"
verus failed with time: 83966ms, reverting
commenting out line Lines { lines: 2207..=2207 } in "./tmp2/10/page_organization.rs"
verus succeeded with time: 91925ms, keeping it commented out
commenting out line Lines { lines: 604..=604 } in "./tmp2/11/os_mem_util.rs"
verus succeeded with time: 91041ms, keeping it commented out
commenting out line Lines { lines: 345..=345 } in "./tmp2/13/linked_list.rs"
verus failed with time: 85741ms, reverting
commenting out line Lines { lines: 368..=368 } in "./tmp2/8/bin_sizes.rs"
verus failed with time: 84706ms, reverting
commenting out line Lines { lines: 605..=605 } in "./tmp2/11/os_mem_util.rs"
verus failed with time: 85370ms, reverting
commenting out line Lines { lines: 2210..=2210 } in "./tmp2/10/page_organization.rs"
verus succeeded with time: 89221ms, keeping it commented out
commenting out line Lines { lines: 347..=347 } in "./tmp2/13/linked_list.rs"
verus succeeded with time: 93891ms, keeping it commented out
commenting out line Lines { lines: 369..=369 } in "./tmp2/8/bin_sizes.rs"
verus failed with time: 88153ms, reverting
commenting out line Lines { lines: 606..=610 } in "./tmp2/11/os_mem_util.rs"
verus succeeded with time: 87617ms, keeping it commented out
commenting out line Lines { lines: 2240..=2240 } in "./tmp2/10/page_organization.rs"
verus succeeded with time: 87874ms, keeping it commented out
commenting out line Lines { lines: 370..=370 } in "./tmp2/8/bin_sizes.rs"
verus failed with time: 84351ms, reverting
commenting out line Lines { lines: 350..=350 } in "./tmp2/13/linked_list.rs"
verus succeeded with time: 93587ms, keeping it commented out
commenting out line Lines { lines: 611..=611 } in "./tmp2/11/os_mem_util.rs"
verus succeeded with time: 87818ms, keeping it commented out
commenting out line Lines { lines: 2241..=2241 } in "./tmp2/10/page_organization.rs"
verus succeeded with time: 88265ms, keeping it commented out
commenting out line Lines { lines: 371..=371 } in "./tmp2/8/bin_sizes.rs"
verus failed with time: 89009ms, reverting
commenting out line Lines { lines: 399..=399 } in "./tmp2/13/linked_list.rs"
verus failed with time: 85501ms, reverting
commenting out line Lines { lines: 667..=668 } in "./tmp2/11/os_mem_util.rs"
verus succeeded with time: 92163ms, keeping it commented out
commenting out line Lines { lines: 2244..=2245 } in "./tmp2/10/page_organization.rs"
verus succeeded with time: 89849ms, keeping it commented out
commenting out line Lines { lines: 372..=372 } in "./tmp2/8/bin_sizes.rs"
verus failed with time: 83413ms, reverting
commenting out line Lines { lines: 418..=418 } in "./tmp2/13/linked_list.rs"
verus failed with time: 83678ms, reverting
commenting out line Lines { lines: 677..=677 } in "./tmp2/11/os_mem_util.rs"
verus succeeded with time: 89420ms, keeping it commented out
commenting out line Lines { lines: 2246..=2247 } in "./tmp2/10/page_organization.rs"
verus succeeded with time: 93027ms, keeping it commented out
commenting out line Lines { lines: 373..=373 } in "./tmp2/8/bin_sizes.rs"
verus failed with time: 84816ms, reverting
commenting out line Lines { lines: 421..=421 } in "./tmp2/13/linked_list.rs"
verus succeeded with time: 86996ms, keeping it commented out
commenting out line Lines { lines: 678..=678 } in "./tmp2/11/os_mem_util.rs"
verus succeeded with time: 90396ms, keeping it commented out
commenting out line Lines { lines: 2248..=2249 } in "./tmp2/10/page_organization.rs"
verus succeeded with time: 89609ms, keeping it commented out
commenting out line Lines { lines: 374..=374 } in "./tmp2/8/bin_sizes.rs"
verus failed with time: 84368ms, reverting
commenting out line Lines { lines: 416..=423 } in "./tmp2/13/linked_list.rs"
verus failed with time: 83043ms, reverting
commenting out line Lines { lines: 679..=679 } in "./tmp2/11/os_mem_util.rs"
verus succeeded with time: 90196ms, keeping it commented out
commenting out line Lines { lines: 2260..=2260 } in "./tmp2/10/page_organization.rs"
verus succeeded with time: 91086ms, keeping it commented out
commenting out line Lines { lines: 375..=375 } in "./tmp2/8/bin_sizes.rs"
verus failed with time: 84555ms, reverting
commenting out line Lines { lines: 425..=425 } in "./tmp2/13/linked_list.rs"
verus succeeded with time: 88331ms, keeping it commented out
commenting out line Lines { lines: 686..=686 } in "./tmp2/11/os_mem_util.rs"
verus succeeded with time: 89404ms, keeping it commented out
commenting out line Lines { lines: 2261..=2261 } in "./tmp2/10/page_organization.rs"
verus succeeded with time: 88402ms, keeping it commented out
commenting out line Lines { lines: 376..=376 } in "./tmp2/8/bin_sizes.rs"
verus failed with time: 82301ms, reverting
commenting out line Lines { lines: 426..=426 } in "./tmp2/13/linked_list.rs"
verus succeeded with time: 88321ms, keeping it commented out
commenting out line Lines { lines: 687..=687 } in "./tmp2/11/os_mem_util.rs"
verus succeeded with time: 92358ms, keeping it commented out
commenting out line Lines { lines: 2295..=2295 } in "./tmp2/10/page_organization.rs"
verus succeeded with time: 94050ms, keeping it commented out
commenting out line Lines { lines: 377..=377 } in "./tmp2/8/bin_sizes.rs"
verus failed with time: 83253ms, reverting
commenting out line Lines { lines: 427..=427 } in "./tmp2/13/linked_list.rs"
verus succeeded with time: 93139ms, keeping it commented out
commenting out line Lines { lines: 688..=688 } in "./tmp2/11/os_mem_util.rs"
verus succeeded with time: 91548ms, keeping it commented out
commenting out line Lines { lines: 2302..=2302 } in "./tmp2/10/page_organization.rs"
verus succeeded with time: 91249ms, keeping it commented out
commenting out line Lines { lines: 437..=440 } in "./tmp2/8/bin_sizes.rs"
verus failed with time: 86811ms, reverting
commenting out line Lines { lines: 436..=436 } in "./tmp2/13/linked_list.rs"
verus succeeded with time: 88225ms, keeping it commented out
commenting out line Lines { lines: 689..=694 } in "./tmp2/11/os_mem_util.rs"
verus failed with time: 86261ms, reverting
commenting out line Lines { lines: 2305..=2305 } in "./tmp2/10/page_organization.rs"
verus succeeded with time: 89419ms, keeping it commented out
commenting out line Lines { lines: 465..=465 } in "./tmp2/8/bin_sizes.rs"
verus succeeded with time: 91529ms, keeping it commented out
commenting out line Lines { lines: 439..=439 } in "./tmp2/13/linked_list.rs"
verus succeeded with time: 94318ms, keeping it commented out
commenting out line Lines { lines: 695..=695 } in "./tmp2/11/os_mem_util.rs"
verus failed with time: 85507ms, reverting
commenting out line Lines { lines: 2307..=2307 } in "./tmp2/10/page_organization.rs"
verus failed with time: 86009ms, reverting
commenting out line Lines { lines: 466..=466 } in "./tmp2/8/bin_sizes.rs"
verus succeeded with time: 89817ms, keeping it commented out
commenting out line Lines { lines: 593..=593 } in "./tmp2/13/linked_list.rs"
verus failed with time: 84331ms, reverting
commenting out line Lines { lines: 697..=697 } in "./tmp2/11/os_mem_util.rs"
verus succeeded with time: 91043ms, keeping it commented out
commenting out line Lines { lines: 2309..=2309 } in "./tmp2/10/page_organization.rs"
verus succeeded with time: 91203ms, keeping it commented out
commenting out line Lines { lines: 470..=470 } in "./tmp2/8/bin_sizes.rs"
verus succeeded with time: 90021ms, keeping it commented out
commenting out line Lines { lines: 594..=594 } in "./tmp2/13/linked_list.rs"
verus failed with time: 83054ms, reverting
commenting out line Lines { lines: 698..=698 } in "./tmp2/11/os_mem_util.rs"
verus failed with time: 84016ms, reverting
commenting out line Lines { lines: 2312..=2312 } in "./tmp2/10/page_organization.rs"
verus succeeded with time: 92082ms, keeping it commented out
commenting out line Lines { lines: 471..=471 } in "./tmp2/8/bin_sizes.rs"
verus succeeded with time: 89908ms, keeping it commented out
commenting out line Lines { lines: 615..=615 } in "./tmp2/13/linked_list.rs"
verus failed with time: 85285ms, reverting
commenting out line Lines { lines: 681..=700 } in "./tmp2/11/os_mem_util.rs"
verus failed with time: 84443ms, reverting
commenting out line Lines { lines: 2313..=2313 } in "./tmp2/10/page_organization.rs"
verus succeeded with time: 92195ms, keeping it commented out
commenting out line Lines { lines: 472..=472 } in "./tmp2/8/bin_sizes.rs"
verus failed with time: 87706ms, reverting
commenting out line Lines { lines: 642..=642 } in "./tmp2/13/linked_list.rs"
verus failed with time: 85333ms, reverting
commenting out line Lines { lines: 707..=711 } in "./tmp2/11/os_mem_util.rs"
verus succeeded with time: 89736ms, keeping it commented out
commenting out line Lines { lines: 2299..=2316 } in "./tmp2/10/page_organization.rs"
verus failed with time: 86574ms, reverting
commenting out line Lines { lines: 475..=475 } in "./tmp2/8/bin_sizes.rs"
verus failed with time: 87250ms, reverting
commenting out line Lines { lines: 639..=643 } in "./tmp2/13/linked_list.rs"
verus failed with time: 88609ms, reverting
commenting out line Lines { lines: 771..=771 } in "./tmp2/11/os_mem_util.rs"
verus succeeded with time: 88424ms, keeping it commented out
commenting out line Lines { lines: 2317..=2317 } in "./tmp2/10/page_organization.rs"
verus succeeded with time: 92206ms, keeping it commented out
commenting out line Lines { lines: 570..=570 } in "./tmp2/8/bin_sizes.rs"
verus failed with time: 88904ms, reverting
commenting out line Lines { lines: 656..=656 } in "./tmp2/13/linked_list.rs"
verus failed with time: 87918ms, reverting
commenting out line Lines { lines: 772..=772 } in "./tmp2/11/os_mem_util.rs"
verus succeeded with time: 90970ms, keeping it commented out
commenting out line Lines { lines: 572..=572 } in "./tmp2/8/bin_sizes.rs"
verus succeeded with time: 90560ms, keeping it commented out
commenting out line Lines { lines: 2321..=2321 } in "./tmp2/10/page_organization.rs"
verus succeeded with time: 92052ms, keeping it commented out
commenting out line Lines { lines: 657..=657 } in "./tmp2/13/linked_list.rs"
verus failed with time: 86192ms, reverting
commenting out line Lines { lines: 773..=773 } in "./tmp2/11/os_mem_util.rs"
verus succeeded with time: 92757ms, keeping it commented out
commenting out line Lines { lines: 571..=574 } in "./tmp2/8/bin_sizes.rs"
verus failed with time: 92436ms, reverting
commenting out line Lines { lines: 2325..=2325 } in "./tmp2/10/page_organization.rs"
verus succeeded with time: 91558ms, keeping it commented out
commenting out line Lines { lines: 660..=660 } in "./tmp2/13/linked_list.rs"
verus failed with time: 86264ms, reverting
commenting out line Lines { lines: 781..=781 } in "./tmp2/11/os_mem_util.rs"
verus succeeded with time: 93651ms, keeping it commented out
commenting out line Lines { lines: 2329..=2329 } in "./tmp2/10/page_organization.rs"
verus failed with time: 87841ms, reverting
commenting out line Lines { lines: 577..=577 } in "./tmp2/8/bin_sizes.rs"
verus succeeded with time: 92214ms, keeping it commented out
commenting out line Lines { lines: 661..=661 } in "./tmp2/13/linked_list.rs"
verus succeeded with time: 93810ms, keeping it commented out
commenting out line Lines { lines: 783..=783 } in "./tmp2/11/os_mem_util.rs"
verus succeeded with time: 94107ms, keeping it commented out
commenting out line Lines { lines: 2319..=2330 } in "./tmp2/10/page_organization.rs"
verus failed with time: 90011ms, reverting
commenting out line Lines { lines: 581..=581 } in "./tmp2/8/bin_sizes.rs"
verus failed with time: 87816ms, reverting
commenting out line Lines { lines: 664..=664 } in "./tmp2/13/linked_list.rs"
verus succeeded with time: 90603ms, keeping it commented out
commenting out line Lines { lines: 784..=784 } in "./tmp2/11/os_mem_util.rs"
verus succeeded with time: 96066ms, keeping it commented out
commenting out line Lines { lines: 575..=583 } in "./tmp2/8/bin_sizes.rs"
verus failed with time: 90572ms, reverting
commenting out line Lines { lines: 2331..=2331 } in "./tmp2/10/page_organization.rs"
verus succeeded with time: 94216ms, keeping it commented out
commenting out line Lines { lines: 666..=666 } in "./tmp2/13/linked_list.rs"
verus succeeded with time: 92128ms, keeping it commented out
commenting out line Lines { lines: 785..=785 } in "./tmp2/11/os_mem_util.rs"
verus succeeded with time: 94377ms, keeping it commented out
commenting out line Lines { lines: 584..=586 } in "./tmp2/8/bin_sizes.rs"
verus failed with time: 88796ms, reverting
commenting out line Lines { lines: 2293..=2333 } in "./tmp2/10/page_organization.rs"
verus failed with time: 89679ms, reverting
commenting out line Lines { lines: 668..=668 } in "./tmp2/13/linked_list.rs"
verus succeeded with time: 93432ms, keeping it commented out
commenting out line Lines { lines: 786..=791 } in "./tmp2/11/os_mem_util.rs"
verus failed with time: 87998ms, reverting
commenting out line Lines { lines: 587..=589 } in "./tmp2/8/bin_sizes.rs"
verus failed with time: 86507ms, reverting
commenting out line Lines { lines: 2337..=2337 } in "./tmp2/10/page_organization.rs"
verus failed with time: 91480ms, reverting
commenting out line Lines { lines: 654..=670 } in "./tmp2/13/linked_list.rs"
verus failed with time: 90856ms, reverting
commenting out line Lines { lines: 792..=792 } in "./tmp2/11/os_mem_util.rs"
verus failed with time: 82996ms, reverting
commenting out line Lines { lines: 598..=598 } in "./tmp2/8/bin_sizes.rs"
verus failed with time: 89154ms, reverting
commenting out line Lines { lines: 2335..=2339 } in "./tmp2/10/page_organization.rs"
verus failed with time: 90128ms, reverting
commenting out line Lines { lines: 808..=808 } in "./tmp2/13/linked_list.rs"
verus succeeded with time: 95625ms, keeping it commented out
commenting out line Lines { lines: 794..=794 } in "./tmp2/11/os_mem_util.rs"
verus succeeded with time: 88667ms, keeping it commented out
commenting out line Lines { lines: 599..=599 } in "./tmp2/8/bin_sizes.rs"
verus succeeded with time: 88520ms, keeping it commented out
commenting out line Lines { lines: 2344..=2344 } in "./tmp2/10/page_organization.rs"
verus succeeded with time: 90349ms, keeping it commented out
commenting out line Lines { lines: 809..=809 } in "./tmp2/13/linked_list.rs"
verus failed with time: 86107ms, reverting
commenting out line Lines { lines: 775..=796 } in "./tmp2/11/os_mem_util.rs"
verus failed with time: 86172ms, reverting
commenting out line Lines { lines: 601..=602 } in "./tmp2/8/bin_sizes.rs"
verus failed with time: 84070ms, reverting
commenting out line Lines { lines: 2341..=2347 } in "./tmp2/10/page_organization.rs"
verus failed with time: 87612ms, reverting
commenting out line Lines { lines: 810..=811 } in "./tmp2/13/linked_list.rs"
verus failed with time: 90431ms, reverting
commenting out line Lines { lines: 798..=798 } in "./tmp2/11/os_mem_util.rs"
verus succeeded with time: 88849ms, keeping it commented out
commenting out line Lines { lines: 604..=606 } in "./tmp2/8/bin_sizes.rs"
verus succeeded with time: 91016ms, keeping it commented out
commenting out line Lines { lines: 2362..=2362 } in "./tmp2/10/page_organization.rs"
verus succeeded with time: 90377ms, keeping it commented out
commenting out line Lines { lines: 812..=813 } in "./tmp2/13/linked_list.rs"
verus succeeded with time: 90441ms, keeping it commented out
commenting out line Lines { lines: 799..=799 } in "./tmp2/11/os_mem_util.rs"
verus succeeded with time: 88720ms, keeping it commented out
commenting out line Lines { lines: 607..=610 } in "./tmp2/8/bin_sizes.rs"
verus failed with time: 85199ms, reverting
commenting out line Lines { lines: 2364..=2364 } in "./tmp2/10/page_organization.rs"
verus succeeded with time: 91548ms, keeping it commented out
commenting out line Lines { lines: 814..=815 } in "./tmp2/13/linked_list.rs"
verus failed with time: 88243ms, reverting
commenting out line Lines { lines: 801..=805 } in "./tmp2/11/os_mem_util.rs"
verus succeeded with time: 88405ms, keeping it commented out
commenting out line Lines { lines: 636..=636 } in "./tmp2/8/bin_sizes.rs"
verus succeeded with time: 89043ms, keeping it commented out
commenting out line Lines { lines: 2367..=2367 } in "./tmp2/10/page_organization.rs"
verus failed with time: 83191ms, reverting
commenting out line Lines { lines: 816..=816 } in "./tmp2/13/linked_list.rs"
verus succeeded with time: 92048ms, keeping it commented out
commenting out line Lines { lines: 845..=845 } in "./tmp2/11/os_mem_util.rs"
verus succeeded with time: 88981ms, keeping it commented out
commenting out line Lines { lines: 639..=639 } in "./tmp2/8/bin_sizes.rs"
verus failed with time: 84283ms, reverting
commenting out line Lines { lines: 2368..=2368 } in "./tmp2/10/page_organization.rs"
verus succeeded with time: 90046ms, keeping it commented out
commenting out line Lines { lines: 817..=817 } in "./tmp2/13/linked_list.rs"
verus succeeded with time: 88491ms, keeping it commented out
commenting out line Lines { lines: 846..=846 } in "./tmp2/11/os_mem_util.rs"
verus succeeded with time: 89000ms, keeping it commented out
commenting out line Lines { lines: 641..=641 } in "./tmp2/8/bin_sizes.rs"
verus succeeded with time: 89864ms, keeping it commented out
commenting out line Lines { lines: 2372..=2372 } in "./tmp2/10/page_organization.rs"
verus succeeded with time: 90225ms, keeping it commented out
commenting out line Lines { lines: 882..=882 } in "./tmp2/13/linked_list.rs"
verus succeeded with time: 91038ms, keeping it commented out
commenting out line Lines { lines: 847..=847 } in "./tmp2/11/os_mem_util.rs"
verus succeeded with time: 88735ms, keeping it commented out
commenting out line Lines { lines: 642..=642 } in "./tmp2/8/bin_sizes.rs"
verus succeeded with time: 90989ms, keeping it commented out
commenting out line Lines { lines: 2395..=2395 } in "./tmp2/10/page_organization.rs"
verus succeeded with time: 91088ms, keeping it commented out
commenting out line Lines { lines: 883..=883 } in "./tmp2/13/linked_list.rs"
verus succeeded with time: 85224ms, keeping it commented out
commenting out line Lines { lines: 852..=852 } in "./tmp2/11/os_mem_util.rs"
verus succeeded with time: 83446ms, keeping it commented out
commenting out line Lines { lines: 643..=643 } in "./tmp2/8/bin_sizes.rs"
verus failed with time: 85133ms, reverting
commenting out line Lines { lines: 2397..=2399 } in "./tmp2/10/page_organization.rs"
verus failed with time: 84608ms, reverting
commenting out line Lines { lines: 884..=885 } in "./tmp2/13/linked_list.rs"
verus failed with time: 90636ms, reverting
commenting out line Lines { lines: 853..=853 } in "./tmp2/11/os_mem_util.rs"
verus succeeded with time: 92198ms, keeping it commented out
commenting out line Lines { lines: 645..=645 } in "./tmp2/8/bin_sizes.rs"
verus succeeded with time: 92235ms, keeping it commented out
commenting out line Lines { lines: 2413..=2415 } in "./tmp2/10/page_organization.rs"
verus failed with time: 84373ms, reverting
commenting out line Lines { lines: 886..=887 } in "./tmp2/13/linked_list.rs"
verus failed with time: 85693ms, reverting
commenting out line Lines { lines: 854..=854 } in "./tmp2/11/os_mem_util.rs"
verus succeeded with time: 90601ms, keeping it commented out
commenting out line Lines { lines: 646..=650 } in "./tmp2/8/bin_sizes.rs"
verus succeeded with time: 91215ms, keeping it commented out
commenting out line Lines { lines: 2421..=2421 } in "./tmp2/10/page_organization.rs"
verus succeeded with time: 91819ms, keeping it commented out
commenting out line Lines { lines: 888..=888 } in "./tmp2/13/linked_list.rs"
verus succeeded with time: 89047ms, keeping it commented out
commenting out line Lines { lines: 855..=860 } in "./tmp2/11/os_mem_util.rs"
verus failed with time: 82552ms, reverting
commenting out line Lines { lines: 664..=664 } in "./tmp2/8/bin_sizes.rs"
verus succeeded with time: 89349ms, keeping it commented out
commenting out line Lines { lines: 2422..=2422 } in "./tmp2/10/page_organization.rs"
verus succeeded with time: 91507ms, keeping it commented out
commenting out line Lines { lines: 891..=892 } in "./tmp2/13/linked_list.rs"
verus failed with time: 86226ms, reverting
commenting out line Lines { lines: 861..=861 } in "./tmp2/11/os_mem_util.rs"
verus failed with time: 86721ms, reverting
commenting out line Lines { lines: 665..=665 } in "./tmp2/8/bin_sizes.rs"
verus succeeded with time: 89557ms, keeping it commented out
commenting out line Lines { lines: 2418..=2423 } in "./tmp2/10/page_organization.rs"
verus succeeded with time: 91417ms, keeping it commented out
commenting out line Lines { lines: 893..=893 } in "./tmp2/13/linked_list.rs"
verus succeeded with time: 90187ms, keeping it commented out
commenting out line Lines { lines: 848..=862 } in "./tmp2/11/os_mem_util.rs"
verus failed with time: 84095ms, reverting
commenting out line Lines { lines: 666..=666 } in "./tmp2/8/bin_sizes.rs"
verus succeeded with time: 90083ms, keeping it commented out
commenting out line Lines { lines: 2436..=2438 } in "./tmp2/10/page_organization.rs"
verus failed with time: 84687ms, reverting
commenting out line Lines { lines: 889..=895 } in "./tmp2/13/linked_list.rs"
verus failed with time: 86410ms, reverting
commenting out line Lines { lines: 863..=863 } in "./tmp2/11/os_mem_util.rs"
verus succeeded with time: 87761ms, keeping it commented out
commenting out line Lines { lines: 667..=667 } in "./tmp2/8/bin_sizes.rs"
verus failed with time: 89912ms, reverting
commenting out line Lines { lines: 2444..=2444 } in "./tmp2/10/page_organization.rs"
verus succeeded with time: 88798ms, keeping it commented out
commenting out line Lines { lines: 925..=925 } in "./tmp2/13/linked_list.rs"
verus failed with time: 88025ms, reverting
commenting out line Lines { lines: 864..=868 } in "./tmp2/11/os_mem_util.rs"
verus succeeded with time: 92116ms, keeping it commented out
commenting out line Lines { lines: 669..=669 } in "./tmp2/8/bin_sizes.rs"
verus succeeded with time: 90145ms, keeping it commented out
commenting out line Lines { lines: 2445..=2445 } in "./tmp2/10/page_organization.rs"
verus succeeded with time: 88683ms, keeping it commented out
commenting out line Lines { lines: 926..=926 } in "./tmp2/13/linked_list.rs"
verus succeeded with time: 91046ms, keeping it commented out
commenting out line Lines { lines: 876..=876 } in "./tmp2/11/os_mem_util.rs"
verus succeeded with time: 90615ms, keeping it commented out
commenting out line Lines { lines: 670..=670 } in "./tmp2/8/bin_sizes.rs"
verus succeeded with time: 85235ms, keeping it commented out
commenting out line Lines { lines: 2441..=2446 } in "./tmp2/10/page_organization.rs"
verus succeeded with time: 90850ms, keeping it commented out
commenting out line Lines { lines: 927..=927 } in "./tmp2/13/linked_list.rs"
verus succeeded with time: 88553ms, keeping it commented out
commenting out line Lines { lines: 887..=887 } in "./tmp2/11/os_mem_util.rs"
verus failed with time: 85664ms, reverting
commenting out line Lines { lines: 743..=746 } in "./tmp2/8/bin_sizes.rs"
verus failed with time: 84803ms, reverting
commenting out line Lines { lines: 2461..=2461 } in "./tmp2/10/page_organization.rs"
verus succeeded with time: 87998ms, keeping it commented out
commenting out line Lines { lines: 930..=930 } in "./tmp2/13/linked_list.rs"
verus failed with time: 85959ms, reverting
commenting out line Lines { lines: 888..=888 } in "./tmp2/11/os_mem_util.rs"
verus failed with time: 84441ms, reverting
commenting out line Lines { lines: 760..=760 } in "./tmp2/8/bin_sizes.rs"
verus succeeded with time: 88994ms, keeping it commented out
commenting out line Lines { lines: 2468..=2468 } in "./tmp2/10/page_organization.rs"
verus succeeded with time: 89573ms, keeping it commented out
commenting out line Lines { lines: 931..=931 } in "./tmp2/13/linked_list.rs"
verus succeeded with time: 90334ms, keeping it commented out
commenting out line Lines { lines: 889..=889 } in "./tmp2/11/os_mem_util.rs"
verus succeeded with time: 89027ms, keeping it commented out
commenting out line Lines { lines: 761..=761 } in "./tmp2/8/bin_sizes.rs"
verus succeeded with time: 85811ms, keeping it commented out
commenting out line Lines { lines: 2471..=2471 } in "./tmp2/10/page_organization.rs"
verus succeeded with time: 89712ms, keeping it commented out
commenting out line Lines { lines: 932..=933 } in "./tmp2/13/linked_list.rs"
verus succeeded with time: 89725ms, keeping it commented out
commenting out line Lines { lines: 871..=891 } in "./tmp2/11/os_mem_util.rs"
verus failed with time: 80761ms, reverting
commenting out line Lines { lines: 762..=762 } in "./tmp2/8/bin_sizes.rs"
verus succeeded with time: 89412ms, keeping it commented out
commenting out line Lines { lines: 2473..=2473 } in "./tmp2/10/page_organization.rs"
verus failed with time: 86509ms, reverting
commenting out line Lines { lines: 935..=935 } in "./tmp2/13/linked_list.rs"
verus succeeded with time: 93277ms, keeping it commented out
commenting out line Lines { lines: 893..=900 } in "./tmp2/11/os_mem_util.rs"
verus succeeded with time: 87293ms, keeping it commented out
commenting out line Lines { lines: 767..=767 } in "./tmp2/8/bin_sizes.rs"
verus succeeded with time: 90149ms, keeping it commented out
commenting out line Lines { lines: 2475..=2475 } in "./tmp2/10/page_organization.rs"
verus succeeded with time: 86250ms, keeping it commented out
commenting out line Lines { lines: 950..=950 } in "./tmp2/13/linked_list.rs"
verus succeeded with time: 91536ms, keeping it commented out
commenting out line Lines { lines: 930..=930 } in "./tmp2/11/os_mem_util.rs"
verus succeeded with time: 85607ms, keeping it commented out
commenting out line Lines { lines: 769..=769 } in "./tmp2/8/bin_sizes.rs"
verus failed with time: 85400ms, reverting
commenting out line Lines { lines: 2478..=2478 } in "./tmp2/10/page_organization.rs"
verus succeeded with time: 88666ms, keeping it commented out
commenting out line Lines { lines: 955..=955 } in "./tmp2/13/linked_list.rs"
verus succeeded with time: 90332ms, keeping it commented out
commenting out line Lines { lines: 936..=936 } in "./tmp2/11/os_mem_util.rs"
verus succeeded with time: 84979ms, keeping it commented out
commenting out line Lines { lines: 772..=772 } in "./tmp2/8/bin_sizes.rs"
verus failed with time: 83167ms, reverting
commenting out line Lines { lines: 2479..=2479 } in "./tmp2/10/page_organization.rs"
verus succeeded with time: 89366ms, keeping it commented out
commenting out line Lines { lines: 956..=974 } in "./tmp2/13/linked_list.rs"
verus failed with time: 84808ms, reverting
commenting out line Lines { lines: 937..=938 } in "./tmp2/11/os_mem_util.rs"
verus failed with time: 84460ms, reverting
commenting out line Lines { lines: 868..=868 } in "./tmp2/8/bin_sizes.rs"
verus failed with time: 86158ms, reverting
commenting out line Lines { lines: 2465..=2482 } in "./tmp2/10/page_organization.rs"
verus failed with time: 88722ms, reverting
commenting out line Lines { lines: 978..=978 } in "./tmp2/13/linked_list.rs"
verus failed with time: 86608ms, reverting
commenting out line Lines { lines: 940..=940 } in "./tmp2/11/os_mem_util.rs"
verus succeeded with time: 87989ms, keeping it commented out
commenting out line Lines { lines: 871..=871 } in "./tmp2/8/bin_sizes.rs"
verus failed with time: 84307ms, reverting
commenting out line Lines { lines: 2483..=2483 } in "./tmp2/10/page_organization.rs"
verus succeeded with time: 92222ms, keeping it commented out
commenting out line Lines { lines: 979..=979 } in "./tmp2/13/linked_list.rs"
verus succeeded with time: 89567ms, keeping it commented out
commenting out line Lines { lines: 945..=945 } in "./tmp2/11/os_mem_util.rs"
verus failed with time: 84141ms, reverting
commenting out line Lines { lines: 909..=909 } in "./tmp2/8/bin_sizes.rs"
verus succeeded with time: 90634ms, keeping it commented out
commenting out line Lines { lines: 2487..=2487 } in "./tmp2/10/page_organization.rs"
verus succeeded with time: 88877ms, keeping it commented out
commenting out line Lines { lines: 980..=981 } in "./tmp2/13/linked_list.rs"
verus succeeded with time: 88449ms, keeping it commented out
commenting out line Lines { lines: 946..=946 } in "./tmp2/11/os_mem_util.rs"
verus failed with time: 84516ms, reverting
commenting out line Lines { lines: 912..=912 } in "./tmp2/8/bin_sizes.rs"
verus failed with time: 87476ms, reverting
commenting out line Lines { lines: 2491..=2491 } in "./tmp2/10/page_organization.rs"
verus succeeded with time: 92206ms, keeping it commented out
commenting out line Lines { lines: 983..=983 } in "./tmp2/13/linked_list.rs"
verus succeeded with time: 90347ms, keeping it commented out
commenting out line Lines { lines: 942..=947 } in "./tmp2/11/os_mem_util.rs"
verus failed with time: 87724ms, reverting
commenting out line Lines { lines: 915..=915 } in "./tmp2/8/bin_sizes.rs"
verus failed with time: 85763ms, reverting
commenting out line Lines { lines: 2495..=2495 } in "./tmp2/10/page_organization.rs"
verus failed with time: 86256ms, reverting
commenting out line Lines { lines: 985..=985 } in "./tmp2/13/linked_list.rs"
verus succeeded with time: 90800ms, keeping it commented out
commenting out line Lines { lines: 948..=948 } in "./tmp2/11/os_mem_util.rs"
verus succeeded with time: 92147ms, keeping it commented out
commenting out line Lines { lines: 917..=917 } in "./tmp2/8/bin_sizes.rs"
verus failed with time: 85450ms, reverting
commenting out line Lines { lines: 2485..=2496 } in "./tmp2/10/page_organization.rs"
verus failed with time: 85039ms, reverting
commenting out line Lines { lines: 950..=950 } in "./tmp2/11/os_mem_util.rs"
verus failed with time: 88278ms, reverting
commenting out line Lines { lines: 989..=989 } in "./tmp2/13/linked_list.rs"
verus succeeded with time: 91255ms, keeping it commented out
commenting out line Lines { lines: 934..=934 } in "./tmp2/8/bin_sizes.rs"
verus succeeded with time: 90910ms, keeping it commented out
commenting out line Lines { lines: 2497..=2497 } in "./tmp2/10/page_organization.rs"
verus succeeded with time: 88980ms, keeping it commented out
commenting out line Lines { lines: 921..=991 } in "./tmp2/13/linked_list.rs"
verus failed with time: 83554ms, reverting
commenting out line Lines { lines: 951..=951 } in "./tmp2/11/os_mem_util.rs"
verus succeeded with time: 86811ms, keeping it commented out
commenting out line Lines { lines: 936..=936 } in "./tmp2/8/bin_sizes.rs"
verus failed with time: 86858ms, reverting
commenting out line Lines { lines: 2459..=2499 } in "./tmp2/10/page_organization.rs"
verus failed with time: 86471ms, reverting
commenting out line Lines { lines: 958..=958 } in "./tmp2/11/os_mem_util.rs"
verus succeeded with time: 88662ms, keeping it commented out
commenting out line Lines { lines: 992..=992 } in "./tmp2/13/linked_list.rs"
verus succeeded with time: 90970ms, keeping it commented out
commenting out line Lines { lines: 929..=940 } in "./tmp2/8/bin_sizes.rs"
verus failed with time: 82289ms, reverting
commenting out line Lines { lines: 2501..=2501 } in "./tmp2/10/page_organization.rs"
verus succeeded with time: 91220ms, keeping it commented out
commenting out line Lines { lines: 1009..=1010 } in "./tmp2/13/linked_list.rs"
verus failed with time: 86635ms, reverting
commenting out line Lines { lines: 964..=965 } in "./tmp2/11/os_mem_util.rs"
verus failed with time: 88779ms, reverting
commenting out line Lines { lines: 988..=988 } in "./tmp2/8/bin_sizes.rs"
verus succeeded with time: 92101ms, keeping it commented out
commenting out line Lines { lines: 2519..=2523 } in "./tmp2/10/page_organization.rs"
verus failed with time: 85910ms, reverting
commenting out line Lines { lines: 1040..=1040 } in "./tmp2/13/linked_list.rs"
verus failed with time: 83994ms, reverting
commenting out line Lines { lines: 971..=972 } in "./tmp2/11/os_mem_util.rs"
verus succeeded with time: 90680ms, keeping it commented out
commenting out line Lines { lines: 985..=994 } in "./tmp2/8/bin_sizes.rs"
verus succeeded with time: 90836ms, keeping it commented out
commenting out line Lines { lines: 2527..=2527 } in "./tmp2/10/page_organization.rs"
verus failed with time: 84511ms, reverting
commenting out line Lines { lines: 1041..=1041 } in "./tmp2/13/linked_list.rs"
verus succeeded with time: 88245ms, keeping it commented out
commenting out line Lines { lines: 974..=974 } in "./tmp2/11/os_mem_util.rs"
verus succeeded with time: 89296ms, keeping it commented out
commenting out line Lines { lines: 1028..=1028 } in "./tmp2/8/bin_sizes.rs"
verus failed with time: 88134ms, reverting
commenting out line Lines { lines: 2525..=2529 } in "./tmp2/10/page_organization.rs"
verus failed with time: 86066ms, reverting
commenting out line Lines { lines: 1026..=1046 } in "./tmp2/13/linked_list.rs"
verus failed with time: 87009ms, reverting
commenting out line Lines { lines: 976..=976 } in "./tmp2/11/os_mem_util.rs"
verus succeeded with time: 91610ms, keeping it commented out
commenting out line Lines { lines: 1029..=1029 } in "./tmp2/8/bin_sizes.rs"
verus failed with time: 81088ms, reverting
commenting out line Lines { lines: 2545..=2545 } in "./tmp2/10/page_organization.rs"
verus succeeded with time: 89180ms, keeping it commented out
commenting out line Lines { lines: 1098..=1098 } in "./tmp2/13/linked_list.rs"
verus succeeded with time: 90364ms, keeping it commented out
commenting out line Lines { lines: 953..=978 } in "./tmp2/11/os_mem_util.rs"
verus failed with time: 81892ms, reverting
commenting out line Lines { lines: 1030..=1030 } in "./tmp2/8/bin_sizes.rs"
verus failed with time: 85409ms, reverting
commenting out line Lines { lines: 2547..=2547 } in "./tmp2/10/page_organization.rs"
verus succeeded with time: 92886ms, keeping it commented out
commenting out line Lines { lines: 1099..=1099 } in "./tmp2/13/linked_list.rs"
verus succeeded with time: 92203ms, keeping it commented out
commenting out line Lines { lines: 979..=979 } in "./tmp2/11/os_mem_util.rs"
verus succeeded with time: 88694ms, keeping it commented out
commenting out line Lines { lines: 1031..=1031 } in "./tmp2/8/bin_sizes.rs"
verus failed with time: 82572ms, reverting
commenting out line Lines { lines: 2550..=2550 } in "./tmp2/10/page_organization.rs"
verus succeeded with time: 88366ms, keeping it commented out
commenting out line Lines { lines: 1104..=1104 } in "./tmp2/13/linked_list.rs"
verus succeeded with time: 93566ms, keeping it commented out
commenting out line Lines { lines: 981..=981 } in "./tmp2/11/os_mem_util.rs"
verus succeeded with time: 93686ms, keeping it commented out
minimization of ./tmp2/11/os_mem_util.rs is completed
minimization of ./tmp2/14/bitmap.rs is completed
commenting out line Lines { lines: 1032..=1032 } in "./tmp2/8/bin_sizes.rs"
verus failed with time: 86624ms, reverting
commenting out line Lines { lines: 2554..=2554 } in "./tmp2/10/page_organization.rs"
verus succeeded with time: 87633ms, keeping it commented out
commenting out line Lines { lines: 18..=18 } in "./tmp2/15/commit_mask.rs"
verus failed with time: 89718ms, reverting
commenting out line Lines { lines: 1113..=1113 } in "./tmp2/13/linked_list.rs"
verus succeeded with time: 91855ms, keeping it commented out
commenting out line Lines { lines: 1033..=1033 } in "./tmp2/8/bin_sizes.rs"
verus failed with time: 87241ms, reverting
commenting out line Lines { lines: 2569..=2569 } in "./tmp2/10/page_organization.rs"
verus succeeded with time: 96306ms, keeping it commented out
commenting out line Lines { lines: 1034..=1034 } in "./tmp2/8/bin_sizes.rs"
verus failed with time: 85941ms, reverting
commenting out line Lines { lines: 20..=20 } in "./tmp2/15/commit_mask.rs"
verus failed with time: 88068ms, reverting
commenting out line Lines { lines: 1114..=1114 } in "./tmp2/13/linked_list.rs"
verus succeeded with time: 91313ms, keeping it commented out
commenting out line Lines { lines: 2567..=2571 } in "./tmp2/10/page_organization.rs"
verus failed with time: 87638ms, reverting
commenting out line Lines { lines: 1035..=1035 } in "./tmp2/8/bin_sizes.rs"
verus failed with time: 89660ms, reverting
commenting out line Lines { lines: 16..=22 } in "./tmp2/15/commit_mask.rs"
verus failed with time: 88788ms, reverting
commenting out line Lines { lines: 1115..=1115 } in "./tmp2/13/linked_list.rs"
verus succeeded with time: 91327ms, keeping it commented out
commenting out line Lines { lines: 2580..=2580 } in "./tmp2/10/page_organization.rs"
verus succeeded with time: 91702ms, keeping it commented out
commenting out line Lines { lines: 1036..=1036 } in "./tmp2/8/bin_sizes.rs"
verus failed with time: 86843ms, reverting
commenting out line Lines { lines: 23..=23 } in "./tmp2/15/commit_mask.rs"
verus failed with time: 89752ms, reverting
commenting out line Lines { lines: 1116..=1116 } in "./tmp2/13/linked_list.rs"
verus succeeded with time: 92253ms, keeping it commented out
commenting out line Lines { lines: 2581..=2581 } in "./tmp2/10/page_organization.rs"
verus succeeded with time: 93866ms, keeping it commented out
commenting out line Lines { lines: 1037..=1037 } in "./tmp2/8/bin_sizes.rs"
verus failed with time: 85022ms, reverting
commenting out line Lines { lines: 29..=31 } in "./tmp2/15/commit_mask.rs"
verus failed with time: 88315ms, reverting
commenting out line Lines { lines: 1160..=1160 } in "./tmp2/13/linked_list.rs"
verus succeeded with time: 89508ms, keeping it commented out
commenting out line Lines { lines: 2583..=2583 } in "./tmp2/10/page_organization.rs"
verus succeeded with time: 92252ms, keeping it commented out
commenting out line Lines { lines: 1038..=1038 } in "./tmp2/8/bin_sizes.rs"
verus failed with time: 90219ms, reverting
commenting out line Lines { lines: 70..=71 } in "./tmp2/15/commit_mask.rs"
verus failed with time: 87239ms, reverting
commenting out line Lines { lines: 1162..=1162 } in "./tmp2/13/linked_list.rs"
verus succeeded with time: 91153ms, keeping it commented out
commenting out line Lines { lines: 2602..=2602 } in "./tmp2/10/page_organization.rs"
verus succeeded with time: 91376ms, keeping it commented out
commenting out line Lines { lines: 1039..=1039 } in "./tmp2/8/bin_sizes.rs"
verus failed with time: 89925ms, reverting
commenting out line Lines { lines: 72..=73 } in "./tmp2/15/commit_mask.rs"
verus failed with time: 89379ms, reverting
commenting out line Lines { lines: 1164..=1164 } in "./tmp2/13/linked_list.rs"
verus succeeded with time: 91986ms, keeping it commented out
commenting out line Lines { lines: 1040..=1040 } in "./tmp2/8/bin_sizes.rs"
verus failed with time: 86969ms, reverting
commenting out line Lines { lines: 74..=75 } in "./tmp2/15/commit_mask.rs"
verus failed with time: 88051ms, reverting
commenting out line Lines { lines: 2603..=2603 } in "./tmp2/10/page_organization.rs"
verus succeeded with time: 95651ms, keeping it commented out
commenting out line Lines { lines: 1173..=1173 } in "./tmp2/13/linked_list.rs"
verus succeeded with time: 91543ms, keeping it commented out
commenting out line Lines { lines: 1041..=1041 } in "./tmp2/8/bin_sizes.rs"
verus failed with time: 88098ms, reverting
commenting out line Lines { lines: 62..=77 } in "./tmp2/15/commit_mask.rs"
verus failed with time: 88673ms, reverting
commenting out line Lines { lines: 2605..=2605 } in "./tmp2/10/page_organization.rs"
verus succeeded with time: 93343ms, keeping it commented out
commenting out line Lines { lines: 1205..=1206 } in "./tmp2/13/linked_list.rs"
verus failed with time: 87171ms, reverting
commenting out line Lines { lines: 1042..=1042 } in "./tmp2/8/bin_sizes.rs"
verus failed with time: 87146ms, reverting
commenting out line Lines { lines: 92..=93 } in "./tmp2/15/commit_mask.rs"
verus failed with time: 86866ms, reverting
commenting out line Lines { lines: 2607..=2607 } in "./tmp2/10/page_organization.rs"
verus failed with time: 90557ms, reverting
commenting out line Lines { lines: 1208..=1208 } in "./tmp2/13/linked_list.rs"
verus succeeded with time: 93633ms, keeping it commented out
commenting out line Lines { lines: 1043..=1043 } in "./tmp2/8/bin_sizes.rs"
verus failed with time: 85450ms, reverting
commenting out line Lines { lines: 94..=94 } in "./tmp2/15/commit_mask.rs"
verus failed with time: 87680ms, reverting
commenting out line Lines { lines: 2608..=2608 } in "./tmp2/10/page_organization.rs"
verus succeeded with time: 91916ms, keeping it commented out
commenting out line Lines { lines: 1221..=1222 } in "./tmp2/13/linked_list.rs"
verus succeeded with time: 89416ms, keeping it commented out
commenting out line Lines { lines: 1079..=1079 } in "./tmp2/8/bin_sizes.rs"
verus failed with time: 81289ms, reverting
commenting out line Lines { lines: 98..=99 } in "./tmp2/15/commit_mask.rs"
verus failed with time: 85023ms, reverting
commenting out line Lines { lines: 2609..=2609 } in "./tmp2/10/page_organization.rs"
verus succeeded with time: 93671ms, keeping it commented out
commenting out line Lines { lines: 1239..=1239 } in "./tmp2/13/linked_list.rs"
verus succeeded with time: 89321ms, keeping it commented out
commenting out line Lines { lines: 1094..=1094 } in "./tmp2/8/bin_sizes.rs"
verus succeeded with time: 91180ms, keeping it commented out
commenting out line Lines { lines: 101..=102 } in "./tmp2/15/commit_mask.rs"
verus failed with time: 85269ms, reverting
commenting out line Lines { lines: 2610..=2610 } in "./tmp2/10/page_organization.rs"
verus succeeded with time: 89292ms, keeping it commented out
commenting out line Lines { lines: 1242..=1242 } in "./tmp2/13/linked_list.rs"
verus failed with time: 82264ms, reverting
commenting out line Lines { lines: 115..=115 } in "./tmp2/15/commit_mask.rs"
verus failed with time: 82930ms, reverting
commenting out line Lines { lines: 1096..=1096 } in "./tmp2/8/bin_sizes.rs"
verus succeeded with time: 89382ms, keeping it commented out
commenting out line Lines { lines: 2586..=2613 } in "./tmp2/10/page_organization.rs"
verus failed with time: 86761ms, reverting
commenting out line Lines { lines: 1243..=1243 } in "./tmp2/13/linked_list.rs"
verus succeeded with time: 91350ms, keeping it commented out
commenting out line Lines { lines: 116..=116 } in "./tmp2/15/commit_mask.rs"
verus failed with time: 82499ms, reverting
commenting out line Lines { lines: 1103..=1103 } in "./tmp2/8/bin_sizes.rs"
verus succeeded with time: 87501ms, keeping it commented out
commenting out line Lines { lines: 2632..=2632 } in "./tmp2/10/page_organization.rs"
verus succeeded with time: 87596ms, keeping it commented out
commenting out line Lines { lines: 1224..=1245 } in "./tmp2/13/linked_list.rs"
verus failed with time: 84616ms, reverting
commenting out line Lines { lines: 127..=128 } in "./tmp2/15/commit_mask.rs"
verus failed with time: 84223ms, reverting
commenting out line Lines { lines: 1105..=1105 } in "./tmp2/8/bin_sizes.rs"
verus succeeded with time: 89807ms, keeping it commented out
commenting out line Lines { lines: 2639..=2639 } in "./tmp2/10/page_organization.rs"
verus succeeded with time: 88709ms, keeping it commented out
commenting out line Lines { lines: 1290..=1290 } in "./tmp2/13/linked_list.rs"
verus failed with time: 85387ms, reverting
commenting out line Lines { lines: 131..=132 } in "./tmp2/15/commit_mask.rs"
verus failed with time: 87016ms, reverting
commenting out line Lines { lines: 1108..=1108 } in "./tmp2/8/bin_sizes.rs"
verus failed with time: 84093ms, reverting
commenting out line Lines { lines: 1296..=1296 } in "./tmp2/13/linked_list.rs"
verus failed with time: 85253ms, reverting
commenting out line Lines { lines: 2642..=2642 } in "./tmp2/10/page_organization.rs"
verus succeeded with time: 88447ms, keeping it commented out
commenting out line Lines { lines: 146..=147 } in "./tmp2/15/commit_mask.rs"
verus failed with time: 89375ms, reverting
commenting out line Lines { lines: 1109..=1109 } in "./tmp2/8/bin_sizes.rs"
verus failed with time: 86091ms, reverting
commenting out line Lines { lines: 2644..=2644 } in "./tmp2/10/page_organization.rs"
verus failed with time: 84013ms, reverting
commenting out line Lines { lines: 1298..=1298 } in "./tmp2/13/linked_list.rs"
verus failed with time: 86284ms, reverting
commenting out line Lines { lines: 148..=148 } in "./tmp2/15/commit_mask.rs"
verus failed with time: 86674ms, reverting
commenting out line Lines { lines: 1107..=1111 } in "./tmp2/8/bin_sizes.rs"
verus failed with time: 86224ms, reverting
commenting out line Lines { lines: 1295..=1299 } in "./tmp2/13/linked_list.rs"
verus failed with time: 84426ms, reverting
commenting out line Lines { lines: 2646..=2646 } in "./tmp2/10/page_organization.rs"
verus succeeded with time: 90533ms, keeping it commented out
commenting out line Lines { lines: 152..=153 } in "./tmp2/15/commit_mask.rs"
verus failed with time: 85633ms, reverting
commenting out line Lines { lines: 1115..=1115 } in "./tmp2/8/bin_sizes.rs"
verus failed with time: 87397ms, reverting
commenting out line Lines { lines: 1306..=1306 } in "./tmp2/13/linked_list.rs"
verus succeeded with time: 91369ms, keeping it commented out
commenting out line Lines { lines: 2649..=2649 } in "./tmp2/10/page_organization.rs"
verus succeeded with time: 87747ms, keeping it commented out
commenting out line Lines { lines: 155..=156 } in "./tmp2/15/commit_mask.rs"
verus failed with time: 86576ms, reverting
commenting out line Lines { lines: 1114..=1116 } in "./tmp2/8/bin_sizes.rs"
verus succeeded with time: 89747ms, keeping it commented out
commenting out line Lines { lines: 1307..=1307 } in "./tmp2/13/linked_list.rs"
verus succeeded with time: 86763ms, keeping it commented out
commenting out line Lines { lines: 2650..=2650 } in "./tmp2/10/page_organization.rs"
verus succeeded with time: 87615ms, keeping it commented out
commenting out line Lines { lines: 168..=168 } in "./tmp2/15/commit_mask.rs"
verus failed with time: 84976ms, reverting
commenting out line Lines { lines: 1123..=1123 } in "./tmp2/8/bin_sizes.rs"
verus succeeded with time: 86781ms, keeping it commented out
commenting out line Lines { lines: 2636..=2653 } in "./tmp2/10/page_organization.rs"
verus failed with time: 82323ms, reverting
commenting out line Lines { lines: 1308..=1308 } in "./tmp2/13/linked_list.rs"
verus succeeded with time: 89992ms, keeping it commented out
commenting out line Lines { lines: 185..=185 } in "./tmp2/15/commit_mask.rs"
verus failed with time: 87640ms, reverting
commenting out line Lines { lines: 1127..=1127 } in "./tmp2/8/bin_sizes.rs"
verus succeeded with time: 87849ms, keeping it commented out
commenting out line Lines { lines: 2654..=2654 } in "./tmp2/10/page_organization.rs"
verus succeeded with time: 87886ms, keeping it commented out
commenting out line Lines { lines: 1309..=1309 } in "./tmp2/13/linked_list.rs"
verus succeeded with time: 87922ms, keeping it commented out
commenting out line Lines { lines: 186..=186 } in "./tmp2/15/commit_mask.rs"
verus failed with time: 84026ms, reverting
commenting out line Lines { lines: 1128..=1128 } in "./tmp2/8/bin_sizes.rs"
verus succeeded with time: 83460ms, keeping it commented out
commenting out line Lines { lines: 2658..=2658 } in "./tmp2/10/page_organization.rs"
verus succeeded with time: 90712ms, keeping it commented out
commenting out line Lines { lines: 1311..=1311 } in "./tmp2/13/linked_list.rs"
verus failed with time: 87392ms, reverting
commenting out line Lines { lines: 187..=188 } in "./tmp2/15/commit_mask.rs"
verus failed with time: 84405ms, reverting
commenting out line Lines { lines: 1140..=1140 } in "./tmp2/8/bin_sizes.rs"
verus succeeded with time: 85096ms, keeping it commented out
commenting out line Lines { lines: 1337..=1337 } in "./tmp2/13/linked_list.rs"
verus failed with time: 85752ms, reverting
commenting out line Lines { lines: 2662..=2662 } in "./tmp2/10/page_organization.rs"
verus succeeded with time: 89831ms, keeping it commented out
commenting out line Lines { lines: 189..=190 } in "./tmp2/15/commit_mask.rs"
verus failed with time: 88429ms, reverting
commenting out line Lines { lines: 1141..=1141 } in "./tmp2/8/bin_sizes.rs"
verus failed with time: 84583ms, reverting
commenting out line Lines { lines: 1340..=1340 } in "./tmp2/13/linked_list.rs"
verus failed with time: 84940ms, reverting
commenting out line Lines { lines: 2666..=2666 } in "./tmp2/10/page_organization.rs"
verus failed with time: 83263ms, reverting
commenting out line Lines { lines: 191..=192 } in "./tmp2/15/commit_mask.rs"
verus failed with time: 88564ms, reverting
commenting out line Lines { lines: 1142..=1147 } in "./tmp2/8/bin_sizes.rs"
verus failed with time: 85864ms, reverting
commenting out line Lines { lines: 2656..=2667 } in "./tmp2/10/page_organization.rs"
verus failed with time: 84911ms, reverting
commenting out line Lines { lines: 1386..=1387 } in "./tmp2/13/linked_list.rs"
verus failed with time: 88509ms, reverting
commenting out line Lines { lines: 223..=227 } in "./tmp2/15/commit_mask.rs"
verus failed with time: 91260ms, reverting
commenting out line Lines { lines: 1148..=1150 } in "./tmp2/8/bin_sizes.rs"
verus failed with time: 82613ms, reverting
commenting out line Lines { lines: 2668..=2668 } in "./tmp2/10/page_organization.rs"
verus succeeded with time: 89029ms, keeping it commented out
commenting out line Lines { lines: 1388..=1389 } in "./tmp2/13/linked_list.rs"
verus failed with time: 88227ms, reverting
commenting out line Lines { lines: 220..=228 } in "./tmp2/15/commit_mask.rs"
verus failed with time: 85459ms, reverting
commenting out line Lines { lines: 1151..=1151 } in "./tmp2/8/bin_sizes.rs"
verus failed with time: 86560ms, reverting
commenting out line Lines { lines: 2630..=2670 } in "./tmp2/10/page_organization.rs"
verus failed with time: 86736ms, reverting
commenting out line Lines { lines: 1401..=1401 } in "./tmp2/13/linked_list.rs"
verus failed with time: 86046ms, reverting
commenting out line Lines { lines: 1139..=1153 } in "./tmp2/8/bin_sizes.rs"
verus failed with time: 83092ms, reverting
commenting out line Lines { lines: 247..=247 } in "./tmp2/15/commit_mask.rs"
verus failed with time: 85458ms, reverting
commenting out line Lines { lines: 2674..=2674 } in "./tmp2/10/page_organization.rs"
verus failed with time: 87921ms, reverting
commenting out line Lines { lines: 1402..=1402 } in "./tmp2/13/linked_list.rs"
verus succeeded with time: 88484ms, keeping it commented out
commenting out line Lines { lines: 265..=265 } in "./tmp2/15/commit_mask.rs"
verus failed with time: 85638ms, reverting
commenting out line Lines { lines: 1154..=1154 } in "./tmp2/8/bin_sizes.rs"
verus succeeded with time: 87818ms, keeping it commented out
commenting out line Lines { lines: 2672..=2676 } in "./tmp2/10/page_organization.rs"
verus failed with time: 85114ms, reverting
commenting out line Lines { lines: 1398..=1404 } in "./tmp2/13/linked_list.rs"
verus failed with time: 85029ms, reverting
commenting out line Lines { lines: 292..=292 } in "./tmp2/15/commit_mask.rs"
verus failed with time: 87597ms, reverting
commenting out line Lines { lines: 1158..=1159 } in "./tmp2/8/bin_sizes.rs"
verus succeeded with time: 90407ms, keeping it commented out
commenting out line Lines { lines: 1414..=1414 } in "./tmp2/13/linked_list.rs"
verus failed with time: 87017ms, reverting
commenting out line Lines { lines: 2680..=2680 } in "./tmp2/10/page_organization.rs"
verus succeeded with time: 90244ms, keeping it commented out
commenting out line Lines { lines: 1163..=1163 } in "./tmp2/8/bin_sizes.rs"
verus failed with time: 83557ms, reverting
commenting out line Lines { lines: 302..=302 } in "./tmp2/15/commit_mask.rs"
verus succeeded with time: 87938ms, keeping it commented out
commenting out line Lines { lines: 2678..=2683 } in "./tmp2/10/page_organization.rs"
verus failed with time: 86686ms, reverting
commenting out line Lines { lines: 1415..=1415 } in "./tmp2/13/linked_list.rs"
verus succeeded with time: 89847ms, keeping it commented out
commenting out line Lines { lines: 323..=323 } in "./tmp2/15/commit_mask.rs"
verus failed with time: 85970ms, reverting
commenting out line Lines { lines: 1166..=1166 } in "./tmp2/8/bin_sizes.rs"
verus succeeded with time: 88586ms, keeping it commented out
commenting out line Lines { lines: 1411..=1417 } in "./tmp2/13/linked_list.rs"
verus failed with time: 86034ms, reverting
commenting out line Lines { lines: 2699..=2699 } in "./tmp2/10/page_organization.rs"
verus succeeded with time: 91073ms, keeping it commented out
commenting out line Lines { lines: 345..=345 } in "./tmp2/15/commit_mask.rs"
verus failed with time: 86492ms, reverting
commenting out line Lines { lines: 1167..=1167 } in "./tmp2/8/bin_sizes.rs"
verus succeeded with time: 85894ms, keeping it commented out
commenting out line Lines { lines: 1429..=1429 } in "./tmp2/13/linked_list.rs"
verus succeeded with time: 89096ms, keeping it commented out
commenting out line Lines { lines: 2701..=2701 } in "./tmp2/10/page_organization.rs"
verus succeeded with time: 87691ms, keeping it commented out
commenting out line Lines { lines: 367..=367 } in "./tmp2/15/commit_mask.rs"
verus failed with time: 83738ms, reverting
commenting out line Lines { lines: 1168..=1168 } in "./tmp2/8/bin_sizes.rs"
verus failed with time: 83681ms, reverting
commenting out line Lines { lines: 1431..=1431 } in "./tmp2/13/linked_list.rs"
verus succeeded with time: 92187ms, keeping it commented out
commenting out line Lines { lines: 2731..=2731 } in "./tmp2/10/page_organization.rs"
verus succeeded with time: 90758ms, keeping it commented out
commenting out line Lines { lines: 1246..=1246 } in "./tmp2/8/bin_sizes.rs"
verus failed with time: 82886ms, reverting
commenting out line Lines { lines: 389..=389 } in "./tmp2/15/commit_mask.rs"
verus failed with time: 85561ms, reverting
commenting out line Lines { lines: 1433..=1433 } in "./tmp2/13/linked_list.rs"
verus succeeded with time: 93093ms, keeping it commented out
commenting out line Lines { lines: 2735..=2735 } in "./tmp2/10/page_organization.rs"
verus succeeded with time: 94119ms, keeping it commented out
commenting out line Lines { lines: 390..=390 } in "./tmp2/15/commit_mask.rs"
verus failed with time: 84441ms, reverting
commenting out line Lines { lines: 1247..=1247 } in "./tmp2/8/bin_sizes.rs"
verus failed with time: 85243ms, reverting
commenting out line Lines { lines: 1439..=1439 } in "./tmp2/13/linked_list.rs"
verus succeeded with time: 93976ms, keeping it commented out
commenting out line Lines { lines: 2756..=2756 } in "./tmp2/10/page_organization.rs"
verus succeeded with time: 92893ms, keeping it commented out
commenting out line Lines { lines: 1249..=1249 } in "./tmp2/8/bin_sizes.rs"
verus failed with time: 88977ms, reverting
commenting out line Lines { lines: 392..=392 } in "./tmp2/15/commit_mask.rs"
verus succeeded with time: 94580ms, keeping it commented out
commenting out line Lines { lines: 2757..=2757 } in "./tmp2/10/page_organization.rs"
verus failed with time: 88116ms, reverting
commenting out line Lines { lines: 1460..=1461 } in "./tmp2/13/linked_list.rs"
verus failed with time: 89905ms, reverting
commenting out line Lines { lines: 1330..=1330 } in "./tmp2/8/bin_sizes.rs"
verus failed with time: 89421ms, reverting
commenting out line Lines { lines: 393..=393 } in "./tmp2/15/commit_mask.rs"
verus failed with time: 89993ms, reverting
commenting out line Lines { lines: 2761..=2761 } in "./tmp2/10/page_organization.rs"
verus succeeded with time: 91139ms, keeping it commented out
commenting out line Lines { lines: 1474..=1474 } in "./tmp2/13/linked_list.rs"
verus failed with time: 91220ms, reverting
commenting out line Lines { lines: 1331..=1331 } in "./tmp2/8/bin_sizes.rs"
verus succeeded with time: 93244ms, keeping it commented out
commenting out line Lines { lines: 395..=395 } in "./tmp2/15/commit_mask.rs"
verus failed with time: 87869ms, reverting
commenting out line Lines { lines: 2766..=2766 } in "./tmp2/10/page_organization.rs"
verus succeeded with time: 92626ms, keeping it commented out
commenting out line Lines { lines: 1475..=1475 } in "./tmp2/13/linked_list.rs"
verus succeeded with time: 92003ms, keeping it commented out
commenting out line Lines { lines: 394..=396 } in "./tmp2/15/commit_mask.rs"
verus failed with time: 89506ms, reverting
commenting out line Lines { lines: 1332..=1332 } in "./tmp2/8/bin_sizes.rs"
verus succeeded with time: 92253ms, keeping it commented out
commenting out line Lines { lines: 1471..=1477 } in "./tmp2/13/linked_list.rs"
verus failed with time: 91343ms, reverting
commenting out line Lines { lines: 2771..=2771 } in "./tmp2/10/page_organization.rs"
verus succeeded with time: 95409ms, keeping it commented out
commenting out line Lines { lines: 399..=399 } in "./tmp2/15/commit_mask.rs"
verus failed with time: 91560ms, reverting
commenting out line Lines { lines: 1335..=1335 } in "./tmp2/8/bin_sizes.rs"
verus failed with time: 89622ms, reverting
commenting out line Lines { lines: 1486..=1486 } in "./tmp2/13/linked_list.rs"
verus succeeded with time: 92675ms, keeping it commented out
commenting out line Lines { lines: 1337..=1337 } in "./tmp2/8/bin_sizes.rs"
verus failed with time: 90757ms, reverting
commenting out line Lines { lines: 2779..=2779 } in "./tmp2/10/page_organization.rs"
verus succeeded with time: 94586ms, keeping it commented out
commenting out line Lines { lines: 397..=400 } in "./tmp2/15/commit_mask.rs"
verus failed with time: 93149ms, reverting
commenting out line Lines { lines: 1488..=1488 } in "./tmp2/13/linked_list.rs"
verus succeeded with time: 94743ms, keeping it commented out
commenting out line Lines { lines: 2783..=2783 } in "./tmp2/10/page_organization.rs"
verus failed with time: 90808ms, reverting
commenting out line Lines { lines: 401..=401 } in "./tmp2/15/commit_mask.rs"
verus failed with time: 90889ms, reverting
commenting out line Lines { lines: 1341..=1341 } in "./tmp2/8/bin_sizes.rs"
verus succeeded with time: 94584ms, keeping it commented out
commenting out line Lines { lines: 1490..=1490 } in "./tmp2/13/linked_list.rs"
verus succeeded with time: 95305ms, keeping it commented out
commenting out line Lines { lines: 1343..=1343 } in "./tmp2/8/bin_sizes.rs"
verus failed with time: 90274ms, reverting
commenting out line Lines { lines: 417..=417 } in "./tmp2/15/commit_mask.rs"
verus failed with time: 92637ms, reverting
commenting out line Lines { lines: 2785..=2785 } in "./tmp2/10/page_organization.rs"
verus succeeded with time: 96318ms, keeping it commented out
commenting out line Lines { lines: 1345..=1345 } in "./tmp2/8/bin_sizes.rs"
verus failed with time: 92084ms, reverting
minimization of ./tmp2/8/bin_sizes.rs is completed
minimization of ./tmp2/16/arena.rs is completed
minimization of ./tmp2/17/alloc_fast.rs is completed
commenting out line Lines { lines: 414..=419 } in "./tmp2/15/commit_mask.rs"
verus failed with time: 92854ms, reverting
commenting out line Lines { lines: 1496..=1496 } in "./tmp2/13/linked_list.rs"
verus succeeded with time: 96153ms, keeping it commented out
commenting out line Lines { lines: 2787..=2787 } in "./tmp2/10/page_organization.rs"
verus succeeded with time: 93916ms, keeping it commented out
commenting out line Lines { lines: 424..=424 } in "./tmp2/15/commit_mask.rs"
verus failed with time: 88870ms, reverting
commenting out line Lines { lines: 175..=176 } in "./tmp2/18/alloc_generic.rs"
verus failed with time: 91192ms, reverting
commenting out line Lines { lines: 1658..=1659 } in "./tmp2/13/linked_list.rs"
verus succeeded with time: 95167ms, keeping it commented out
commenting out line Lines { lines: 2789..=2789 } in "./tmp2/10/page_organization.rs"
verus succeeded with time: 94906ms, keeping it commented out
commenting out line Lines { lines: 177..=178 } in "./tmp2/18/alloc_generic.rs"
verus failed with time: 87914ms, reverting
commenting out line Lines { lines: 429..=429 } in "./tmp2/15/commit_mask.rs"
verus failed with time: 90842ms, reverting
commenting out line Lines { lines: 2115..=2115 } in "./tmp2/13/linked_list.rs"
verus failed with time: 90759ms, reverting
commenting out line Lines { lines: 2791..=2791 } in "./tmp2/10/page_organization.rs"
verus succeeded with time: 94658ms, keeping it commented out
commenting out line Lines { lines: 179..=180 } in "./tmp2/18/alloc_generic.rs"
verus failed with time: 85844ms, reverting
commenting out line Lines { lines: 439..=442 } in "./tmp2/15/commit_mask.rs"
verus succeeded with time: 92550ms, keeping it commented out
commenting out line Lines { lines: 2113..=2116 } in "./tmp2/13/linked_list.rs"
verus failed with time: 89003ms, reverting
commenting out line Lines { lines: 2792..=2792 } in "./tmp2/10/page_organization.rs"
verus succeeded with time: 92897ms, keeping it commented out
commenting out line Lines { lines: 204..=204 } in "./tmp2/18/alloc_generic.rs"
verus succeeded with time: 91724ms, keeping it commented out
commenting out line Lines { lines: 448..=448 } in "./tmp2/15/commit_mask.rs"
verus failed with time: 88483ms, reverting
commenting out line Lines { lines: 2154..=2154 } in "./tmp2/13/linked_list.rs"
verus failed with time: 87841ms, reverting
commenting out line Lines { lines: 2797..=2797 } in "./tmp2/10/page_organization.rs"
verus succeeded with time: 91697ms, keeping it commented out
commenting out line Lines { lines: 206..=206 } in "./tmp2/18/alloc_generic.rs"
verus succeeded with time: 92992ms, keeping it commented out
commenting out line Lines { lines: 460..=460 } in "./tmp2/15/commit_mask.rs"
verus failed with time: 89442ms, reverting
commenting out line Lines { lines: 2170..=2170 } in "./tmp2/13/linked_list.rs"
verus failed with time: 88917ms, reverting
commenting out line Lines { lines: 2801..=2801 } in "./tmp2/10/page_organization.rs"
verus succeeded with time: 91887ms, keeping it commented out
commenting out line Lines { lines: 2172..=2172 } in "./tmp2/13/linked_list.rs"
verus failed with time: 87491ms, reverting
commenting out line Lines { lines: 466..=466 } in "./tmp2/15/commit_mask.rs"
verus succeeded with time: 93587ms, keeping it commented out
commenting out line Lines { lines: 230..=233 } in "./tmp2/18/alloc_generic.rs"
verus succeeded with time: 96182ms, keeping it commented out
commenting out line Lines { lines: 2809..=2809 } in "./tmp2/10/page_organization.rs"
verus succeeded with time: 90234ms, keeping it commented out
commenting out line Lines { lines: 2187..=2187 } in "./tmp2/13/linked_list.rs"
verus failed with time: 86508ms, reverting
commenting out line Lines { lines: 235..=236 } in "./tmp2/18/alloc_generic.rs"
verus failed with time: 88620ms, reverting
commenting out line Lines { lines: 470..=471 } in "./tmp2/15/commit_mask.rs"
verus succeeded with time: 93527ms, keeping it commented out
commenting out line Lines { lines: 2814..=2814 } in "./tmp2/10/page_organization.rs"
verus failed with time: 88708ms, reverting
commenting out line Lines { lines: 2204..=2205 } in "./tmp2/13/linked_list.rs"
verus failed with time: 89323ms, reverting
minimization of ./tmp2/13/linked_list.rs is completed
commenting out line Lines { lines: 269..=270 } in "./tmp2/18/alloc_generic.rs"
verus succeeded with time: 93496ms, keeping it commented out
commenting out line Lines { lines: 473..=473 } in "./tmp2/15/commit_mask.rs"
verus succeeded with time: 93484ms, keeping it commented out
commenting out line Lines { lines: 2816..=2816 } in "./tmp2/10/page_organization.rs"
verus succeeded with time: 94624ms, keeping it commented out
commenting out line Lines { lines: 161..=161 } in "./tmp2/19/free.rs"
verus succeeded with time: 91652ms, keeping it commented out
commenting out line Lines { lines: 273..=274 } in "./tmp2/18/alloc_generic.rs"
verus failed with time: 90113ms, reverting
commenting out line Lines { lines: 480..=480 } in "./tmp2/15/commit_mask.rs"
verus succeeded with time: 94762ms, keeping it commented out
commenting out line Lines { lines: 2818..=2818 } in "./tmp2/10/page_organization.rs"
verus succeeded with time: 89795ms, keeping it commented out
commenting out line Lines { lines: 575..=575 } in "./tmp2/19/free.rs"
verus succeeded with time: 93353ms, keeping it commented out
minimization of ./tmp2/19/free.rs is completed
minimization of ./tmp2/20/realloc.rs is completed
commenting out line Lines { lines: 261..=289 } in "./tmp2/18/alloc_generic.rs"
verus failed with time: 87714ms, reverting
commenting out line Lines { lines: 483..=483 } in "./tmp2/15/commit_mask.rs"
verus failed with time: 88135ms, reverting
commenting out line Lines { lines: 2762..=2821 } in "./tmp2/10/page_organization.rs"
verus failed with time: 85183ms, reverting
commenting out line Lines { lines: 138..=138 } in "./tmp2/21/segment.rs"
verus succeeded with time: 92435ms, keeping it commented out
commenting out line Lines { lines: 325..=325 } in "./tmp2/18/alloc_generic.rs"
verus succeeded with time: 95961ms, keeping it commented out
commenting out line Lines { lines: 481..=484 } in "./tmp2/15/commit_mask.rs"
verus failed with time: 89833ms, reverting
commenting out line Lines { lines: 2822..=2822 } in "./tmp2/10/page_organization.rs"
verus succeeded with time: 92095ms, keeping it commented out
commenting out line Lines { lines: 143..=143 } in "./tmp2/21/segment.rs"
verus succeeded with time: 93349ms, keeping it commented out
commenting out line Lines { lines: 475..=485 } in "./tmp2/15/commit_mask.rs"
verus failed with time: 90370ms, reverting
commenting out line Lines { lines: 326..=326 } in "./tmp2/18/alloc_generic.rs"
verus succeeded with time: 94488ms, keeping it commented out
commenting out line Lines { lines: 2830..=2830 } in "./tmp2/10/page_organization.rs"
verus succeeded with time: 93291ms, keeping it commented out
commenting out line Lines { lines: 144..=144 } in "./tmp2/21/segment.rs"
verus succeeded with time: 93134ms, keeping it commented out
commenting out line Lines { lines: 486..=487 } in "./tmp2/15/commit_mask.rs"
verus succeeded with time: 93473ms, keeping it commented out
commenting out line Lines { lines: 327..=327 } in "./tmp2/18/alloc_generic.rs"
verus succeeded with time: 96573ms, keeping it commented out
commenting out line Lines { lines: 2837..=2837 } in "./tmp2/10/page_organization.rs"
verus succeeded with time: 90511ms, keeping it commented out
commenting out line Lines { lines: 145..=145 } in "./tmp2/21/segment.rs"
verus succeeded with time: 95054ms, keeping it commented out
commenting out line Lines { lines: 489..=489 } in "./tmp2/15/commit_mask.rs"
verus succeeded with time: 95454ms, keeping it commented out
commenting out line Lines { lines: 319..=331 } in "./tmp2/18/alloc_generic.rs"
verus failed with time: 91100ms, reverting
commenting out line Lines { lines: 2841..=2841 } in "./tmp2/10/page_organization.rs"
verus failed with time: 88097ms, reverting
commenting out line Lines { lines: 497..=497 } in "./tmp2/15/commit_mask.rs"
verus failed with time: 91658ms, reverting
commenting out line Lines { lines: 146..=146 } in "./tmp2/21/segment.rs"
verus succeeded with time: 96831ms, keeping it commented out
commenting out line Lines { lines: 350..=351 } in "./tmp2/18/alloc_generic.rs"
verus failed with time: 92713ms, reverting
commenting out line Lines { lines: 2824..=2842 } in "./tmp2/10/page_organization.rs"
verus failed with time: 91332ms, reverting
commenting out line Lines { lines: 496..=498 } in "./tmp2/15/commit_mask.rs"
verus failed with time: 90901ms, reverting
commenting out line Lines { lines: 332..=364 } in "./tmp2/18/alloc_generic.rs"
verus failed with time: 92911ms, reverting
commenting out line Lines { lines: 148..=148 } in "./tmp2/21/segment.rs"
verus succeeded with time: 95639ms, keeping it commented out
commenting out line Lines { lines: 2843..=2843 } in "./tmp2/10/page_organization.rs"
verus succeeded with time: 95667ms, keeping it commented out
commenting out line Lines { lines: 491..=499 } in "./tmp2/15/commit_mask.rs"
verus failed with time: 92105ms, reverting
commenting out line Lines { lines: 2754..=2845 } in "./tmp2/10/page_organization.rs"
verus failed with time: 88707ms, reverting
commenting out line Lines { lines: 419..=419 } in "./tmp2/18/alloc_generic.rs"
verus succeeded with time: 93847ms, keeping it commented out
commenting out line Lines { lines: 142..=149 } in "./tmp2/21/segment.rs"
verus succeeded with time: 95103ms, keeping it commented out
commenting out line Lines { lines: 2868..=2868 } in "./tmp2/10/page_organization.rs"
verus succeeded with time: 94554ms, keeping it commented out
commenting out line Lines { lines: 500..=501 } in "./tmp2/15/commit_mask.rs"
verus succeeded with time: 97891ms, keeping it commented out
commenting out line Lines { lines: 422..=422 } in "./tmp2/18/alloc_generic.rs"
verus succeeded with time: 94026ms, keeping it commented out
minimization of ./tmp2/18/alloc_generic.rs is completed
commenting out line Lines { lines: 150..=150 } in "./tmp2/21/segment.rs"
verus succeeded with time: 94497ms, keeping it commented out
commenting out line Lines { lines: 2871..=2871 } in "./tmp2/10/page_organization.rs"
verus succeeded with time: 95098ms, keeping it commented out
commenting out line Lines { lines: 504..=506 } in "./tmp2/15/commit_mask.rs"
verus succeeded with time: 96292ms, keeping it commented out
commenting out line Lines { lines: 111..=111 } in "./tmp2/22/commit_segment.rs"
verus succeeded with time: 96324ms, keeping it commented out
commenting out line Lines { lines: 257..=257 } in "./tmp2/21/segment.rs"
verus succeeded with time: 95215ms, keeping it commented out
commenting out line Lines { lines: 2859..=2873 } in "./tmp2/10/page_organization.rs"
verus failed with time: 90887ms, reverting
commenting out line Lines { lines: 507..=507 } in "./tmp2/15/commit_mask.rs"
verus succeeded with time: 96530ms, keeping it commented out
commenting out line Lines { lines: 112..=112 } in "./tmp2/22/commit_segment.rs"
verus succeeded with time: 95598ms, keeping it commented out
commenting out line Lines { lines: 263..=263 } in "./tmp2/21/segment.rs"
verus succeeded with time: 94366ms, keeping it commented out
commenting out line Lines { lines: 2913..=2913 } in "./tmp2/10/page_organization.rs"
verus succeeded with time: 95384ms, keeping it commented out
commenting out line Lines { lines: 515..=515 } in "./tmp2/15/commit_mask.rs"
verus failed with time: 92556ms, reverting
commenting out line Lines { lines: 114..=114 } in "./tmp2/22/commit_segment.rs"
verus succeeded with time: 93556ms, keeping it commented out
commenting out line Lines { lines: 272..=272 } in "./tmp2/21/segment.rs"
verus succeeded with time: 96862ms, keeping it commented out
commenting out line Lines { lines: 514..=516 } in "./tmp2/15/commit_mask.rs"
verus failed with time: 90185ms, reverting
commenting out line Lines { lines: 2915..=2915 } in "./tmp2/10/page_organization.rs"
verus succeeded with time: 95595ms, keeping it commented out
commenting out line Lines { lines: 116..=116 } in "./tmp2/22/commit_segment.rs"
verus succeeded with time: 93822ms, keeping it commented out
commenting out line Lines { lines: 298..=298 } in "./tmp2/21/segment.rs"
verus succeeded with time: 94163ms, keeping it commented out
commenting out line Lines { lines: 509..=517 } in "./tmp2/15/commit_mask.rs"
verus failed with time: 89489ms, reverting
commenting out line Lines { lines: 2917..=2917 } in "./tmp2/10/page_organization.rs"
verus succeeded with time: 94761ms, keeping it commented out
commenting out line Lines { lines: 117..=117 } in "./tmp2/22/commit_segment.rs"
verus succeeded with time: 96658ms, keeping it commented out
commenting out line Lines { lines: 614..=614 } in "./tmp2/21/segment.rs"
verus succeeded with time: 96192ms, keeping it commented out
commenting out line Lines { lines: 518..=519 } in "./tmp2/15/commit_mask.rs"
verus succeeded with time: 91404ms, keeping it commented out
commenting out line Lines { lines: 2920..=2920 } in "./tmp2/10/page_organization.rs"
verus succeeded with time: 92906ms, keeping it commented out
commenting out line Lines { lines: 772..=772 } in "./tmp2/21/segment.rs"
verus failed with time: 89901ms, reverting
commenting out line Lines { lines: 118..=118 } in "./tmp2/22/commit_segment.rs"
verus succeeded with time: 93888ms, keeping it commented out
commenting out line Lines { lines: 521..=523 } in "./tmp2/15/commit_mask.rs"
verus succeeded with time: 92968ms, keeping it commented out
commenting out line Lines { lines: 2966..=2966 } in "./tmp2/10/page_organization.rs"
verus succeeded with time: 91788ms, keeping it commented out
commenting out line Lines { lines: 770..=773 } in "./tmp2/21/segment.rs"
verus failed with time: 88570ms, reverting
commenting out line Lines { lines: 120..=120 } in "./tmp2/22/commit_segment.rs"
verus succeeded with time: 90809ms, keeping it commented out
commenting out line Lines { lines: 524..=524 } in "./tmp2/15/commit_mask.rs"
verus succeeded with time: 93759ms, keeping it commented out
commenting out line Lines { lines: 833..=833 } in "./tmp2/21/segment.rs"
verus failed with time: 91610ms, reverting
commenting out line Lines { lines: 2967..=2967 } in "./tmp2/10/page_organization.rs"
verus succeeded with time: 95928ms, keeping it commented out
commenting out line Lines { lines: 122..=122 } in "./tmp2/22/commit_segment.rs"
verus succeeded with time: 92210ms, keeping it commented out
commenting out line Lines { lines: 532..=532 } in "./tmp2/15/commit_mask.rs"
verus failed with time: 90402ms, reverting
commenting out line Lines { lines: 2980..=2980 } in "./tmp2/10/page_organization.rs"
verus succeeded with time: 93771ms, keeping it commented out
commenting out line Lines { lines: 1143..=1146 } in "./tmp2/21/segment.rs"
verus succeeded with time: 95176ms, keeping it commented out
commenting out line Lines { lines: 123..=123 } in "./tmp2/22/commit_segment.rs"
verus succeeded with time: 95065ms, keeping it commented out
commenting out line Lines { lines: 531..=533 } in "./tmp2/15/commit_mask.rs"
verus failed with time: 85713ms, reverting
commenting out line Lines { lines: 2978..=2983 } in "./tmp2/10/page_organization.rs"
verus failed with time: 89641ms, reverting
commenting out line Lines { lines: 126..=126 } in "./tmp2/22/commit_segment.rs"
verus failed with time: 91604ms, reverting
commenting out line Lines { lines: 1149..=1149 } in "./tmp2/21/segment.rs"
verus succeeded with time: 95458ms, keeping it commented out
commenting out line Lines { lines: 526..=534 } in "./tmp2/15/commit_mask.rs"
verus failed with time: 86176ms, reverting
commenting out line Lines { lines: 2996..=2996 } in "./tmp2/10/page_organization.rs"
verus succeeded with time: 95154ms, keeping it commented out
commenting out line Lines { lines: 1273..=1273 } in "./tmp2/21/segment.rs"
verus failed with time: 89287ms, reverting
commenting out line Lines { lines: 186..=186 } in "./tmp2/22/commit_segment.rs"
verus succeeded with time: 92889ms, keeping it commented out
commenting out line Lines { lines: 535..=536 } in "./tmp2/15/commit_mask.rs"
verus succeeded with time: 89199ms, keeping it commented out
commenting out line Lines { lines: 1292..=1302 } in "./tmp2/21/segment.rs"
verus failed with time: 89136ms, reverting
commenting out line Lines { lines: 2999..=2999 } in "./tmp2/10/page_organization.rs"
verus succeeded with time: 92236ms, keeping it commented out
commenting out line Lines { lines: 187..=187 } in "./tmp2/22/commit_segment.rs"
verus succeeded with time: 91737ms, keeping it commented out
commenting out line Lines { lines: 539..=539 } in "./tmp2/15/commit_mask.rs"
verus failed with time: 84961ms, reverting
commenting out line Lines { lines: 1492..=1495 } in "./tmp2/21/segment.rs"
verus failed with time: 89317ms, reverting
commenting out line Lines { lines: 3001..=3001 } in "./tmp2/10/page_organization.rs"
verus succeeded with time: 89522ms, keeping it commented out
commenting out line Lines { lines: 188..=188 } in "./tmp2/22/commit_segment.rs"
verus succeeded with time: 91994ms, keeping it commented out
commenting out line Lines { lines: 557..=557 } in "./tmp2/15/commit_mask.rs"
verus failed with time: 92389ms, reverting
commenting out line Lines { lines: 1496..=1496 } in "./tmp2/21/segment.rs"
verus succeeded with time: 91017ms, keeping it commented out
commenting out line Lines { lines: 2988..=3002 } in "./tmp2/10/page_organization.rs"
verus failed with time: 88804ms, reverting
commenting out line Lines { lines: 206..=206 } in "./tmp2/22/commit_segment.rs"
verus succeeded with time: 94530ms, keeping it commented out
commenting out line Lines { lines: 579..=579 } in "./tmp2/15/commit_mask.rs"
verus failed with time: 78696ms, reverting
commenting out line Lines { lines: 1767..=1767 } in "./tmp2/21/segment.rs"
verus succeeded with time: 89816ms, keeping it commented out
commenting out line Lines { lines: 3003..=3003 } in "./tmp2/10/page_organization.rs"
verus succeeded with time: 91180ms, keeping it commented out
commenting out line Lines { lines: 207..=211 } in "./tmp2/22/commit_segment.rs"
verus failed with time: 89224ms, reverting
commenting out line Lines { lines: 578..=580 } in "./tmp2/15/commit_mask.rs"
verus failed with time: 87205ms, reverting
commenting out line Lines { lines: 1852..=1852 } in "./tmp2/21/segment.rs"
verus failed with time: 85499ms, reverting
commenting out line Lines { lines: 3025..=3025 } in "./tmp2/10/page_organization.rs"
verus succeeded with time: 91729ms, keeping it commented out
commenting out line Lines { lines: 212..=212 } in "./tmp2/22/commit_segment.rs"
verus succeeded with time: 93278ms, keeping it commented out
commenting out line Lines { lines: 581..=581 } in "./tmp2/15/commit_mask.rs"
verus succeeded with time: 92887ms, keeping it commented out
commenting out line Lines { lines: 1859..=1859 } in "./tmp2/21/segment.rs"
verus succeeded with time: 85007ms, keeping it commented out
commenting out line Lines { lines: 3026..=3026 } in "./tmp2/10/page_organization.rs"
verus failed with time: 83907ms, reverting
commenting out line Lines { lines: 249..=249 } in "./tmp2/22/commit_segment.rs"
verus failed with time: 86272ms, reverting
commenting out line Lines { lines: 582..=582 } in "./tmp2/15/commit_mask.rs"
verus failed with time: 85539ms, reverting
commenting out line Lines { lines: 1860..=1860 } in "./tmp2/21/segment.rs"
verus succeeded with time: 91790ms, keeping it commented out
commenting out line Lines { lines: 3030..=3030 } in "./tmp2/10/page_organization.rs"
verus succeeded with time: 90759ms, keeping it commented out
commenting out line Lines { lines: 250..=250 } in "./tmp2/22/commit_segment.rs"
verus failed with time: 90185ms, reverting
commenting out line Lines { lines: 608..=609 } in "./tmp2/15/commit_mask.rs"
verus succeeded with time: 90623ms, keeping it commented out
commenting out line Lines { lines: 1861..=1861 } in "./tmp2/21/segment.rs"
verus succeeded with time: 89773ms, keeping it commented out
commenting out line Lines { lines: 3035..=3035 } in "./tmp2/10/page_organization.rs"
verus succeeded with time: 87686ms, keeping it commented out
commenting out line Lines { lines: 252..=252 } in "./tmp2/22/commit_segment.rs"
verus succeeded with time: 92722ms, keeping it commented out
commenting out line Lines { lines: 629..=630 } in "./tmp2/15/commit_mask.rs"
verus failed with time: 87101ms, reverting
commenting out line Lines { lines: 1862..=1862 } in "./tmp2/21/segment.rs"
verus failed with time: 86852ms, reverting
commenting out line Lines { lines: 3040..=3040 } in "./tmp2/10/page_organization.rs"
verus succeeded with time: 88527ms, keeping it commented out
commenting out line Lines { lines: 253..=257 } in "./tmp2/22/commit_segment.rs"
verus failed with time: 85624ms, reverting
commenting out line Lines { lines: 631..=631 } in "./tmp2/15/commit_mask.rs"
verus failed with time: 83426ms, reverting
commenting out line Lines { lines: 1856..=1863 } in "./tmp2/21/segment.rs"
verus failed with time: 83299ms, reverting
commenting out line Lines { lines: 3048..=3048 } in "./tmp2/10/page_organization.rs"
verus succeeded with time: 90225ms, keeping it commented out
commenting out line Lines { lines: 258..=258 } in "./tmp2/22/commit_segment.rs"
verus succeeded with time: 98040ms, keeping it commented out
commenting out line Lines { lines: 632..=632 } in "./tmp2/15/commit_mask.rs"
verus failed with time: 81700ms, reverting
commenting out line Lines { lines: 1990..=1990 } in "./tmp2/21/segment.rs"
verus succeeded with time: 88317ms, keeping it commented out
commenting out line Lines { lines: 3052..=3052 } in "./tmp2/10/page_organization.rs"
verus failed with time: 81480ms, reverting
commenting out line Lines { lines: 263..=263 } in "./tmp2/22/commit_segment.rs"
verus succeeded with time: 91924ms, keeping it commented out
commenting out line Lines { lines: 636..=636 } in "./tmp2/15/commit_mask.rs"
verus failed with time: 86711ms, reverting
commenting out line Lines { lines: 2140..=2140 } in "./tmp2/21/segment.rs"
verus succeeded with time: 89768ms, keeping it commented out
minimization of ./tmp2/21/segment.rs is completed
commenting out line Lines { lines: 3054..=3054 } in "./tmp2/10/page_organization.rs"
verus succeeded with time: 86307ms, keeping it commented out
commenting out line Lines { lines: 265..=265 } in "./tmp2/22/commit_segment.rs"
verus succeeded with time: 89012ms, keeping it commented out
commenting out line Lines { lines: 649..=650 } in "./tmp2/15/commit_mask.rs"
verus succeeded with time: 89140ms, keeping it commented out
commenting out line Lines { lines: 70..=70 } in "./tmp2/23/os_commit.rs"
verus succeeded with time: 86271ms, keeping it commented out
commenting out line Lines { lines: 3056..=3056 } in "./tmp2/10/page_organization.rs"
verus succeeded with time: 85352ms, keeping it commented out
commenting out line Lines { lines: 676..=676 } in "./tmp2/15/commit_mask.rs"
verus failed with time: 83802ms, reverting
commenting out line Lines { lines: 260..=267 } in "./tmp2/22/commit_segment.rs"
verus succeeded with time: 90869ms, keeping it commented out
commenting out line Lines { lines: 75..=75 } in "./tmp2/23/os_commit.rs"
verus succeeded with time: 88195ms, keeping it commented out
commenting out line Lines { lines: 3058..=3058 } in "./tmp2/10/page_organization.rs"
verus succeeded with time: 87029ms, keeping it commented out
commenting out line Lines { lines: 678..=678 } in "./tmp2/15/commit_mask.rs"
verus failed with time: 85640ms, reverting
commenting out line Lines { lines: 268..=268 } in "./tmp2/22/commit_segment.rs"
verus failed with time: 83861ms, reverting
commenting out line Lines { lines: 76..=76 } in "./tmp2/23/os_commit.rs"
verus failed with time: 86785ms, reverting
commenting out line Lines { lines: 3060..=3060 } in "./tmp2/10/page_organization.rs"
verus succeeded with time: 89916ms, keeping it commented out
commenting out line Lines { lines: 679..=679 } in "./tmp2/15/commit_mask.rs"
verus failed with time: 85018ms, reverting
commenting out line Lines { lines: 270..=274 } in "./tmp2/22/commit_segment.rs"
verus failed with time: 84898ms, reverting
commenting out line Lines { lines: 77..=77 } in "./tmp2/23/os_commit.rs"
verus succeeded with time: 87445ms, keeping it commented out
commenting out line Lines { lines: 3061..=3061 } in "./tmp2/10/page_organization.rs"
verus succeeded with time: 88993ms, keeping it commented out
commenting out line Lines { lines: 685..=685 } in "./tmp2/15/commit_mask.rs"
verus failed with time: 85828ms, reverting
commenting out line Lines { lines: 278..=283 } in "./tmp2/22/commit_segment.rs"
verus failed with time: 84491ms, reverting
commenting out line Lines { lines: 79..=79 } in "./tmp2/23/os_commit.rs"
verus succeeded with time: 93181ms, keeping it commented out
commenting out line Lines { lines: 3066..=3066 } in "./tmp2/10/page_organization.rs"
verus succeeded with time: 91335ms, keeping it commented out
commenting out line Lines { lines: 284..=287 } in "./tmp2/22/commit_segment.rs"
verus failed with time: 83440ms, reverting
commenting out line Lines { lines: 696..=696 } in "./tmp2/15/commit_mask.rs"
verus failed with time: 83935ms, reverting
commenting out line Lines { lines: 71..=81 } in "./tmp2/23/os_commit.rs"
verus failed with time: 86242ms, reverting
commenting out line Lines { lines: 3070..=3070 } in "./tmp2/10/page_organization.rs"
verus succeeded with time: 87091ms, keeping it commented out
commenting out line Lines { lines: 288..=292 } in "./tmp2/22/commit_segment.rs"
verus failed with time: 86229ms, reverting
commenting out line Lines { lines: 707..=707 } in "./tmp2/15/commit_mask.rs"
verus failed with time: 86301ms, reverting
commenting out line Lines { lines: 105..=105 } in "./tmp2/23/os_commit.rs"
verus succeeded with time: 89305ms, keeping it commented out
commenting out line Lines { lines: 3078..=3078 } in "./tmp2/10/page_organization.rs"
verus succeeded with time: 88098ms, keeping it commented out
commenting out line Lines { lines: 705..=708 } in "./tmp2/15/commit_mask.rs"
verus failed with time: 84425ms, reverting
commenting out line Lines { lines: 295..=295 } in "./tmp2/22/commit_segment.rs"
verus succeeded with time: 91190ms, keeping it commented out
commenting out line Lines { lines: 3083..=3083 } in "./tmp2/10/page_organization.rs"
verus failed with time: 81927ms, reverting
commenting out line Lines { lines: 216..=216 } in "./tmp2/23/os_commit.rs"
verus succeeded with time: 87154ms, keeping it commented out
minimization of ./tmp2/23/os_commit.rs is completed
commenting out line Lines { lines: 726..=726 } in "./tmp2/15/commit_mask.rs"
verus failed with time: 88172ms, reverting
commenting out line Lines { lines: 297..=297 } in "./tmp2/22/commit_segment.rs"
verus succeeded with time: 92054ms, keeping it commented out
commenting out line Lines { lines: 3085..=3085 } in "./tmp2/10/page_organization.rs"
verus succeeded with time: 89109ms, keeping it commented out
commenting out line Lines { lines: 92..=92 } in "./tmp2/24/os_alloc.rs"
verus succeeded with time: 89474ms, keeping it commented out
commenting out line Lines { lines: 735..=735 } in "./tmp2/15/commit_mask.rs"
verus failed with time: 85791ms, reverting
commenting out line Lines { lines: 394..=394 } in "./tmp2/22/commit_segment.rs"
verus succeeded with time: 88151ms, keeping it commented out
commenting out line Lines { lines: 3087..=3087 } in "./tmp2/10/page_organization.rs"
verus succeeded with time: 87787ms, keeping it commented out
commenting out line Lines { lines: 93..=93 } in "./tmp2/24/os_alloc.rs"
verus succeeded with time: 89035ms, keeping it commented out
commenting out line Lines { lines: 753..=753 } in "./tmp2/15/commit_mask.rs"
verus failed with time: 86554ms, reverting
commenting out line Lines { lines: 405..=406 } in "./tmp2/22/commit_segment.rs"
verus succeeded with time: 93288ms, keeping it commented out
commenting out line Lines { lines: 3031..=3090 } in "./tmp2/10/page_organization.rs"
verus failed with time: 82041ms, reverting
commenting out line Lines { lines: 94..=94 } in "./tmp2/24/os_alloc.rs"
verus succeeded with time: 88520ms, keeping it commented out
commenting out line Lines { lines: 754..=754 } in "./tmp2/15/commit_mask.rs"
verus succeeded with time: 90421ms, keeping it commented out
commenting out line Lines { lines: 407..=408 } in "./tmp2/22/commit_segment.rs"
verus failed with time: 88329ms, reverting
commenting out line Lines { lines: 3091..=3091 } in "./tmp2/10/page_organization.rs"
verus succeeded with time: 91965ms, keeping it commented out
commenting out line Lines { lines: 131..=131 } in "./tmp2/24/os_alloc.rs"
verus succeeded with time: 89449ms, keeping it commented out
commenting out line Lines { lines: 769..=769 } in "./tmp2/15/commit_mask.rs"
verus succeeded with time: 90127ms, keeping it commented out
commenting out line Lines { lines: 409..=410 } in "./tmp2/22/commit_segment.rs"
verus failed with time: 83934ms, reverting
commenting out line Lines { lines: 3099..=3099 } in "./tmp2/10/page_organization.rs"
verus succeeded with time: 90084ms, keeping it commented out
commenting out line Lines { lines: 132..=132 } in "./tmp2/24/os_alloc.rs"
verus succeeded with time: 90500ms, keeping it commented out
minimization of ./tmp2/24/os_alloc.rs is completed
commenting out line Lines { lines: 770..=770 } in "./tmp2/15/commit_mask.rs"
verus succeeded with time: 92186ms, keeping it commented out
commenting out line Lines { lines: 411..=411 } in "./tmp2/22/commit_segment.rs"
verus succeeded with time: 87164ms, keeping it commented out
commenting out line Lines { lines: 3106..=3106 } in "./tmp2/10/page_organization.rs"
verus succeeded with time: 89128ms, keeping it commented out
commenting out line Lines { lines: 289..=289 } in "./tmp2/25/page.rs"
verus succeeded with time: 86820ms, keeping it commented out
commenting out line Lines { lines: 771..=771 } in "./tmp2/15/commit_mask.rs"
verus succeeded with time: 89428ms, keeping it commented out
commenting out line Lines { lines: 418..=425 } in "./tmp2/22/commit_segment.rs"
verus succeeded with time: 88046ms, keeping it commented out
commenting out line Lines { lines: 3110..=3110 } in "./tmp2/10/page_organization.rs"
verus failed with time: 85305ms, reverting
commenting out line Lines { lines: 290..=290 } in "./tmp2/25/page.rs"
verus failed with time: 86159ms, reverting
commenting out line Lines { lines: 772..=772 } in "./tmp2/15/commit_mask.rs"
verus succeeded with time: 92095ms, keeping it commented out
commenting out line Lines { lines: 426..=426 } in "./tmp2/22/commit_segment.rs"
verus succeeded with time: 91170ms, keeping it commented out
commenting out line Lines { lines: 3093..=3111 } in "./tmp2/10/page_organization.rs"
verus failed with time: 84904ms, reverting
commenting out line Lines { lines: 288..=291 } in "./tmp2/25/page.rs"
verus failed with time: 84688ms, reverting
commenting out line Lines { lines: 773..=773 } in "./tmp2/15/commit_mask.rs"
verus failed with time: 85844ms, reverting
commenting out line Lines { lines: 427..=427 } in "./tmp2/22/commit_segment.rs"
verus succeeded with time: 87839ms, keeping it commented out
minimization of ./tmp2/22/commit_segment.rs is completed
commenting out line Lines { lines: 3112..=3112 } in "./tmp2/10/page_organization.rs"
verus succeeded with time: 87188ms, keeping it commented out
commenting out line Lines { lines: 301..=301 } in "./tmp2/25/page.rs"
verus succeeded with time: 87820ms, keeping it commented out
commenting out line Lines { lines: 764..=774 } in "./tmp2/15/commit_mask.rs"
verus failed with time: 86521ms, reverting
commenting out line Lines { lines: 132..=157 } in "./tmp2/26/queues.rs"
verus failed with time: 82662ms, reverting
commenting out line Lines { lines: 3023..=3114 } in "./tmp2/10/page_organization.rs"
verus failed with time: 82252ms, reverting
commenting out line Lines { lines: 302..=302 } in "./tmp2/25/page.rs"
verus succeeded with time: 91740ms, keeping it commented out
commenting out line Lines { lines: 775..=775 } in "./tmp2/15/commit_mask.rs"
verus failed with time: 84894ms, reverting
minimization of ./tmp2/15/commit_mask.rs is completed
commenting out line Lines { lines: 173..=195 } in "./tmp2/26/queues.rs"
verus failed with time: 88786ms, reverting
commenting out line Lines { lines: 3160..=3160 } in "./tmp2/10/page_organization.rs"
verus succeeded with time: 84231ms, keeping it commented out
commenting out line Lines { lines: 349..=351 } in "./tmp2/25/page.rs"
verus failed with time: 85646ms, reverting
commenting out line Lines { lines: 101..=101 } in "./tmp2/27/init.rs"
verus succeeded with time: 91904ms, keeping it commented out
commenting out line Lines { lines: 328..=354 } in "./tmp2/26/queues.rs"
verus failed with time: 85264ms, reverting
commenting out line Lines { lines: 3162..=3162 } in "./tmp2/10/page_organization.rs"
verus succeeded with time: 87948ms, keeping it commented out
commenting out line Lines { lines: 383..=384 } in "./tmp2/25/page.rs"
verus failed with time: 82243ms, reverting
minimization of ./tmp2/25/page.rs is completed
commenting out line Lines { lines: 370..=392 } in "./tmp2/26/queues.rs"
verus failed with time: 83645ms, reverting
commenting out line Lines { lines: 102..=102 } in "./tmp2/27/init.rs"
verus succeeded with time: 86375ms, keeping it commented out
commenting out line Lines { lines: 3164..=3164 } in "./tmp2/10/page_organization.rs"
verus failed with time: 73182ms, reverting
commenting out line Lines { lines: 502..=528 } in "./tmp2/26/queues.rs"
verus failed with time: 73721ms, reverting
commenting out line Lines { lines: 103..=103 } in "./tmp2/27/init.rs"
verus succeeded with time: 78246ms, keeping it commented out
commenting out line Lines { lines: 3166..=3166 } in "./tmp2/10/page_organization.rs"
verus succeeded with time: 74006ms, keeping it commented out
commenting out line Lines { lines: 544..=566 } in "./tmp2/26/queues.rs"
verus failed with time: 73764ms, reverting
commenting out line Lines { lines: 104..=104 } in "./tmp2/27/init.rs"
verus succeeded with time: 76516ms, keeping it commented out
commenting out line Lines { lines: 3171..=3171 } in "./tmp2/10/page_organization.rs"
verus succeeded with time: 75544ms, keeping it commented out
commenting out line Lines { lines: 574..=581 } in "./tmp2/26/queues.rs"
verus failed with time: 71324ms, reverting
commenting out line Lines { lines: 201..=201 } in "./tmp2/27/init.rs"
verus succeeded with time: 76605ms, keeping it commented out
commenting out line Lines { lines: 3174..=3174 } in "./tmp2/10/page_organization.rs"
verus succeeded with time: 75484ms, keeping it commented out
commenting out line Lines { lines: 631..=640 } in "./tmp2/26/queues.rs"
verus failed with time: 69737ms, reverting
commenting out line Lines { lines: 202..=202 } in "./tmp2/27/init.rs"
verus succeeded with time: 77117ms, keeping it commented out
commenting out line Lines { lines: 3177..=3177 } in "./tmp2/10/page_organization.rs"
verus succeeded with time: 73561ms, keeping it commented out
commenting out line Lines { lines: 757..=757 } in "./tmp2/26/queues.rs"
verus failed with time: 70992ms, reverting
commenting out line Lines { lines: 250..=260 } in "./tmp2/27/init.rs"
verus failed with time: 73071ms, reverting
commenting out line Lines { lines: 3208..=3208 } in "./tmp2/10/page_organization.rs"
verus succeeded with time: 75533ms, keeping it commented out
commenting out line Lines { lines: 758..=758 } in "./tmp2/26/queues.rs"
verus succeeded with time: 74101ms, keeping it commented out
commenting out line Lines { lines: 262..=265 } in "./tmp2/27/init.rs"
verus succeeded with time: 76044ms, keeping it commented out
commenting out line Lines { lines: 3210..=3210 } in "./tmp2/10/page_organization.rs"
verus succeeded with time: 76633ms, keeping it commented out
commenting out line Lines { lines: 770..=770 } in "./tmp2/26/queues.rs"
verus succeeded with time: 74483ms, keeping it commented out
commenting out line Lines { lines: 266..=266 } in "./tmp2/27/init.rs"
verus succeeded with time: 75687ms, keeping it commented out
commenting out line Lines { lines: 3212..=3212 } in "./tmp2/10/page_organization.rs"
verus succeeded with time: 74132ms, keeping it commented out
commenting out line Lines { lines: 771..=771 } in "./tmp2/26/queues.rs"
verus succeeded with time: 75920ms, keeping it commented out
commenting out line Lines { lines: 267..=267 } in "./tmp2/27/init.rs"
verus succeeded with time: 75422ms, keeping it commented out
commenting out line Lines { lines: 3215..=3215 } in "./tmp2/10/page_organization.rs"
verus failed with time: 69351ms, reverting
commenting out line Lines { lines: 774..=774 } in "./tmp2/26/queues.rs"
verus succeeded with time: 76993ms, keeping it commented out
commenting out line Lines { lines: 268..=268 } in "./tmp2/27/init.rs"
verus succeeded with time: 75724ms, keeping it commented out
commenting out line Lines { lines: 3217..=3217 } in "./tmp2/10/page_organization.rs"
verus succeeded with time: 73870ms, keeping it commented out
commenting out line Lines { lines: 775..=775 } in "./tmp2/26/queues.rs"
verus succeeded with time: 74885ms, keeping it commented out
commenting out line Lines { lines: 269..=269 } in "./tmp2/27/init.rs"
verus succeeded with time: 75948ms, keeping it commented out
commenting out line Lines { lines: 3224..=3224 } in "./tmp2/10/page_organization.rs"
verus succeeded with time: 74173ms, keeping it commented out
commenting out line Lines { lines: 777..=777 } in "./tmp2/26/queues.rs"
verus succeeded with time: 75206ms, keeping it commented out
commenting out line Lines { lines: 3225..=3225 } in "./tmp2/10/page_organization.rs"
verus succeeded with time: 74759ms, keeping it commented out
commenting out line Lines { lines: 779..=779 } in "./tmp2/26/queues.rs"
verus succeeded with time: 75541ms, keeping it commented out
minimization of ./tmp2/26/queues.rs is completed
commenting out line Lines { lines: 285..=285 } in "./tmp2/27/init.rs"
verus failed with time: 144202ms, reverting
commenting out line Lines { lines: 401..=401 } in "./tmp2/27/init.rs"
verus failed with time: 5303ms, reverting
commenting out line Lines { lines: 3276..=3276 } in "./tmp2/10/page_organization.rs"
verus succeeded with time: 64635ms, keeping it commented out
commenting out line Lines { lines: 401..=401 } in "./tmp2/27/init.rs"
verus failed with time: 5075ms, reverting
commenting out line Lines { lines: 401..=401 } in "./tmp2/27/init.rs"
verus failed with time: 5071ms, reverting
commenting out line Lines { lines: 3278..=3278 } in "./tmp2/10/page_organization.rs"
verus succeeded with time: 67630ms, keeping it commented out
commenting out line Lines { lines: 402..=402 } in "./tmp2/27/init.rs"
verus failed with time: 64696ms, reverting
commenting out line Lines { lines: 402..=402 } in "./tmp2/27/init.rs"
verus failed with time: 64955ms, reverting
commenting out line Lines { lines: 3280..=3280 } in "./tmp2/10/page_organization.rs"
verus succeeded with time: 68759ms, keeping it commented out
commenting out line Lines { lines: 402..=402 } in "./tmp2/27/init.rs"
verus failed with time: 64700ms, reverting
commenting out line Lines { lines: 3282..=3282 } in "./tmp2/10/page_organization.rs"
verus succeeded with time: 67373ms, keeping it commented out
commenting out line Lines { lines: 403..=403 } in "./tmp2/27/init.rs"
verus failed with time: 65241ms, reverting
commenting out line Lines { lines: 3283..=3283 } in "./tmp2/10/page_organization.rs"
verus succeeded with time: 67750ms, keeping it commented out
commenting out line Lines { lines: 403..=403 } in "./tmp2/27/init.rs"
verus failed with time: 65529ms, reverting
commenting out line Lines { lines: 3269..=3286 } in "./tmp2/10/page_organization.rs"
verus succeeded with time: 66175ms, keeping it commented out
commenting out line Lines { lines: 403..=403 } in "./tmp2/27/init.rs"
verus failed with time: 65137ms, reverting
commenting out line Lines { lines: 3323..=3323 } in "./tmp2/10/page_organization.rs"
verus succeeded with time: 66770ms, keeping it commented out
commenting out line Lines { lines: 404..=404 } in "./tmp2/27/init.rs"
verus failed with time: 66656ms, reverting
commenting out line Lines { lines: 3325..=3325 } in "./tmp2/10/page_organization.rs"
verus succeeded with time: 67376ms, keeping it commented out
commenting out line Lines { lines: 404..=404 } in "./tmp2/27/init.rs"
verus failed with time: 65325ms, reverting
commenting out line Lines { lines: 3327..=3327 } in "./tmp2/10/page_organization.rs"
verus succeeded with time: 68234ms, keeping it commented out
commenting out line Lines { lines: 404..=404 } in "./tmp2/27/init.rs"
verus failed with time: 65456ms, reverting
commenting out line Lines { lines: 3329..=3329 } in "./tmp2/10/page_organization.rs"
verus succeeded with time: 67742ms, keeping it commented out
commenting out line Lines { lines: 405..=405 } in "./tmp2/27/init.rs"
verus failed with time: 65848ms, reverting
commenting out line Lines { lines: 3330..=3330 } in "./tmp2/10/page_organization.rs"
verus succeeded with time: 68397ms, keeping it commented out
commenting out line Lines { lines: 405..=405 } in "./tmp2/27/init.rs"
verus failed with time: 65710ms, reverting
commenting out line Lines { lines: 3316..=3333 } in "./tmp2/10/page_organization.rs"
verus succeeded with time: 68489ms, keeping it commented out
commenting out line Lines { lines: 405..=405 } in "./tmp2/27/init.rs"
verus failed with time: 65825ms, reverting
commenting out line Lines { lines: 3354..=3354 } in "./tmp2/10/page_organization.rs"
verus succeeded with time: 67842ms, keeping it commented out
commenting out line Lines { lines: 406..=406 } in "./tmp2/27/init.rs"
verus failed with time: 65112ms, reverting
commenting out line Lines { lines: 3368..=3368 } in "./tmp2/10/page_organization.rs"
verus succeeded with time: 67548ms, keeping it commented out
commenting out line Lines { lines: 406..=406 } in "./tmp2/27/init.rs"
verus failed with time: 65243ms, reverting
commenting out line Lines { lines: 3371..=3371 } in "./tmp2/10/page_organization.rs"
verus succeeded with time: 68036ms, keeping it commented out
commenting out line Lines { lines: 406..=406 } in "./tmp2/27/init.rs"
verus failed with time: 65746ms, reverting
commenting out line Lines { lines: 3373..=3373 } in "./tmp2/10/page_organization.rs"
verus succeeded with time: 68702ms, keeping it commented out
commenting out line Lines { lines: 407..=407 } in "./tmp2/27/init.rs"
verus failed with time: 64771ms, reverting
commenting out line Lines { lines: 3360..=3374 } in "./tmp2/10/page_organization.rs"
verus failed with time: 64870ms, reverting
commenting out line Lines { lines: 407..=407 } in "./tmp2/27/init.rs"
verus failed with time: 66062ms, reverting
commenting out line Lines { lines: 3375..=3375 } in "./tmp2/10/page_organization.rs"
verus succeeded with time: 68154ms, keeping it commented out
commenting out line Lines { lines: 407..=407 } in "./tmp2/27/init.rs"
verus failed with time: 65238ms, reverting
commenting out line Lines { lines: 3402..=3402 } in "./tmp2/10/page_organization.rs"
verus succeeded with time: 67623ms, keeping it commented out
commenting out line Lines { lines: 408..=408 } in "./tmp2/27/init.rs"
verus failed with time: 67894ms, reverting
commenting out line Lines { lines: 3403..=3403 } in "./tmp2/10/page_organization.rs"
verus failed with time: 63426ms, reverting
commenting out line Lines { lines: 408..=408 } in "./tmp2/27/init.rs"
verus failed with time: 65256ms, reverting
commenting out line Lines { lines: 3407..=3407 } in "./tmp2/10/page_organization.rs"
verus succeeded with time: 67731ms, keeping it commented out
commenting out line Lines { lines: 408..=408 } in "./tmp2/27/init.rs"
verus failed with time: 64736ms, reverting
commenting out line Lines { lines: 3412..=3412 } in "./tmp2/10/page_organization.rs"
verus succeeded with time: 68231ms, keeping it commented out
commenting out line Lines { lines: 409..=409 } in "./tmp2/27/init.rs"
verus failed with time: 64339ms, reverting
commenting out line Lines { lines: 3417..=3417 } in "./tmp2/10/page_organization.rs"
verus succeeded with time: 68214ms, keeping it commented out
commenting out line Lines { lines: 409..=409 } in "./tmp2/27/init.rs"
verus failed with time: 65596ms, reverting
commenting out line Lines { lines: 3425..=3425 } in "./tmp2/10/page_organization.rs"
verus succeeded with time: 67837ms, keeping it commented out
commenting out line Lines { lines: 409..=409 } in "./tmp2/27/init.rs"
verus failed with time: 64855ms, reverting
commenting out line Lines { lines: 3429..=3429 } in "./tmp2/10/page_organization.rs"
verus failed with time: 65518ms, reverting
commenting out line Lines { lines: 410..=410 } in "./tmp2/27/init.rs"
verus failed with time: 65298ms, reverting
commenting out line Lines { lines: 3431..=3431 } in "./tmp2/10/page_organization.rs"
verus succeeded with time: 68346ms, keeping it commented out
commenting out line Lines { lines: 410..=410 } in "./tmp2/27/init.rs"
verus failed with time: 65068ms, reverting
commenting out line Lines { lines: 3433..=3433 } in "./tmp2/10/page_organization.rs"
verus succeeded with time: 68344ms, keeping it commented out
commenting out line Lines { lines: 410..=410 } in "./tmp2/27/init.rs"
verus failed with time: 64868ms, reverting
commenting out line Lines { lines: 3435..=3435 } in "./tmp2/10/page_organization.rs"
verus succeeded with time: 69112ms, keeping it commented out
commenting out line Lines { lines: 411..=411 } in "./tmp2/27/init.rs"
verus failed with time: 64287ms, reverting
commenting out line Lines { lines: 3437..=3437 } in "./tmp2/10/page_organization.rs"
verus succeeded with time: 67805ms, keeping it commented out
commenting out line Lines { lines: 411..=411 } in "./tmp2/27/init.rs"
verus failed with time: 64799ms, reverting
commenting out line Lines { lines: 411..=411 } in "./tmp2/27/init.rs"
verus failed with time: 64324ms, reverting
commenting out line Lines { lines: 3438..=3438 } in "./tmp2/10/page_organization.rs"
verus succeeded with time: 67999ms, keeping it commented out
commenting out line Lines { lines: 412..=412 } in "./tmp2/27/init.rs"
verus failed with time: 65021ms, reverting
commenting out line Lines { lines: 3443..=3443 } in "./tmp2/10/page_organization.rs"
verus succeeded with time: 67627ms, keeping it commented out
commenting out line Lines { lines: 412..=412 } in "./tmp2/27/init.rs"
verus failed with time: 65178ms, reverting
commenting out line Lines { lines: 3447..=3447 } in "./tmp2/10/page_organization.rs"
verus succeeded with time: 66825ms, keeping it commented out
commenting out line Lines { lines: 412..=412 } in "./tmp2/27/init.rs"
verus failed with time: 64726ms, reverting
commenting out line Lines { lines: 3455..=3455 } in "./tmp2/10/page_organization.rs"
verus succeeded with time: 66444ms, keeping it commented out
commenting out line Lines { lines: 413..=413 } in "./tmp2/27/init.rs"
verus failed with time: 65804ms, reverting
commenting out line Lines { lines: 3460..=3460 } in "./tmp2/10/page_organization.rs"
verus failed with time: 63225ms, reverting
commenting out line Lines { lines: 413..=413 } in "./tmp2/27/init.rs"
verus failed with time: 65290ms, reverting
commenting out line Lines { lines: 3462..=3462 } in "./tmp2/10/page_organization.rs"
verus succeeded with time: 67713ms, keeping it commented out
commenting out line Lines { lines: 413..=413 } in "./tmp2/27/init.rs"
verus failed with time: 65530ms, reverting
commenting out line Lines { lines: 3464..=3464 } in "./tmp2/10/page_organization.rs"
verus succeeded with time: 66171ms, keeping it commented out
commenting out line Lines { lines: 414..=414 } in "./tmp2/27/init.rs"
verus failed with time: 65077ms, reverting
commenting out line Lines { lines: 3408..=3467 } in "./tmp2/10/page_organization.rs"
verus failed with time: 62702ms, reverting
commenting out line Lines { lines: 414..=414 } in "./tmp2/27/init.rs"
verus failed with time: 65853ms, reverting
commenting out line Lines { lines: 3468..=3468 } in "./tmp2/10/page_organization.rs"
verus succeeded with time: 66506ms, keeping it commented out
commenting out line Lines { lines: 414..=414 } in "./tmp2/27/init.rs"
verus failed with time: 65392ms, reverting
commenting out line Lines { lines: 3476..=3476 } in "./tmp2/10/page_organization.rs"
verus succeeded with time: 66134ms, keeping it commented out
commenting out line Lines { lines: 415..=415 } in "./tmp2/27/init.rs"
verus failed with time: 65096ms, reverting
commenting out line Lines { lines: 3483..=3483 } in "./tmp2/10/page_organization.rs"
verus succeeded with time: 66557ms, keeping it commented out
commenting out line Lines { lines: 415..=415 } in "./tmp2/27/init.rs"
verus failed with time: 65665ms, reverting
commenting out line Lines { lines: 3487..=3487 } in "./tmp2/10/page_organization.rs"
verus failed with time: 64130ms, reverting
commenting out line Lines { lines: 415..=415 } in "./tmp2/27/init.rs"
verus failed with time: 65256ms, reverting
commenting out line Lines { lines: 3470..=3488 } in "./tmp2/10/page_organization.rs"
verus failed with time: 64661ms, reverting
commenting out line Lines { lines: 416..=416 } in "./tmp2/27/init.rs"
verus failed with time: 65353ms, reverting
commenting out line Lines { lines: 3489..=3489 } in "./tmp2/10/page_organization.rs"
verus succeeded with time: 66167ms, keeping it commented out
commenting out line Lines { lines: 416..=416 } in "./tmp2/27/init.rs"
verus failed with time: 65491ms, reverting
commenting out line Lines { lines: 3400..=3491 } in "./tmp2/10/page_organization.rs"
verus failed with time: 63326ms, reverting
commenting out line Lines { lines: 416..=416 } in "./tmp2/27/init.rs"
verus failed with time: 65653ms, reverting
commenting out line Lines { lines: 3513..=3513 } in "./tmp2/10/page_organization.rs"
verus succeeded with time: 67078ms, keeping it commented out
commenting out line Lines { lines: 417..=417 } in "./tmp2/27/init.rs"
verus failed with time: 65326ms, reverting
commenting out line Lines { lines: 3521..=3521 } in "./tmp2/10/page_organization.rs"
verus succeeded with time: 66501ms, keeping it commented out
commenting out line Lines { lines: 417..=417 } in "./tmp2/27/init.rs"
verus failed with time: 65330ms, reverting
commenting out line Lines { lines: 3525..=3527 } in "./tmp2/10/page_organization.rs"
verus failed with time: 63201ms, reverting
commenting out line Lines { lines: 417..=417 } in "./tmp2/27/init.rs"
verus failed with time: 65088ms, reverting
commenting out line Lines { lines: 3529..=3536 } in "./tmp2/10/page_organization.rs"
verus failed with time: 64831ms, reverting
commenting out line Lines { lines: 418..=418 } in "./tmp2/27/init.rs"
verus failed with time: 64983ms, reverting
commenting out line Lines { lines: 3545..=3547 } in "./tmp2/10/page_organization.rs"
verus failed with time: 64011ms, reverting
commenting out line Lines { lines: 418..=418 } in "./tmp2/27/init.rs"
verus failed with time: 64948ms, reverting
commenting out line Lines { lines: 3555..=3555 } in "./tmp2/10/page_organization.rs"
verus failed with time: 63184ms, reverting
commenting out line Lines { lines: 418..=418 } in "./tmp2/27/init.rs"
verus failed with time: 64811ms, reverting
commenting out line Lines { lines: 3553..=3556 } in "./tmp2/10/page_organization.rs"
verus failed with time: 62978ms, reverting
commenting out line Lines { lines: 419..=419 } in "./tmp2/27/init.rs"
verus failed with time: 65219ms, reverting
commenting out line Lines { lines: 3549..=3557 } in "./tmp2/10/page_organization.rs"
verus failed with time: 64286ms, reverting
commenting out line Lines { lines: 419..=419 } in "./tmp2/27/init.rs"
verus failed with time: 64757ms, reverting
commenting out line Lines { lines: 3572..=3572 } in "./tmp2/10/page_organization.rs"
verus succeeded with time: 66023ms, keeping it commented out
commenting out line Lines { lines: 419..=419 } in "./tmp2/27/init.rs"
verus failed with time: 64996ms, reverting
commenting out line Lines { lines: 3579..=3579 } in "./tmp2/10/page_organization.rs"
verus succeeded with time: 67425ms, keeping it commented out
commenting out line Lines { lines: 420..=420 } in "./tmp2/27/init.rs"
verus failed with time: 64928ms, reverting
commenting out line Lines { lines: 3582..=3582 } in "./tmp2/10/page_organization.rs"
verus succeeded with time: 66779ms, keeping it commented out
commenting out line Lines { lines: 420..=420 } in "./tmp2/27/init.rs"
verus failed with time: 65271ms, reverting
commenting out line Lines { lines: 3584..=3584 } in "./tmp2/10/page_organization.rs"
verus failed with time: 63384ms, reverting
commenting out line Lines { lines: 420..=420 } in "./tmp2/27/init.rs"
verus failed with time: 65271ms, reverting
commenting out line Lines { lines: 3586..=3586 } in "./tmp2/10/page_organization.rs"
verus succeeded with time: 66351ms, keeping it commented out
commenting out line Lines { lines: 3589..=3589 } in "./tmp2/10/page_organization.rs"
verus succeeded with time: 68332ms, keeping it commented out
commenting out line Lines { lines: 3590..=3590 } in "./tmp2/10/page_organization.rs"
verus succeeded with time: 62458ms, keeping it commented out
commenting out line Lines { lines: 3576..=3593 } in "./tmp2/10/page_organization.rs"
verus failed with time: 61843ms, reverting
commenting out line Lines { lines: 3594..=3594 } in "./tmp2/10/page_organization.rs"
verus succeeded with time: 63280ms, keeping it commented out
commenting out line Lines { lines: 3598..=3598 } in "./tmp2/10/page_organization.rs"
verus succeeded with time: 63928ms, keeping it commented out
commenting out line Lines { lines: 3602..=3602 } in "./tmp2/10/page_organization.rs"
verus succeeded with time: 65010ms, keeping it commented out
commenting out line Lines { lines: 3606..=3606 } in "./tmp2/10/page_organization.rs"
verus failed with time: 59713ms, reverting
commenting out line Lines { lines: 3596..=3607 } in "./tmp2/10/page_organization.rs"
verus failed with time: 59140ms, reverting
commenting out line Lines { lines: 3608..=3608 } in "./tmp2/10/page_organization.rs"
verus succeeded with time: 64148ms, keeping it commented out
commenting out line Lines { lines: 3570..=3610 } in "./tmp2/10/page_organization.rs"
verus failed with time: 58870ms, reverting
commenting out line Lines { lines: 3612..=3612 } in "./tmp2/10/page_organization.rs"
verus succeeded with time: 63141ms, keeping it commented out
commenting out line Lines { lines: 3614..=3618 } in "./tmp2/10/page_organization.rs"
verus failed with time: 61405ms, reverting
commenting out line Lines { lines: 3622..=3622 } in "./tmp2/10/page_organization.rs"
verus failed with time: 61892ms, reverting
commenting out line Lines { lines: 3620..=3624 } in "./tmp2/10/page_organization.rs"
verus failed with time: 59289ms, reverting
commenting out line Lines { lines: 3666..=3666 } in "./tmp2/10/page_organization.rs"
verus succeeded with time: 64580ms, keeping it commented out
commenting out line Lines { lines: 3668..=3668 } in "./tmp2/10/page_organization.rs"
verus succeeded with time: 64376ms, keeping it commented out
commenting out line Lines { lines: 3669..=3669 } in "./tmp2/10/page_organization.rs"
verus succeeded with time: 62122ms, keeping it commented out
commenting out line Lines { lines: 3676..=3678 } in "./tmp2/10/page_organization.rs"
verus failed with time: 59368ms, reverting
commenting out line Lines { lines: 3685..=3687 } in "./tmp2/10/page_organization.rs"
verus failed with time: 60983ms, reverting
commenting out line Lines { lines: 3714..=3714 } in "./tmp2/10/page_organization.rs"
verus succeeded with time: 63302ms, keeping it commented out
commenting out line Lines { lines: 3715..=3715 } in "./tmp2/10/page_organization.rs"
verus failed with time: 59809ms, reverting
commenting out line Lines { lines: 3720..=3720 } in "./tmp2/10/page_organization.rs"
verus succeeded with time: 65444ms, keeping it commented out
commenting out line Lines { lines: 3721..=3721 } in "./tmp2/10/page_organization.rs"
verus succeeded with time: 65253ms, keeping it commented out
commenting out line Lines { lines: 3722..=3722 } in "./tmp2/10/page_organization.rs"
verus succeeded with time: 62545ms, keeping it commented out
commenting out line Lines { lines: 3723..=3723 } in "./tmp2/10/page_organization.rs"
verus succeeded with time: 61582ms, keeping it commented out
commenting out line Lines { lines: 3727..=3727 } in "./tmp2/10/page_organization.rs"
verus succeeded with time: 63911ms, keeping it commented out
commenting out line Lines { lines: 3730..=3730 } in "./tmp2/10/page_organization.rs"
verus succeeded with time: 62186ms, keeping it commented out
commenting out line Lines { lines: 3731..=3731 } in "./tmp2/10/page_organization.rs"
verus succeeded with time: 62956ms, keeping it commented out
commenting out line Lines { lines: 3732..=3732 } in "./tmp2/10/page_organization.rs"
verus succeeded with time: 62637ms, keeping it commented out
commenting out line Lines { lines: 3764..=3764 } in "./tmp2/10/page_organization.rs"
verus succeeded with time: 62337ms, keeping it commented out
commenting out line Lines { lines: 3765..=3765 } in "./tmp2/10/page_organization.rs"
verus failed with time: 59090ms, reverting
commenting out line Lines { lines: 3868..=3868 } in "./tmp2/10/page_organization.rs"
verus succeeded with time: 63797ms, keeping it commented out
commenting out line Lines { lines: 421..=421 } in "./tmp2/27/init.rs"
verus failed with time: 2080273ms, reverting
commenting out line Lines { lines: 3870..=3870 } in "./tmp2/10/page_organization.rs"
verus succeeded with time: 64519ms, keeping it commented out
commenting out line Lines { lines: 3871..=3871 } in "./tmp2/10/page_organization.rs"
verus succeeded with time: 67433ms, keeping it commented out
commenting out line Lines { lines: 3875..=3875 } in "./tmp2/10/page_organization.rs"
verus failed with time: 59457ms, reverting
commenting out line Lines { lines: 3876..=3876 } in "./tmp2/10/page_organization.rs"
verus succeeded with time: 62364ms, keeping it commented out
commenting out line Lines { lines: 3877..=3877 } in "./tmp2/10/page_organization.rs"
verus succeeded with time: 62305ms, keeping it commented out
commenting out line Lines { lines: 3878..=3878 } in "./tmp2/10/page_organization.rs"
verus succeeded with time: 62244ms, keeping it commented out
commenting out line Lines { lines: 3884..=3884 } in "./tmp2/10/page_organization.rs"
verus failed with time: 59091ms, reverting
commenting out line Lines { lines: 3885..=3885 } in "./tmp2/10/page_organization.rs"
verus succeeded with time: 62832ms, keeping it commented out
commenting out line Lines { lines: 3886..=3886 } in "./tmp2/10/page_organization.rs"
verus succeeded with time: 65231ms, keeping it commented out
commenting out line Lines { lines: 3887..=3887 } in "./tmp2/10/page_organization.rs"
verus succeeded with time: 62033ms, keeping it commented out
commenting out line Lines { lines: 3916..=3916 } in "./tmp2/10/page_organization.rs"
verus succeeded with time: 62847ms, keeping it commented out
commenting out line Lines { lines: 3918..=3918 } in "./tmp2/10/page_organization.rs"
verus failed with time: 59067ms, reverting
commenting out line Lines { lines: 3919..=3919 } in "./tmp2/10/page_organization.rs"
verus failed with time: 59437ms, reverting
commenting out line Lines { lines: 3967..=3967 } in "./tmp2/10/page_organization.rs"
verus succeeded with time: 61630ms, keeping it commented out
commenting out line Lines { lines: 3995..=3995 } in "./tmp2/10/page_organization.rs"
verus succeeded with time: 62285ms, keeping it commented out
commenting out line Lines { lines: 4030..=4030 } in "./tmp2/10/page_organization.rs"
verus succeeded with time: 64531ms, keeping it commented out
commenting out line Lines { lines: 4031..=4031 } in "./tmp2/10/page_organization.rs"
verus succeeded with time: 64111ms, keeping it commented out
commenting out line Lines { lines: 4037..=4037 } in "./tmp2/10/page_organization.rs"
verus succeeded with time: 62191ms, keeping it commented out
commenting out line Lines { lines: 4038..=4038 } in "./tmp2/10/page_organization.rs"
verus succeeded with time: 62215ms, keeping it commented out
commenting out line Lines { lines: 4050..=4050 } in "./tmp2/10/page_organization.rs"
verus succeeded with time: 62747ms, keeping it commented out
commenting out line Lines { lines: 4051..=4051 } in "./tmp2/10/page_organization.rs"
verus succeeded with time: 63280ms, keeping it commented out
commenting out line Lines { lines: 4055..=4055 } in "./tmp2/10/page_organization.rs"
verus succeeded with time: 64304ms, keeping it commented out
commenting out line Lines { lines: 4056..=4056 } in "./tmp2/10/page_organization.rs"
verus succeeded with time: 64006ms, keeping it commented out
commenting out line Lines { lines: 4064..=4064 } in "./tmp2/10/page_organization.rs"
verus succeeded with time: 62101ms, keeping it commented out
commenting out line Lines { lines: 4065..=4065 } in "./tmp2/10/page_organization.rs"
verus succeeded with time: 64685ms, keeping it commented out
commenting out line Lines { lines: 4090..=4090 } in "./tmp2/10/page_organization.rs"
verus succeeded with time: 64599ms, keeping it commented out
commenting out line Lines { lines: 4091..=4091 } in "./tmp2/10/page_organization.rs"
verus succeeded with time: 62101ms, keeping it commented out
commenting out line Lines { lines: 4097..=4097 } in "./tmp2/10/page_organization.rs"
verus succeeded with time: 63919ms, keeping it commented out
commenting out line Lines { lines: 4098..=4098 } in "./tmp2/10/page_organization.rs"
verus succeeded with time: 63582ms, keeping it commented out
commenting out line Lines { lines: 4101..=4101 } in "./tmp2/10/page_organization.rs"
verus succeeded with time: 62543ms, keeping it commented out
commenting out line Lines { lines: 4102..=4102 } in "./tmp2/10/page_organization.rs"
verus succeeded with time: 63303ms, keeping it commented out
commenting out line Lines { lines: 4106..=4106 } in "./tmp2/10/page_organization.rs"
verus succeeded with time: 64245ms, keeping it commented out
commenting out line Lines { lines: 4107..=4107 } in "./tmp2/10/page_organization.rs"
verus succeeded with time: 62189ms, keeping it commented out
commenting out line Lines { lines: 421..=421 } in "./tmp2/27/init.rs"
verus failed with time: 2051054ms, reverting
commenting out line Lines { lines: 4115..=4115 } in "./tmp2/10/page_organization.rs"
verus succeeded with time: 65599ms, keeping it commented out
commenting out line Lines { lines: 4116..=4116 } in "./tmp2/10/page_organization.rs"
verus succeeded with time: 66328ms, keeping it commented out
commenting out line Lines { lines: 4334..=4334 } in "./tmp2/10/page_organization.rs"
verus succeeded with time: 63423ms, keeping it commented out
commenting out line Lines { lines: 4336..=4336 } in "./tmp2/10/page_organization.rs"
verus succeeded with time: 65107ms, keeping it commented out
commenting out line Lines { lines: 4350..=4354 } in "./tmp2/10/page_organization.rs"
verus failed with time: 61353ms, reverting
commenting out line Lines { lines: 4364..=4368 } in "./tmp2/10/page_organization.rs"
verus failed with time: 61273ms, reverting
commenting out line Lines { lines: 4505..=4505 } in "./tmp2/10/page_organization.rs"
verus succeeded with time: 62104ms, keeping it commented out
commenting out line Lines { lines: 4507..=4507 } in "./tmp2/10/page_organization.rs"
verus succeeded with time: 64675ms, keeping it commented out
commenting out line Lines { lines: 4508..=4509 } in "./tmp2/10/page_organization.rs"
verus failed with time: 61354ms, reverting
commenting out line Lines { lines: 4510..=4510 } in "./tmp2/10/page_organization.rs"
verus succeeded with time: 65581ms, keeping it commented out
commenting out line Lines { lines: 4540..=4540 } in "./tmp2/10/page_organization.rs"
verus succeeded with time: 63864ms, keeping it commented out
commenting out line Lines { lines: 4541..=4541 } in "./tmp2/10/page_organization.rs"
verus succeeded with time: 63235ms, keeping it commented out
commenting out line Lines { lines: 4545..=4545 } in "./tmp2/10/page_organization.rs"
verus succeeded with time: 64815ms, keeping it commented out
commenting out line Lines { lines: 4561..=4561 } in "./tmp2/10/page_organization.rs"
verus failed with time: 58847ms, reverting
commenting out line Lines { lines: 4549..=4569 } in "./tmp2/10/page_organization.rs"
verus succeeded with time: 63843ms, keeping it commented out
commenting out line Lines { lines: 4570..=4570 } in "./tmp2/10/page_organization.rs"
verus succeeded with time: 62627ms, keeping it commented out
commenting out line Lines { lines: 4571..=4571 } in "./tmp2/10/page_organization.rs"
verus succeeded with time: 62016ms, keeping it commented out
commenting out line Lines { lines: 4538..=4572 } in "./tmp2/10/page_organization.rs"
verus failed with time: 62024ms, reverting
commenting out line Lines { lines: 4624..=4624 } in "./tmp2/10/page_organization.rs"
verus succeeded with time: 64234ms, keeping it commented out
commenting out line Lines { lines: 4628..=4628 } in "./tmp2/10/page_organization.rs"
verus succeeded with time: 64316ms, keeping it commented out
commenting out line Lines { lines: 4633..=4633 } in "./tmp2/10/page_organization.rs"
verus succeeded with time: 64735ms, keeping it commented out
commenting out line Lines { lines: 4639..=4639 } in "./tmp2/10/page_organization.rs"
verus succeeded with time: 61983ms, keeping it commented out
commenting out line Lines { lines: 4622..=4642 } in "./tmp2/10/page_organization.rs"
verus failed with time: 61855ms, reverting
commenting out line Lines { lines: 4691..=4691 } in "./tmp2/10/page_organization.rs"
verus succeeded with time: 62085ms, keeping it commented out
commenting out line Lines { lines: 4693..=4693 } in "./tmp2/10/page_organization.rs"
verus succeeded with time: 64235ms, keeping it commented out
commenting out line Lines { lines: 4696..=4696 } in "./tmp2/10/page_organization.rs"
verus succeeded with time: 63958ms, keeping it commented out
commenting out line Lines { lines: 4698..=4698 } in "./tmp2/10/page_organization.rs"
verus succeeded with time: 63526ms, keeping it commented out
commenting out line Lines { lines: 4752..=4752 } in "./tmp2/10/page_organization.rs"
verus succeeded with time: 61764ms, keeping it commented out
commenting out line Lines { lines: 4787..=4787 } in "./tmp2/10/page_organization.rs"
verus failed with time: 59281ms, reverting
commenting out line Lines { lines: 4785..=4788 } in "./tmp2/10/page_organization.rs"
verus failed with time: 58371ms, reverting
commenting out line Lines { lines: 4781..=4789 } in "./tmp2/10/page_organization.rs"
verus failed with time: 59670ms, reverting
commenting out line Lines { lines: 4810..=4810 } in "./tmp2/10/page_organization.rs"
verus failed with time: 61039ms, reverting
commenting out line Lines { lines: 421..=421 } in "./tmp2/27/init.rs"
verus failed with time: 2022356ms, reverting
commenting out line Lines { lines: 4808..=4811 } in "./tmp2/10/page_organization.rs"
verus failed with time: 61785ms, reverting
commenting out line Lines { lines: 422..=422 } in "./tmp2/27/init.rs"
verus failed with time: 66407ms, reverting
commenting out line Lines { lines: 4804..=4812 } in "./tmp2/10/page_organization.rs"
verus failed with time: 64148ms, reverting
commenting out line Lines { lines: 422..=422 } in "./tmp2/27/init.rs"
verus failed with time: 66973ms, reverting
commenting out line Lines { lines: 4855..=4855 } in "./tmp2/10/page_organization.rs"
verus succeeded with time: 66301ms, keeping it commented out
commenting out line Lines { lines: 422..=422 } in "./tmp2/27/init.rs"
verus failed with time: 66040ms, reverting
commenting out line Lines { lines: 4885..=4885 } in "./tmp2/10/page_organization.rs"
verus succeeded with time: 66519ms, keeping it commented out
commenting out line Lines { lines: 423..=423 } in "./tmp2/27/init.rs"
verus failed with time: 65175ms, reverting
commenting out line Lines { lines: 4887..=4887 } in "./tmp2/10/page_organization.rs"
verus succeeded with time: 67493ms, keeping it commented out
commenting out line Lines { lines: 423..=423 } in "./tmp2/27/init.rs"
verus failed with time: 65615ms, reverting
commenting out line Lines { lines: 4889..=4889 } in "./tmp2/10/page_organization.rs"
verus succeeded with time: 68030ms, keeping it commented out
commenting out line Lines { lines: 423..=423 } in "./tmp2/27/init.rs"
verus failed with time: 65264ms, reverting
commenting out line Lines { lines: 4893..=4893 } in "./tmp2/10/page_organization.rs"
verus succeeded with time: 68576ms, keeping it commented out
commenting out line Lines { lines: 424..=424 } in "./tmp2/27/init.rs"
verus failed with time: 65487ms, reverting
commenting out line Lines { lines: 4896..=4896 } in "./tmp2/10/page_organization.rs"
verus succeeded with time: 67287ms, keeping it commented out
commenting out line Lines { lines: 424..=424 } in "./tmp2/27/init.rs"
verus failed with time: 64693ms, reverting
commenting out line Lines { lines: 4927..=4927 } in "./tmp2/10/page_organization.rs"
verus failed with time: 63966ms, reverting
commenting out line Lines { lines: 424..=424 } in "./tmp2/27/init.rs"
verus failed with time: 65365ms, reverting
commenting out line Lines { lines: 4928..=4928 } in "./tmp2/10/page_organization.rs"
verus failed with time: 64679ms, reverting
commenting out line Lines { lines: 425..=425 } in "./tmp2/27/init.rs"
verus failed with time: 65177ms, reverting
commenting out line Lines { lines: 4932..=4932 } in "./tmp2/10/page_organization.rs"
verus succeeded with time: 67626ms, keeping it commented out
commenting out line Lines { lines: 425..=425 } in "./tmp2/27/init.rs"
verus failed with time: 65576ms, reverting
commenting out line Lines { lines: 4952..=4952 } in "./tmp2/10/page_organization.rs"
verus succeeded with time: 67344ms, keeping it commented out
commenting out line Lines { lines: 425..=425 } in "./tmp2/27/init.rs"
verus failed with time: 64962ms, reverting
commenting out line Lines { lines: 4954..=4954 } in "./tmp2/10/page_organization.rs"
verus succeeded with time: 66950ms, keeping it commented out
commenting out line Lines { lines: 426..=426 } in "./tmp2/27/init.rs"
verus failed with time: 65101ms, reverting
commenting out line Lines { lines: 4957..=4957 } in "./tmp2/10/page_organization.rs"
verus failed with time: 64188ms, reverting
commenting out line Lines { lines: 426..=426 } in "./tmp2/27/init.rs"
verus failed with time: 66395ms, reverting
commenting out line Lines { lines: 4958..=4958 } in "./tmp2/10/page_organization.rs"
verus failed with time: 64516ms, reverting
commenting out line Lines { lines: 426..=426 } in "./tmp2/27/init.rs"
verus failed with time: 65148ms, reverting
commenting out line Lines { lines: 4962..=4962 } in "./tmp2/10/page_organization.rs"
verus succeeded with time: 67175ms, keeping it commented out
commenting out line Lines { lines: 427..=427 } in "./tmp2/27/init.rs"
verus failed with time: 66445ms, reverting
commenting out line Lines { lines: 4979..=4979 } in "./tmp2/10/page_organization.rs"
verus failed with time: 63600ms, reverting
commenting out line Lines { lines: 427..=427 } in "./tmp2/27/init.rs"
verus failed with time: 65057ms, reverting
commenting out line Lines { lines: 4975..=4980 } in "./tmp2/10/page_organization.rs"
verus failed with time: 63439ms, reverting
commenting out line Lines { lines: 427..=427 } in "./tmp2/27/init.rs"
verus failed with time: 66154ms, reverting
commenting out line Lines { lines: 4996..=4996 } in "./tmp2/10/page_organization.rs"
verus failed with time: 64634ms, reverting
commenting out line Lines { lines: 428..=428 } in "./tmp2/27/init.rs"
verus failed with time: 65345ms, reverting
commenting out line Lines { lines: 4998..=4998 } in "./tmp2/10/page_organization.rs"
verus failed with time: 64109ms, reverting
commenting out line Lines { lines: 428..=428 } in "./tmp2/27/init.rs"
verus failed with time: 68619ms, reverting
commenting out line Lines { lines: 4991..=5000 } in "./tmp2/10/page_organization.rs"
verus failed with time: 63617ms, reverting
commenting out line Lines { lines: 428..=428 } in "./tmp2/27/init.rs"
verus failed with time: 65629ms, reverting
commenting out line Lines { lines: 5039..=5039 } in "./tmp2/10/page_organization.rs"
verus failed with time: 63719ms, reverting
commenting out line Lines { lines: 429..=429 } in "./tmp2/27/init.rs"
verus failed with time: 65840ms, reverting
commenting out line Lines { lines: 5041..=5041 } in "./tmp2/10/page_organization.rs"
verus failed with time: 63441ms, reverting
commenting out line Lines { lines: 429..=429 } in "./tmp2/27/init.rs"
verus failed with time: 65617ms, reverting
commenting out line Lines { lines: 5034..=5043 } in "./tmp2/10/page_organization.rs"
verus failed with time: 64803ms, reverting
minimization of ./tmp2/10/page_organization.rs is completed
commenting out line Lines { lines: 429..=429 } in "./tmp2/27/init.rs"
verus failed with time: 60501ms, reverting
commenting out line Lines { lines: 430..=430 } in "./tmp2/27/init.rs"
verus failed with time: 59016ms, reverting
commenting out line Lines { lines: 430..=430 } in "./tmp2/27/init.rs"
verus failed with time: 58474ms, reverting
commenting out line Lines { lines: 430..=430 } in "./tmp2/27/init.rs"
verus failed with time: 57935ms, reverting
commenting out line Lines { lines: 431..=431 } in "./tmp2/27/init.rs"
verus failed with time: 59228ms, reverting
commenting out line Lines { lines: 431..=431 } in "./tmp2/27/init.rs"
verus failed with time: 58705ms, reverting
commenting out line Lines { lines: 431..=431 } in "./tmp2/27/init.rs"
verus failed with time: 58369ms, reverting
commenting out line Lines { lines: 432..=432 } in "./tmp2/27/init.rs"
verus failed with time: 57740ms, reverting
commenting out line Lines { lines: 432..=432 } in "./tmp2/27/init.rs"
verus failed with time: 58374ms, reverting
commenting out line Lines { lines: 432..=432 } in "./tmp2/27/init.rs"
verus failed with time: 58011ms, reverting
commenting out line Lines { lines: 433..=433 } in "./tmp2/27/init.rs"
verus failed with time: 58502ms, reverting
commenting out line Lines { lines: 433..=433 } in "./tmp2/27/init.rs"
verus failed with time: 58319ms, reverting
commenting out line Lines { lines: 433..=433 } in "./tmp2/27/init.rs"
verus failed with time: 59178ms, reverting
commenting out line Lines { lines: 434..=434 } in "./tmp2/27/init.rs"
verus failed with time: 58989ms, reverting
commenting out line Lines { lines: 434..=434 } in "./tmp2/27/init.rs"
verus failed with time: 59186ms, reverting
commenting out line Lines { lines: 434..=434 } in "./tmp2/27/init.rs"
verus failed with time: 58504ms, reverting
commenting out line Lines { lines: 435..=435 } in "./tmp2/27/init.rs"
verus failed with time: 58119ms, reverting
commenting out line Lines { lines: 435..=435 } in "./tmp2/27/init.rs"
verus failed with time: 59237ms, reverting
commenting out line Lines { lines: 435..=435 } in "./tmp2/27/init.rs"
verus failed with time: 59277ms, reverting
commenting out line Lines { lines: 436..=436 } in "./tmp2/27/init.rs"
verus failed with time: 58437ms, reverting
commenting out line Lines { lines: 436..=436 } in "./tmp2/27/init.rs"
verus failed with time: 58292ms, reverting
commenting out line Lines { lines: 436..=436 } in "./tmp2/27/init.rs"
verus failed with time: 58873ms, reverting
commenting out line Lines { lines: 437..=437 } in "./tmp2/27/init.rs"
verus failed with time: 58492ms, reverting
commenting out line Lines { lines: 437..=437 } in "./tmp2/27/init.rs"
verus failed with time: 59411ms, reverting
commenting out line Lines { lines: 437..=437 } in "./tmp2/27/init.rs"
verus failed with time: 58042ms, reverting
commenting out line Lines { lines: 438..=438 } in "./tmp2/27/init.rs"
verus failed with time: 58695ms, reverting
commenting out line Lines { lines: 438..=438 } in "./tmp2/27/init.rs"
verus failed with time: 58393ms, reverting
commenting out line Lines { lines: 438..=438 } in "./tmp2/27/init.rs"
verus failed with time: 57925ms, reverting
commenting out line Lines { lines: 439..=439 } in "./tmp2/27/init.rs"
verus failed with time: 58611ms, reverting
commenting out line Lines { lines: 439..=439 } in "./tmp2/27/init.rs"
verus failed with time: 57817ms, reverting
commenting out line Lines { lines: 439..=439 } in "./tmp2/27/init.rs"
verus failed with time: 58546ms, reverting
commenting out line Lines { lines: 440..=440 } in "./tmp2/27/init.rs"
verus failed with time: 58052ms, reverting
commenting out line Lines { lines: 440..=440 } in "./tmp2/27/init.rs"
verus failed with time: 59182ms, reverting
commenting out line Lines { lines: 440..=440 } in "./tmp2/27/init.rs"
verus failed with time: 57943ms, reverting
commenting out line Lines { lines: 441..=441 } in "./tmp2/27/init.rs"
verus failed with time: 58139ms, reverting
commenting out line Lines { lines: 441..=441 } in "./tmp2/27/init.rs"
verus failed with time: 58414ms, reverting
commenting out line Lines { lines: 441..=441 } in "./tmp2/27/init.rs"
verus failed with time: 58536ms, reverting
commenting out line Lines { lines: 442..=442 } in "./tmp2/27/init.rs"
verus failed with time: 58091ms, reverting
commenting out line Lines { lines: 442..=442 } in "./tmp2/27/init.rs"
verus failed with time: 58865ms, reverting
commenting out line Lines { lines: 442..=442 } in "./tmp2/27/init.rs"
verus failed with time: 59150ms, reverting
commenting out line Lines { lines: 443..=443 } in "./tmp2/27/init.rs"
verus failed with time: 58066ms, reverting
commenting out line Lines { lines: 443..=443 } in "./tmp2/27/init.rs"
verus failed with time: 58853ms, reverting
commenting out line Lines { lines: 443..=443 } in "./tmp2/27/init.rs"
verus failed with time: 58222ms, reverting
commenting out line Lines { lines: 444..=444 } in "./tmp2/27/init.rs"
verus failed with time: 58312ms, reverting
commenting out line Lines { lines: 444..=444 } in "./tmp2/27/init.rs"
verus failed with time: 57593ms, reverting
commenting out line Lines { lines: 444..=444 } in "./tmp2/27/init.rs"
verus failed with time: 58121ms, reverting
commenting out line Lines { lines: 445..=445 } in "./tmp2/27/init.rs"
verus failed with time: 59168ms, reverting
commenting out line Lines { lines: 445..=445 } in "./tmp2/27/init.rs"
verus failed with time: 57798ms, reverting
commenting out line Lines { lines: 445..=445 } in "./tmp2/27/init.rs"
verus failed with time: 58123ms, reverting
commenting out line Lines { lines: 446..=446 } in "./tmp2/27/init.rs"
verus failed with time: 59305ms, reverting
commenting out line Lines { lines: 446..=446 } in "./tmp2/27/init.rs"
verus failed with time: 59292ms, reverting
commenting out line Lines { lines: 446..=446 } in "./tmp2/27/init.rs"
verus failed with time: 57845ms, reverting
commenting out line Lines { lines: 447..=447 } in "./tmp2/27/init.rs"
verus failed with time: 59437ms, reverting
commenting out line Lines { lines: 447..=447 } in "./tmp2/27/init.rs"
verus failed with time: 59307ms, reverting
commenting out line Lines { lines: 447..=447 } in "./tmp2/27/init.rs"
verus failed with time: 59106ms, reverting
commenting out line Lines { lines: 448..=448 } in "./tmp2/27/init.rs"
verus failed with time: 59049ms, reverting
commenting out line Lines { lines: 448..=448 } in "./tmp2/27/init.rs"
verus failed with time: 58909ms, reverting
commenting out line Lines { lines: 448..=448 } in "./tmp2/27/init.rs"
verus failed with time: 58897ms, reverting
commenting out line Lines { lines: 449..=449 } in "./tmp2/27/init.rs"
verus failed with time: 59551ms, reverting
commenting out line Lines { lines: 449..=449 } in "./tmp2/27/init.rs"
verus failed with time: 58356ms, reverting
commenting out line Lines { lines: 449..=449 } in "./tmp2/27/init.rs"
verus failed with time: 58856ms, reverting
commenting out line Lines { lines: 450..=450 } in "./tmp2/27/init.rs"
verus failed with time: 59468ms, reverting
commenting out line Lines { lines: 450..=450 } in "./tmp2/27/init.rs"
verus failed with time: 58984ms, reverting
commenting out line Lines { lines: 450..=450 } in "./tmp2/27/init.rs"
verus failed with time: 59405ms, reverting
commenting out line Lines { lines: 451..=451 } in "./tmp2/27/init.rs"
verus failed with time: 58161ms, reverting
commenting out line Lines { lines: 451..=451 } in "./tmp2/27/init.rs"
verus failed with time: 58564ms, reverting
commenting out line Lines { lines: 451..=451 } in "./tmp2/27/init.rs"
verus failed with time: 58313ms, reverting
commenting out line Lines { lines: 452..=452 } in "./tmp2/27/init.rs"
verus failed with time: 58761ms, reverting
commenting out line Lines { lines: 452..=452 } in "./tmp2/27/init.rs"
verus failed with time: 58690ms, reverting
commenting out line Lines { lines: 452..=452 } in "./tmp2/27/init.rs"
verus failed with time: 58063ms, reverting
commenting out line Lines { lines: 453..=453 } in "./tmp2/27/init.rs"
verus failed with time: 58736ms, reverting
commenting out line Lines { lines: 453..=453 } in "./tmp2/27/init.rs"
verus failed with time: 58594ms, reverting
commenting out line Lines { lines: 453..=453 } in "./tmp2/27/init.rs"
verus failed with time: 59097ms, reverting
commenting out line Lines { lines: 454..=454 } in "./tmp2/27/init.rs"
verus failed with time: 58877ms, reverting
commenting out line Lines { lines: 454..=454 } in "./tmp2/27/init.rs"
verus failed with time: 59372ms, reverting
commenting out line Lines { lines: 454..=454 } in "./tmp2/27/init.rs"
verus failed with time: 59244ms, reverting
commenting out line Lines { lines: 455..=455 } in "./tmp2/27/init.rs"
verus failed with time: 58600ms, reverting
commenting out line Lines { lines: 455..=455 } in "./tmp2/27/init.rs"
verus failed with time: 58926ms, reverting
commenting out line Lines { lines: 455..=455 } in "./tmp2/27/init.rs"
verus failed with time: 57595ms, reverting
commenting out line Lines { lines: 456..=456 } in "./tmp2/27/init.rs"
verus failed with time: 58394ms, reverting
commenting out line Lines { lines: 456..=456 } in "./tmp2/27/init.rs"
verus failed with time: 59215ms, reverting
commenting out line Lines { lines: 456..=456 } in "./tmp2/27/init.rs"
verus failed with time: 58670ms, reverting
commenting out line Lines { lines: 457..=457 } in "./tmp2/27/init.rs"
verus failed with time: 58502ms, reverting
commenting out line Lines { lines: 457..=457 } in "./tmp2/27/init.rs"
verus failed with time: 57710ms, reverting
commenting out line Lines { lines: 457..=457 } in "./tmp2/27/init.rs"
verus failed with time: 58577ms, reverting
commenting out line Lines { lines: 458..=458 } in "./tmp2/27/init.rs"
verus failed with time: 58910ms, reverting
commenting out line Lines { lines: 458..=458 } in "./tmp2/27/init.rs"
verus failed with time: 58391ms, reverting
commenting out line Lines { lines: 458..=458 } in "./tmp2/27/init.rs"
verus failed with time: 59501ms, reverting
commenting out line Lines { lines: 459..=459 } in "./tmp2/27/init.rs"
verus failed with time: 58579ms, reverting
commenting out line Lines { lines: 459..=459 } in "./tmp2/27/init.rs"
verus failed with time: 58521ms, reverting
commenting out line Lines { lines: 459..=459 } in "./tmp2/27/init.rs"
verus failed with time: 58987ms, reverting
commenting out line Lines { lines: 460..=460 } in "./tmp2/27/init.rs"
verus failed with time: 59242ms, reverting
commenting out line Lines { lines: 460..=460 } in "./tmp2/27/init.rs"
verus failed with time: 58433ms, reverting
commenting out line Lines { lines: 460..=460 } in "./tmp2/27/init.rs"
verus failed with time: 57943ms, reverting
commenting out line Lines { lines: 461..=461 } in "./tmp2/27/init.rs"
verus failed with time: 58211ms, reverting
commenting out line Lines { lines: 461..=461 } in "./tmp2/27/init.rs"
verus failed with time: 59112ms, reverting
commenting out line Lines { lines: 461..=461 } in "./tmp2/27/init.rs"
verus failed with time: 58425ms, reverting
commenting out line Lines { lines: 462..=462 } in "./tmp2/27/init.rs"
verus failed with time: 59101ms, reverting
commenting out line Lines { lines: 462..=462 } in "./tmp2/27/init.rs"
verus failed with time: 59005ms, reverting
commenting out line Lines { lines: 462..=462 } in "./tmp2/27/init.rs"
verus failed with time: 58540ms, reverting
commenting out line Lines { lines: 463..=463 } in "./tmp2/27/init.rs"
verus failed with time: 58824ms, reverting
commenting out line Lines { lines: 463..=463 } in "./tmp2/27/init.rs"
verus failed with time: 59117ms, reverting
commenting out line Lines { lines: 463..=463 } in "./tmp2/27/init.rs"
verus failed with time: 58969ms, reverting
commenting out line Lines { lines: 464..=464 } in "./tmp2/27/init.rs"
verus failed with time: 58981ms, reverting
commenting out line Lines { lines: 464..=464 } in "./tmp2/27/init.rs"
verus failed with time: 58736ms, reverting
commenting out line Lines { lines: 464..=464 } in "./tmp2/27/init.rs"
verus failed with time: 58699ms, reverting
commenting out line Lines { lines: 465..=465 } in "./tmp2/27/init.rs"
verus failed with time: 58329ms, reverting
commenting out line Lines { lines: 465..=465 } in "./tmp2/27/init.rs"
verus failed with time: 58497ms, reverting
commenting out line Lines { lines: 465..=465 } in "./tmp2/27/init.rs"
verus failed with time: 58020ms, reverting
commenting out line Lines { lines: 466..=466 } in "./tmp2/27/init.rs"
verus failed with time: 58885ms, reverting
commenting out line Lines { lines: 466..=466 } in "./tmp2/27/init.rs"
verus failed with time: 58829ms, reverting
commenting out line Lines { lines: 466..=466 } in "./tmp2/27/init.rs"
verus failed with time: 59068ms, reverting
commenting out line Lines { lines: 467..=467 } in "./tmp2/27/init.rs"
verus failed with time: 58240ms, reverting
commenting out line Lines { lines: 467..=467 } in "./tmp2/27/init.rs"
verus failed with time: 59153ms, reverting
commenting out line Lines { lines: 467..=467 } in "./tmp2/27/init.rs"
verus failed with time: 58703ms, reverting
commenting out line Lines { lines: 468..=468 } in "./tmp2/27/init.rs"
verus failed with time: 58511ms, reverting
commenting out line Lines { lines: 468..=468 } in "./tmp2/27/init.rs"
verus failed with time: 58431ms, reverting
commenting out line Lines { lines: 468..=468 } in "./tmp2/27/init.rs"
verus failed with time: 58521ms, reverting
commenting out line Lines { lines: 469..=469 } in "./tmp2/27/init.rs"
verus failed with time: 58874ms, reverting
commenting out line Lines { lines: 469..=469 } in "./tmp2/27/init.rs"
verus failed with time: 58801ms, reverting
commenting out line Lines { lines: 469..=469 } in "./tmp2/27/init.rs"
verus failed with time: 58887ms, reverting
commenting out line Lines { lines: 470..=470 } in "./tmp2/27/init.rs"
verus failed with time: 58464ms, reverting
commenting out line Lines { lines: 470..=470 } in "./tmp2/27/init.rs"
verus failed with time: 58550ms, reverting
commenting out line Lines { lines: 470..=470 } in "./tmp2/27/init.rs"
verus failed with time: 59324ms, reverting
commenting out line Lines { lines: 471..=471 } in "./tmp2/27/init.rs"
verus failed with time: 57667ms, reverting
commenting out line Lines { lines: 471..=471 } in "./tmp2/27/init.rs"
verus failed with time: 58404ms, reverting
commenting out line Lines { lines: 471..=471 } in "./tmp2/27/init.rs"
verus failed with time: 58892ms, reverting
commenting out line Lines { lines: 472..=472 } in "./tmp2/27/init.rs"
verus failed with time: 58471ms, reverting
commenting out line Lines { lines: 472..=472 } in "./tmp2/27/init.rs"
verus failed with time: 58070ms, reverting
commenting out line Lines { lines: 472..=472 } in "./tmp2/27/init.rs"
verus failed with time: 58972ms, reverting
commenting out line Lines { lines: 473..=473 } in "./tmp2/27/init.rs"
verus succeeded with time: 62499ms, keeping it commented out
commenting out line Lines { lines: 473..=473 } in "./tmp2/27/init.rs"
verus succeeded with time: 62242ms, keeping it commented out
commenting out line Lines { lines: 473..=473 } in "./tmp2/27/init.rs"
verus succeeded with time: 61774ms, keeping it commented out
commenting out line Lines { lines: 474..=474 } in "./tmp2/27/init.rs"
verus succeeded with time: 61911ms, keeping it commented out
commenting out line Lines { lines: 395..=476 } in "./tmp2/27/init.rs"
verus failed with time: 1758847ms, reverting
commenting out line Lines { lines: 725..=725 } in "./tmp2/27/init.rs"
verus succeeded with time: 61977ms, keeping it commented out
commenting out line Lines { lines: 726..=726 } in "./tmp2/27/init.rs"
verus succeeded with time: 61565ms, keeping it commented out
commenting out line Lines { lines: 727..=727 } in "./tmp2/27/init.rs"
verus succeeded with time: 63882ms, keeping it commented out
commenting out line Lines { lines: 728..=728 } in "./tmp2/27/init.rs"
verus succeeded with time: 62467ms, keeping it commented out
commenting out line Lines { lines: 731..=731 } in "./tmp2/27/init.rs"
verus succeeded with time: 61588ms, keeping it commented out
commenting out line Lines { lines: 734..=734 } in "./tmp2/27/init.rs"
verus succeeded with time: 66159ms, keeping it commented out
minimization of ./tmp2/27/init.rs is completed
611814.63user 11467.18system 12:31:13elapsed 1382%CPU (0avgtext+0avgdata 1055340maxresident)k
320inputs+643408outputs (8100major+4129867793minor)pagefaults 0swaps
